USE [FreshFoodDB]
GO
/****** Object:  Table [dbo].[AdminAuditLogs]    Script Date: 4/25/2026 7:47:11 AM ******/
SET ANSI_NULLS ON
GO
SET QUOTED_IDENTIFIER ON
GO
CREATE TABLE [dbo].[AdminAuditLogs](
	[AdminAuditLogID] [bigint] IDENTITY(1,1) NOT NULL,
	[ActorUserID] [int] NULL,
	[ActorEmail] [nvarchar](320) NULL,
	[ActorRole] [nvarchar](50) NULL,
	[Action] [nvarchar](80) NOT NULL,
	[EntityType] [nvarchar](80) NOT NULL,
	[EntityId] [nvarchar](80) NULL,
	[Summary] [nvarchar](500) NULL,
	[DataJson] [nvarchar](max) NULL,
	[IpAddress] [nvarchar](80) NULL,
	[UserAgent] [nvarchar](500) NULL,
	[CreatedAt] [datetime2](7) NOT NULL,
PRIMARY KEY CLUSTERED 
(
	[AdminAuditLogID] ASC
)WITH (PAD_INDEX = OFF, STATISTICS_NORECOMPUTE = OFF, IGNORE_DUP_KEY = OFF, ALLOW_ROW_LOCKS = ON, ALLOW_PAGE_LOCKS = ON, OPTIMIZE_FOR_SEQUENTIAL_KEY = OFF) ON [PRIMARY]
) ON [PRIMARY] TEXTIMAGE_ON [PRIMARY]
GO
/****** Object:  Table [dbo].[BlogComments]    Script Date: 4/25/2026 7:47:11 AM ******/
SET ANSI_NULLS ON
GO
SET QUOTED_IDENTIFIER ON
GO
CREATE TABLE [dbo].[BlogComments](
	[BlogCommentID] [int] IDENTITY(1,1) NOT NULL,
	[BlogPostID] [int] NOT NULL,
	[Content] [nvarchar](2000) NOT NULL,
	[CreatedAt] [datetime2](7) NOT NULL,
	[UserID] [int] NULL,
	[ParentCommentID] [int] NULL,
PRIMARY KEY CLUSTERED 
(
	[BlogCommentID] ASC
)WITH (PAD_INDEX = OFF, STATISTICS_NORECOMPUTE = OFF, IGNORE_DUP_KEY = OFF, ALLOW_ROW_LOCKS = ON, ALLOW_PAGE_LOCKS = ON, OPTIMIZE_FOR_SEQUENTIAL_KEY = OFF) ON [PRIMARY]
) ON [PRIMARY]
GO
/****** Object:  Table [dbo].[BlogPosts]    Script Date: 4/25/2026 7:47:11 AM ******/
SET ANSI_NULLS ON
GO
SET QUOTED_IDENTIFIER ON
GO
CREATE TABLE [dbo].[BlogPosts](
	[BlogPostID] [int] IDENTITY(1,1) NOT NULL,
	[Title] [nvarchar](200) NOT NULL,
	[Slug] [nvarchar](220) NOT NULL,
	[Excerpt] [nvarchar](500) NULL,
	[Content] [nvarchar](max) NOT NULL,
	[CoverImageUrl] [nvarchar](1000) NULL,
	[IsPublished] [bit] NOT NULL,
	[PublishedAt] [datetime2](7) NULL,
	[CreatedAt] [datetime2](7) NOT NULL,
	[UpdatedAt] [datetime2](7) NULL,
	[ViewCount] [int] NOT NULL,
PRIMARY KEY CLUSTERED 
(
	[BlogPostID] ASC
)WITH (PAD_INDEX = OFF, STATISTICS_NORECOMPUTE = OFF, IGNORE_DUP_KEY = OFF, ALLOW_ROW_LOCKS = ON, ALLOW_PAGE_LOCKS = ON, OPTIMIZE_FOR_SEQUENTIAL_KEY = OFF) ON [PRIMARY]
) ON [PRIMARY] TEXTIMAGE_ON [PRIMARY]
GO
/****** Object:  Table [dbo].[CartItems]    Script Date: 4/25/2026 7:47:11 AM ******/
SET ANSI_NULLS ON
GO
SET QUOTED_IDENTIFIER ON
GO
CREATE TABLE [dbo].[CartItems](
	[CartItemID] [int] IDENTITY(1,1) NOT NULL,
	[CartID] [int] NOT NULL,
	[ProductID] [int] NOT NULL,
	[Quantity] [int] NOT NULL,
PRIMARY KEY CLUSTERED 
(
	[CartItemID] ASC
)WITH (PAD_INDEX = OFF, STATISTICS_NORECOMPUTE = OFF, IGNORE_DUP_KEY = OFF, ALLOW_ROW_LOCKS = ON, ALLOW_PAGE_LOCKS = ON, OPTIMIZE_FOR_SEQUENTIAL_KEY = OFF) ON [PRIMARY]
) ON [PRIMARY]
GO
/****** Object:  Table [dbo].[Carts]    Script Date: 4/25/2026 7:47:11 AM ******/
SET ANSI_NULLS ON
GO
SET QUOTED_IDENTIFIER ON
GO
CREATE TABLE [dbo].[Carts](
	[CartID] [int] IDENTITY(1,1) NOT NULL,
	[UserID] [int] NULL,
	[CreatedAt] [datetime] NULL,
	[UpdatedAt] [datetime] NULL,
PRIMARY KEY CLUSTERED 
(
	[CartID] ASC
)WITH (PAD_INDEX = OFF, STATISTICS_NORECOMPUTE = OFF, IGNORE_DUP_KEY = OFF, ALLOW_ROW_LOCKS = ON, ALLOW_PAGE_LOCKS = ON, OPTIMIZE_FOR_SEQUENTIAL_KEY = OFF) ON [PRIMARY]
) ON [PRIMARY]
GO
/****** Object:  Table [dbo].[Categories]    Script Date: 4/25/2026 7:47:11 AM ******/
SET ANSI_NULLS ON
GO
SET QUOTED_IDENTIFIER ON
GO
CREATE TABLE [dbo].[Categories](
	[CategoryID] [int] IDENTITY(1,1) NOT NULL,
	[CategoryName] [nvarchar](100) NOT NULL,
	[Description] [nvarchar](500) NULL,
PRIMARY KEY CLUSTERED 
(
	[CategoryID] ASC
)WITH (PAD_INDEX = OFF, STATISTICS_NORECOMPUTE = OFF, IGNORE_DUP_KEY = OFF, ALLOW_ROW_LOCKS = ON, ALLOW_PAGE_LOCKS = ON, OPTIMIZE_FOR_SEQUENTIAL_KEY = OFF) ON [PRIMARY]
) ON [PRIMARY]
GO
/****** Object:  Table [dbo].[ContactMessages]    Script Date: 4/25/2026 7:47:11 AM ******/
SET ANSI_NULLS ON
GO
SET QUOTED_IDENTIFIER ON
GO
CREATE TABLE [dbo].[ContactMessages](
	[ContactMessageID] [int] IDENTITY(1,1) NOT NULL,
	[Name] [nvarchar](200) NOT NULL,
	[Email] [nvarchar](320) NOT NULL,
	[Subject] [nvarchar](300) NOT NULL,
	[Message] [nvarchar](max) NOT NULL,
	[CreatedAt] [datetime2](7) NOT NULL,
	[Status] [nvarchar](20) NOT NULL,
	[IsUrgent] [bit] NOT NULL,
PRIMARY KEY CLUSTERED 
(
	[ContactMessageID] ASC
)WITH (PAD_INDEX = OFF, STATISTICS_NORECOMPUTE = OFF, IGNORE_DUP_KEY = OFF, ALLOW_ROW_LOCKS = ON, ALLOW_PAGE_LOCKS = ON, OPTIMIZE_FOR_SEQUENTIAL_KEY = OFF) ON [PRIMARY]
) ON [PRIMARY] TEXTIMAGE_ON [PRIMARY]
GO
/****** Object:  Table [dbo].[HomePageSettings]    Script Date: 4/25/2026 7:47:11 AM ******/
SET ANSI_NULLS ON
GO
SET QUOTED_IDENTIFIER ON
GO
CREATE TABLE [dbo].[HomePageSettings](
	[Id] [int] NOT NULL,
	[SettingsJson] [nvarchar](max) NOT NULL,
	[UpdatedAt] [datetime2](7) NOT NULL,
 CONSTRAINT [PK_HomePageSettings] PRIMARY KEY CLUSTERED 
(
	[Id] ASC
)WITH (PAD_INDEX = OFF, STATISTICS_NORECOMPUTE = OFF, IGNORE_DUP_KEY = OFF, ALLOW_ROW_LOCKS = ON, ALLOW_PAGE_LOCKS = ON, OPTIMIZE_FOR_SEQUENTIAL_KEY = OFF) ON [PRIMARY]
) ON [PRIMARY] TEXTIMAGE_ON [PRIMARY]
GO
/****** Object:  Table [dbo].[InventoryHistory]    Script Date: 4/25/2026 7:47:11 AM ******/
SET ANSI_NULLS ON
GO
SET QUOTED_IDENTIFIER ON
GO
CREATE TABLE [dbo].[InventoryHistory](
	[LogID] [int] IDENTITY(1,1) NOT NULL,
	[ProductID] [int] NOT NULL,
	[ChangeQuantity] [int] NOT NULL,
	[ChangeType] [nvarchar](50) NULL,
	[LogDate] [datetime] NULL,
	[Note] [nvarchar](500) NULL,
PRIMARY KEY CLUSTERED 
(
	[LogID] ASC
)WITH (PAD_INDEX = OFF, STATISTICS_NORECOMPUTE = OFF, IGNORE_DUP_KEY = OFF, ALLOW_ROW_LOCKS = ON, ALLOW_PAGE_LOCKS = ON, OPTIMIZE_FOR_SEQUENTIAL_KEY = OFF) ON [PRIMARY]
) ON [PRIMARY]
GO
/****** Object:  Table [dbo].[OrderDetails]    Script Date: 4/25/2026 7:47:11 AM ******/
SET ANSI_NULLS ON
GO
SET QUOTED_IDENTIFIER ON
GO
CREATE TABLE [dbo].[OrderDetails](
	[OrderDetailID] [int] IDENTITY(1,1) NOT NULL,
	[OrderID] [int] NOT NULL,
	[ProductID] [int] NOT NULL,
	[Quantity] [int] NOT NULL,
	[UnitPrice] [decimal](18, 2) NOT NULL,
PRIMARY KEY CLUSTERED 
(
	[OrderDetailID] ASC
)WITH (PAD_INDEX = OFF, STATISTICS_NORECOMPUTE = OFF, IGNORE_DUP_KEY = OFF, ALLOW_ROW_LOCKS = ON, ALLOW_PAGE_LOCKS = ON, OPTIMIZE_FOR_SEQUENTIAL_KEY = OFF) ON [PRIMARY]
) ON [PRIMARY]
GO
/****** Object:  Table [dbo].[Orders]    Script Date: 4/25/2026 7:47:11 AM ******/
SET ANSI_NULLS ON
GO
SET QUOTED_IDENTIFIER ON
GO
CREATE TABLE [dbo].[Orders](
	[OrderID] [int] IDENTITY(1,1) NOT NULL,
	[UserID] [int] NOT NULL,
	[OrderDate] [datetime] NULL,
	[TotalAmount] [decimal](18, 2) NOT NULL,
	[ShippingAddress] [nvarchar](500) NOT NULL,
	[ShippingMethodID] [int] NULL,
	[VoucherID] [int] NULL,
	[Status] [nvarchar](50) NULL,
	[OrderCode] [nvarchar](30) NULL,
PRIMARY KEY CLUSTERED 
(
	[OrderID] ASC
)WITH (PAD_INDEX = OFF, STATISTICS_NORECOMPUTE = OFF, IGNORE_DUP_KEY = OFF, ALLOW_ROW_LOCKS = ON, ALLOW_PAGE_LOCKS = ON, OPTIMIZE_FOR_SEQUENTIAL_KEY = OFF) ON [PRIMARY]
) ON [PRIMARY]
GO
/****** Object:  Table [dbo].[PasswordResetTokens]    Script Date: 4/25/2026 7:47:11 AM ******/
SET ANSI_NULLS ON
GO
SET QUOTED_IDENTIFIER ON
GO
CREATE TABLE [dbo].[PasswordResetTokens](
	[PasswordResetTokenID] [int] IDENTITY(1,1) NOT NULL,
	[UserID] [int] NOT NULL,
	[TokenHash] [nvarchar](128) NOT NULL,
	[Purpose] [nvarchar](64) NULL,
	[ExpiresAt] [datetime] NOT NULL,
	[CreatedAt] [datetime] NOT NULL,
	[UsedAt] [datetime] NULL,
PRIMARY KEY CLUSTERED 
(
	[PasswordResetTokenID] ASC
)WITH (PAD_INDEX = OFF, STATISTICS_NORECOMPUTE = OFF, IGNORE_DUP_KEY = OFF, ALLOW_ROW_LOCKS = ON, ALLOW_PAGE_LOCKS = ON, OPTIMIZE_FOR_SEQUENTIAL_KEY = OFF) ON [PRIMARY]
) ON [PRIMARY]
GO
/****** Object:  Table [dbo].[Payments]    Script Date: 4/25/2026 7:47:11 AM ******/
SET ANSI_NULLS ON
GO
SET QUOTED_IDENTIFIER ON
GO
CREATE TABLE [dbo].[Payments](
	[PaymentID] [int] IDENTITY(1,1) NOT NULL,
	[OrderID] [int] NOT NULL,
	[PaymentDate] [datetime] NULL,
	[PaymentMethod] [nvarchar](50) NULL,
	[Amount] [decimal](18, 2) NOT NULL,
	[Status] [nvarchar](50) NULL,
PRIMARY KEY CLUSTERED 
(
	[PaymentID] ASC
)WITH (PAD_INDEX = OFF, STATISTICS_NORECOMPUTE = OFF, IGNORE_DUP_KEY = OFF, ALLOW_ROW_LOCKS = ON, ALLOW_PAGE_LOCKS = ON, OPTIMIZE_FOR_SEQUENTIAL_KEY = OFF) ON [PRIMARY]
) ON [PRIMARY]
GO
/****** Object:  Table [dbo].[ProductImages]    Script Date: 4/25/2026 7:47:11 AM ******/
SET ANSI_NULLS ON
GO
SET QUOTED_IDENTIFIER ON
GO
CREATE TABLE [dbo].[ProductImages](
	[ImageID] [int] IDENTITY(1,1) NOT NULL,
	[ProductID] [int] NOT NULL,
	[ImageURL] [nvarchar](1000) NOT NULL,
	[IsMainImage] [bit] NULL,
PRIMARY KEY CLUSTERED 
(
	[ImageID] ASC
)WITH (PAD_INDEX = OFF, STATISTICS_NORECOMPUTE = OFF, IGNORE_DUP_KEY = OFF, ALLOW_ROW_LOCKS = ON, ALLOW_PAGE_LOCKS = ON, OPTIMIZE_FOR_SEQUENTIAL_KEY = OFF) ON [PRIMARY]
) ON [PRIMARY]
GO
/****** Object:  Table [dbo].[Products]    Script Date: 4/25/2026 7:47:11 AM ******/
SET ANSI_NULLS ON
GO
SET QUOTED_IDENTIFIER ON
GO
CREATE TABLE [dbo].[Products](
	[ProductID] [int] IDENTITY(1,1) NOT NULL,
	[ProductName] [nvarchar](200) NOT NULL,
	[CategoryID] [int] NULL,
	[SupplierID] [int] NULL,
	[Price] [decimal](18, 2) NOT NULL,
	[StockQuantity] [int] NOT NULL,
	[Unit] [nvarchar](50) NULL,
	[Description] [nvarchar](max) NULL,
	[CreatedAt] [datetime] NULL,
	[DiscountPrice] [decimal](18, 2) NULL,
	[Sku] [nvarchar](50) NULL,
	[ManufacturedDate] [datetime2](7) NULL,
	[ExpiryDate] [datetime2](7) NULL,
	[Origin] [nvarchar](500) NULL,
	[StorageInstructions] [nvarchar](2000) NULL,
	[Certifications] [nvarchar](500) NULL,
	[Status] [nvarchar](20) NOT NULL,
PRIMARY KEY CLUSTERED 
(
	[ProductID] ASC
)WITH (PAD_INDEX = OFF, STATISTICS_NORECOMPUTE = OFF, IGNORE_DUP_KEY = OFF, ALLOW_ROW_LOCKS = ON, ALLOW_PAGE_LOCKS = ON, OPTIMIZE_FOR_SEQUENTIAL_KEY = OFF) ON [PRIMARY]
) ON [PRIMARY] TEXTIMAGE_ON [PRIMARY]
GO
/****** Object:  Table [dbo].[ReturnRequestImages]    Script Date: 4/25/2026 7:47:11 AM ******/
SET ANSI_NULLS ON
GO
SET QUOTED_IDENTIFIER ON
GO
CREATE TABLE [dbo].[ReturnRequestImages](
	[ReturnRequestImageID] [int] IDENTITY(1,1) NOT NULL,
	[ReturnRequestID] [int] NOT NULL,
	[ImageUrl] [nvarchar](1000) NOT NULL,
PRIMARY KEY CLUSTERED 
(
	[ReturnRequestImageID] ASC
)WITH (PAD_INDEX = OFF, STATISTICS_NORECOMPUTE = OFF, IGNORE_DUP_KEY = OFF, ALLOW_ROW_LOCKS = ON, ALLOW_PAGE_LOCKS = ON, OPTIMIZE_FOR_SEQUENTIAL_KEY = OFF) ON [PRIMARY]
) ON [PRIMARY]
GO
/****** Object:  Table [dbo].[ReturnRequests]    Script Date: 4/25/2026 7:47:11 AM ******/
SET ANSI_NULLS ON
GO
SET QUOTED_IDENTIFIER ON
GO
CREATE TABLE [dbo].[ReturnRequests](
	[ReturnRequestID] [int] IDENTITY(1,1) NOT NULL,
	[OrderID] [int] NOT NULL,
	[UserID] [int] NOT NULL,
	[Status] [nvarchar](30) NOT NULL,
	[Reason] [nvarchar](2000) NOT NULL,
	[AdminNote] [nvarchar](2000) NULL,
	[CreatedAt] [datetime2](7) NOT NULL,
	[ReviewedAt] [datetime2](7) NULL,
	[VideoUrl] [nvarchar](1000) NULL,
	[RefundProofUrl] [nvarchar](1000) NULL,
	[RefundNote] [nvarchar](2000) NULL,
	[RequestType] [nvarchar](30) NOT NULL,
PRIMARY KEY CLUSTERED 
(
	[ReturnRequestID] ASC
)WITH (PAD_INDEX = OFF, STATISTICS_NORECOMPUTE = OFF, IGNORE_DUP_KEY = OFF, ALLOW_ROW_LOCKS = ON, ALLOW_PAGE_LOCKS = ON, OPTIMIZE_FOR_SEQUENTIAL_KEY = OFF) ON [PRIMARY]
) ON [PRIMARY]
GO
/****** Object:  Table [dbo].[ReviewImages]    Script Date: 4/25/2026 7:47:11 AM ******/
SET ANSI_NULLS ON
GO
SET QUOTED_IDENTIFIER ON
GO
CREATE TABLE [dbo].[ReviewImages](
	[ReviewImageID] [int] IDENTITY(1,1) NOT NULL,
	[ReviewID] [int] NOT NULL,
	[ImageUrl] [nvarchar](1000) NOT NULL,
	[SortOrder] [int] NOT NULL,
PRIMARY KEY CLUSTERED 
(
	[ReviewImageID] ASC
)WITH (PAD_INDEX = OFF, STATISTICS_NORECOMPUTE = OFF, IGNORE_DUP_KEY = OFF, ALLOW_ROW_LOCKS = ON, ALLOW_PAGE_LOCKS = ON, OPTIMIZE_FOR_SEQUENTIAL_KEY = OFF) ON [PRIMARY]
) ON [PRIMARY]
GO
/****** Object:  Table [dbo].[Reviews]    Script Date: 4/25/2026 7:47:11 AM ******/
SET ANSI_NULLS ON
GO
SET QUOTED_IDENTIFIER ON
GO
CREATE TABLE [dbo].[Reviews](
	[ReviewID] [int] IDENTITY(1,1) NOT NULL,
	[ProductID] [int] NOT NULL,
	[UserID] [int] NOT NULL,
	[Rating] [int] NULL,
	[Comment] [nvarchar](max) NULL,
	[ReviewDate] [datetime] NULL,
	[ModerationStatus] [nvarchar](20) NOT NULL,
	[ModeratedAt] [datetime2](7) NULL,
	[ModerationNote] [nvarchar](500) NULL,
	[AdminReply] [nvarchar](2000) NULL,
	[RepliedAt] [datetime2](7) NULL,
	[IsDeleted] [bit] NOT NULL,
	[DeletedAt] [datetime2](7) NULL,
PRIMARY KEY CLUSTERED 
(
	[ReviewID] ASC
)WITH (PAD_INDEX = OFF, STATISTICS_NORECOMPUTE = OFF, IGNORE_DUP_KEY = OFF, ALLOW_ROW_LOCKS = ON, ALLOW_PAGE_LOCKS = ON, OPTIMIZE_FOR_SEQUENTIAL_KEY = OFF) ON [PRIMARY]
) ON [PRIMARY] TEXTIMAGE_ON [PRIMARY]
GO
/****** Object:  Table [dbo].[Shipments]    Script Date: 4/25/2026 7:47:11 AM ******/
SET ANSI_NULLS ON
GO
SET QUOTED_IDENTIFIER ON
GO
CREATE TABLE [dbo].[Shipments](
	[ShipmentID] [int] IDENTITY(1,1) NOT NULL,
	[OrderID] [int] NOT NULL,
	[TrackingNumber] [nvarchar](100) NULL,
	[Carrier] [nvarchar](100) NULL,
	[ShippedDate] [datetime] NULL,
	[EstimatedDeliveryDate] [datetime] NULL,
	[ActualDeliveryDate] [datetime] NULL,
	[Status] [nvarchar](50) NULL,
PRIMARY KEY CLUSTERED 
(
	[ShipmentID] ASC
)WITH (PAD_INDEX = OFF, STATISTICS_NORECOMPUTE = OFF, IGNORE_DUP_KEY = OFF, ALLOW_ROW_LOCKS = ON, ALLOW_PAGE_LOCKS = ON, OPTIMIZE_FOR_SEQUENTIAL_KEY = OFF) ON [PRIMARY]
) ON [PRIMARY]
GO
/****** Object:  Table [dbo].[ShippingMethods]    Script Date: 4/25/2026 7:47:11 AM ******/
SET ANSI_NULLS ON
GO
SET QUOTED_IDENTIFIER ON
GO
CREATE TABLE [dbo].[ShippingMethods](
	[MethodID] [int] IDENTITY(1,1) NOT NULL,
	[MethodName] [nvarchar](100) NOT NULL,
	[BaseCost] [decimal](18, 2) NULL,
	[EstimatedDays] [int] NULL,
PRIMARY KEY CLUSTERED 
(
	[MethodID] ASC
)WITH (PAD_INDEX = OFF, STATISTICS_NORECOMPUTE = OFF, IGNORE_DUP_KEY = OFF, ALLOW_ROW_LOCKS = ON, ALLOW_PAGE_LOCKS = ON, OPTIMIZE_FOR_SEQUENTIAL_KEY = OFF) ON [PRIMARY]
) ON [PRIMARY]
GO
/****** Object:  Table [dbo].[Suppliers]    Script Date: 4/25/2026 7:47:11 AM ******/
SET ANSI_NULLS ON
GO
SET QUOTED_IDENTIFIER ON
GO
CREATE TABLE [dbo].[Suppliers](
	[SupplierID] [int] IDENTITY(1,1) NOT NULL,
	[SupplierName] [nvarchar](200) NOT NULL,
	[ContactName] [nvarchar](100) NULL,
	[Phone] [nvarchar](20) NULL,
	[Email] [nvarchar](100) NULL,
	[Address] [nvarchar](500) NULL,
	[SupplierCode] [nvarchar](50) NULL,
	[ImageUrl] [nvarchar](1000) NULL,
	[Status] [nvarchar](20) NOT NULL,
	[IsVerified] [bit] NOT NULL,
	[CreatedAt] [datetime] NOT NULL,
PRIMARY KEY CLUSTERED 
(
	[SupplierID] ASC
)WITH (PAD_INDEX = OFF, STATISTICS_NORECOMPUTE = OFF, IGNORE_DUP_KEY = OFF, ALLOW_ROW_LOCKS = ON, ALLOW_PAGE_LOCKS = ON, OPTIMIZE_FOR_SEQUENTIAL_KEY = OFF) ON [PRIMARY]
) ON [PRIMARY]
GO
/****** Object:  Table [dbo].[UserAddresses]    Script Date: 4/25/2026 7:47:11 AM ******/
SET ANSI_NULLS ON
GO
SET QUOTED_IDENTIFIER ON
GO
CREATE TABLE [dbo].[UserAddresses](
	[UserAddressID] [int] IDENTITY(1,1) NOT NULL,
	[UserID] [int] NOT NULL,
	[Label] [nvarchar](60) NULL,
	[RecipientName] [nvarchar](100) NOT NULL,
	[Phone] [nvarchar](20) NULL,
	[AddressLine] [nvarchar](500) NOT NULL,
	[IsDefault] [bit] NOT NULL,
	[CreatedAt] [datetime2](7) NOT NULL,
PRIMARY KEY CLUSTERED 
(
	[UserAddressID] ASC
)WITH (PAD_INDEX = OFF, STATISTICS_NORECOMPUTE = OFF, IGNORE_DUP_KEY = OFF, ALLOW_ROW_LOCKS = ON, ALLOW_PAGE_LOCKS = ON, OPTIMIZE_FOR_SEQUENTIAL_KEY = OFF) ON [PRIMARY]
) ON [PRIMARY]
GO
/****** Object:  Table [dbo].[Users]    Script Date: 4/25/2026 7:47:11 AM ******/
SET ANSI_NULLS ON
GO
SET QUOTED_IDENTIFIER ON
GO
CREATE TABLE [dbo].[Users](
	[UserID] [int] IDENTITY(1,1) NOT NULL,
	[FullName] [nvarchar](100) NOT NULL,
	[Email] [nvarchar](100) NOT NULL,
	[PasswordHash] [nvarchar](max) NOT NULL,
	[Phone] [nvarchar](20) NULL,
	[Address] [nvarchar](500) NULL,
	[Role] [nvarchar](20) NULL,
	[CreatedAt] [datetime] NULL,
	[AvatarUrl] [nvarchar](1000) NULL,
	[IsLocked] [bit] NOT NULL,
	[IsGuestAccount] [bit] NOT NULL,
PRIMARY KEY CLUSTERED 
(
	[UserID] ASC
)WITH (PAD_INDEX = OFF, STATISTICS_NORECOMPUTE = OFF, IGNORE_DUP_KEY = OFF, ALLOW_ROW_LOCKS = ON, ALLOW_PAGE_LOCKS = ON, OPTIMIZE_FOR_SEQUENTIAL_KEY = OFF) ON [PRIMARY]
) ON [PRIMARY] TEXTIMAGE_ON [PRIMARY]
GO
/****** Object:  Table [dbo].[Vouchers]    Script Date: 4/25/2026 7:47:11 AM ******/
SET ANSI_NULLS ON
GO
SET QUOTED_IDENTIFIER ON
GO
CREATE TABLE [dbo].[Vouchers](
	[VoucherID] [int] IDENTITY(1,1) NOT NULL,
	[Code] [nvarchar](50) NOT NULL,
	[DiscountType] [nvarchar](20) NULL,
	[DiscountValue] [decimal](18, 2) NOT NULL,
	[MinOrderAmount] [decimal](18, 2) NULL,
	[ExpiryDate] [datetime] NULL,
	[IsActive] [bit] NULL,
PRIMARY KEY CLUSTERED 
(
	[VoucherID] ASC
)WITH (PAD_INDEX = OFF, STATISTICS_NORECOMPUTE = OFF, IGNORE_DUP_KEY = OFF, ALLOW_ROW_LOCKS = ON, ALLOW_PAGE_LOCKS = ON, OPTIMIZE_FOR_SEQUENTIAL_KEY = OFF) ON [PRIMARY]
) ON [PRIMARY]
GO
/****** Object:  Table [dbo].[VoucherUsages]    Script Date: 4/25/2026 7:47:11 AM ******/
SET ANSI_NULLS ON
GO
SET QUOTED_IDENTIFIER ON
GO
CREATE TABLE [dbo].[VoucherUsages](
	[VoucherUsageID] [int] IDENTITY(1,1) NOT NULL,
	[VoucherID] [int] NOT NULL,
	[UserID] [int] NOT NULL,
	[OrderID] [int] NULL,
	[UsedAt] [datetime] NULL,
PRIMARY KEY CLUSTERED 
(
	[VoucherUsageID] ASC
)WITH (PAD_INDEX = OFF, STATISTICS_NORECOMPUTE = OFF, IGNORE_DUP_KEY = OFF, ALLOW_ROW_LOCKS = ON, ALLOW_PAGE_LOCKS = ON, OPTIMIZE_FOR_SEQUENTIAL_KEY = OFF) ON [PRIMARY]
) ON [PRIMARY]
GO
/****** Object:  Table [dbo].[Wishlists]    Script Date: 4/25/2026 7:47:11 AM ******/
SET ANSI_NULLS ON
GO
SET QUOTED_IDENTIFIER ON
GO
CREATE TABLE [dbo].[Wishlists](
	[WishlistID] [int] IDENTITY(1,1) NOT NULL,
	[UserID] [int] NOT NULL,
	[ProductID] [int] NOT NULL,
	[AddedDate] [datetime] NULL,
PRIMARY KEY CLUSTERED 
(
	[WishlistID] ASC
)WITH (PAD_INDEX = OFF, STATISTICS_NORECOMPUTE = OFF, IGNORE_DUP_KEY = OFF, ALLOW_ROW_LOCKS = ON, ALLOW_PAGE_LOCKS = ON, OPTIMIZE_FOR_SEQUENTIAL_KEY = OFF) ON [PRIMARY]
) ON [PRIMARY]
GO
SET IDENTITY_INSERT [dbo].[AdminAuditLogs] ON 

INSERT [dbo].[AdminAuditLogs] ([AdminAuditLogID], [ActorUserID], [ActorEmail], [ActorRole], [Action], [EntityType], [EntityId], [Summary], [DataJson], [IpAddress], [UserAgent], [CreatedAt]) VALUES (1, 1, N'freshfood@gmail.com', N'Admin', N'products.update', N'Product', N'16', N'Updated product: Bắp Bò Hoa1', N'{"productId":16,"before":{"productName":"B\u1EAFp B\u00F2 Hoa","price":320000.00,"discountPrice":null,"stockQuantity":12,"status":"Active"},"after":{"productName":"B\u1EAFp B\u00F2 Hoa1","price":320000,"discountPrice":null,"stockQuantity":12,"status":"Active"}}', N'::1', N'Mozilla/5.0 (Windows NT 10.0; Win64; x64) AppleWebKit/537.36 (KHTML, like Gecko) Chrome/147.0.0.0 Safari/537.36 Edg/147.0.0.0', CAST(N'2026-04-16T09:14:21.8000542' AS DateTime2))
INSERT [dbo].[AdminAuditLogs] ([AdminAuditLogID], [ActorUserID], [ActorEmail], [ActorRole], [Action], [EntityType], [EntityId], [Summary], [DataJson], [IpAddress], [UserAgent], [CreatedAt]) VALUES (2, 1, N'freshfood@gmail.com', N'Admin', N'orders.update_status', N'Order', N'64', N'Order status: Processing -> Preparing', N'{"orderId":64,"from":"Processing","to":"Preparing"}', N'::1', N'Mozilla/5.0 (Windows NT 10.0; Win64; x64) AppleWebKit/537.36 (KHTML, like Gecko) Chrome/147.0.0.0 Safari/537.36 Edg/147.0.0.0', CAST(N'2026-04-16T09:15:20.4421589' AS DateTime2))
INSERT [dbo].[AdminAuditLogs] ([AdminAuditLogID], [ActorUserID], [ActorEmail], [ActorRole], [Action], [EntityType], [EntityId], [Summary], [DataJson], [IpAddress], [UserAgent], [CreatedAt]) VALUES (3, 1, N'freshfood@gmail.com', N'Admin', N'orders.update_status', N'Order', N'64', N'Order status: Preparing -> Shipping', N'{"orderId":64,"from":"Preparing","to":"Shipping"}', N'::1', N'Mozilla/5.0 (Windows NT 10.0; Win64; x64) AppleWebKit/537.36 (KHTML, like Gecko) Chrome/147.0.0.0 Safari/537.36 Edg/147.0.0.0', CAST(N'2026-04-16T09:15:23.9536341' AS DateTime2))
INSERT [dbo].[AdminAuditLogs] ([AdminAuditLogID], [ActorUserID], [ActorEmail], [ActorRole], [Action], [EntityType], [EntityId], [Summary], [DataJson], [IpAddress], [UserAgent], [CreatedAt]) VALUES (4, 1, N'freshfood@gmail.com', N'Admin', N'orders.update_status', N'Order', N'64', N'Order status: Shipping -> Delivered', N'{"orderId":64,"from":"Shipping","to":"Delivered"}', N'::1', N'Mozilla/5.0 (Windows NT 10.0; Win64; x64) AppleWebKit/537.36 (KHTML, like Gecko) Chrome/147.0.0.0 Safari/537.36 Edg/147.0.0.0', CAST(N'2026-04-16T09:15:43.6006860' AS DateTime2))
INSERT [dbo].[AdminAuditLogs] ([AdminAuditLogID], [ActorUserID], [ActorEmail], [ActorRole], [Action], [EntityType], [EntityId], [Summary], [DataJson], [IpAddress], [UserAgent], [CreatedAt]) VALUES (5, 1, N'freshfood@gmail.com', N'Admin', N'orders.update_status', N'Order', N'64', N'Order status: Completed -> Completed', N'{"orderId":64,"from":"Completed","to":"Completed"}', N'::1', N'Mozilla/5.0 (Windows NT 10.0; Win64; x64) AppleWebKit/537.36 (KHTML, like Gecko) Chrome/147.0.0.0 Safari/537.36 Edg/147.0.0.0', CAST(N'2026-04-16T09:17:16.2993192' AS DateTime2))
INSERT [dbo].[AdminAuditLogs] ([AdminAuditLogID], [ActorUserID], [ActorEmail], [ActorRole], [Action], [EntityType], [EntityId], [Summary], [DataJson], [IpAddress], [UserAgent], [CreatedAt]) VALUES (6, 1, N'freshfood@gmail.com', N'Admin', N'orders.update_status', N'Order', N'64', N'Order status: Completed -> Completed', N'{"orderId":64,"from":"Completed","to":"Completed"}', N'::1', N'Mozilla/5.0 (Windows NT 10.0; Win64; x64) AppleWebKit/537.36 (KHTML, like Gecko) Chrome/147.0.0.0 Safari/537.36 Edg/147.0.0.0', CAST(N'2026-04-16T09:17:17.7936606' AS DateTime2))
INSERT [dbo].[AdminAuditLogs] ([AdminAuditLogID], [ActorUserID], [ActorEmail], [ActorRole], [Action], [EntityType], [EntityId], [Summary], [DataJson], [IpAddress], [UserAgent], [CreatedAt]) VALUES (7, 1, N'freshfood@gmail.com', N'Admin', N'orders.update_status', N'Order', N'64', N'Order status: Completed -> Completed', N'{"orderId":64,"from":"Completed","to":"Completed"}', N'::1', N'Mozilla/5.0 (Windows NT 10.0; Win64; x64) AppleWebKit/537.36 (KHTML, like Gecko) Chrome/147.0.0.0 Safari/537.36 Edg/147.0.0.0', CAST(N'2026-04-16T09:17:20.8313104' AS DateTime2))
INSERT [dbo].[AdminAuditLogs] ([AdminAuditLogID], [ActorUserID], [ActorEmail], [ActorRole], [Action], [EntityType], [EntityId], [Summary], [DataJson], [IpAddress], [UserAgent], [CreatedAt]) VALUES (8, 1, N'freshfood@gmail.com', N'Admin', N'orders.update_status', N'Order', N'64', N'Order status: Completed -> Completed', N'{"orderId":64,"from":"Completed","to":"Completed"}', N'::1', N'Mozilla/5.0 (Windows NT 10.0; Win64; x64) AppleWebKit/537.36 (KHTML, like Gecko) Chrome/147.0.0.0 Safari/537.36 Edg/147.0.0.0', CAST(N'2026-04-16T09:17:21.0627386' AS DateTime2))
INSERT [dbo].[AdminAuditLogs] ([AdminAuditLogID], [ActorUserID], [ActorEmail], [ActorRole], [Action], [EntityType], [EntityId], [Summary], [DataJson], [IpAddress], [UserAgent], [CreatedAt]) VALUES (9, 1, N'freshfood@gmail.com', N'Admin', N'orders.update_status', N'Order', N'64', N'Order status: Completed -> Completed', N'{"orderId":64,"from":"Completed","to":"Completed"}', N'::1', N'Mozilla/5.0 (Windows NT 10.0; Win64; x64) AppleWebKit/537.36 (KHTML, like Gecko) Chrome/147.0.0.0 Safari/537.36 Edg/147.0.0.0', CAST(N'2026-04-16T09:17:21.2841535' AS DateTime2))
INSERT [dbo].[AdminAuditLogs] ([AdminAuditLogID], [ActorUserID], [ActorEmail], [ActorRole], [Action], [EntityType], [EntityId], [Summary], [DataJson], [IpAddress], [UserAgent], [CreatedAt]) VALUES (10, 1, N'freshfood@gmail.com', N'Admin', N'orders.update_status', N'Order', N'64', N'Order status: Completed -> Completed', N'{"orderId":64,"from":"Completed","to":"Completed"}', N'::1', N'Mozilla/5.0 (Windows NT 10.0; Win64; x64) AppleWebKit/537.36 (KHTML, like Gecko) Chrome/147.0.0.0 Safari/537.36 Edg/147.0.0.0', CAST(N'2026-04-16T09:17:21.4679481' AS DateTime2))
INSERT [dbo].[AdminAuditLogs] ([AdminAuditLogID], [ActorUserID], [ActorEmail], [ActorRole], [Action], [EntityType], [EntityId], [Summary], [DataJson], [IpAddress], [UserAgent], [CreatedAt]) VALUES (11, 1, N'freshfood@gmail.com', N'Admin', N'orders.update_status', N'Order', N'64', N'Order status: Completed -> Completed', N'{"orderId":64,"from":"Completed","to":"Completed"}', N'::1', N'Mozilla/5.0 (Windows NT 10.0; Win64; x64) AppleWebKit/537.36 (KHTML, like Gecko) Chrome/147.0.0.0 Safari/537.36 Edg/147.0.0.0', CAST(N'2026-04-16T09:17:21.6357811' AS DateTime2))
INSERT [dbo].[AdminAuditLogs] ([AdminAuditLogID], [ActorUserID], [ActorEmail], [ActorRole], [Action], [EntityType], [EntityId], [Summary], [DataJson], [IpAddress], [UserAgent], [CreatedAt]) VALUES (12, 1, N'freshfood@gmail.com', N'Admin', N'home.update_settings', N'HomePageSettings', N'1', N'Updated homepage settings', N'{"deletedAssets":[],"hero":{"title":"Th\u1EF1c ph\u1EA9m s\u1EA1ch cho","subtitle":"Mang tinh hoa c\u1EE7a \u0111\u1EA5t m\u1EB9 \u0111\u1EBFn b\u00E0n \u0103n gia \u0111\u00ECnh b\u1EA1n. Ch\u00FAng t\u00F4i cam k\u1EBFt 100% h\u1EEFu c\u01A1,\n              t\u01B0\u01A1i m\u1EDBi v\u00E0 canh t\u00E1c b\u1EC1n v\u1EEFng.","imageUrl":"/home-assets/f9be5c7895e7407ba9224ba124e4bef7.png"},"roots":{"subheading":"OUR ROOTS","title":"L\u1EDBn l\u00EAn v\u1EDBi ni\u1EC1m \u0111am m\u00EA,\u0111\u01B0\u1EE3c truy\u1EC1n t\u1EA3i b\u1EB1ng tr\u00E1i tim.","imageUrl":"https://lh3.googleusercontent.com/aida-public/AB6AXuDsj_dBOI4I0rXNR9uejFIaPEYVYQLiGunw26FXWSFWv8bh-uXHvGgsQsg_XTphaN30FjcrZ-zZvN1zLeAy9-L0P21Vb5NEEbJZ-udrnGjuUD8oXHa4P3CgVcJ44tFQXwszRhO4rqxV3sGWuBfqtJ7aAcKYwZpFTiIEiEn6Q0bK0gDvCvPdtucaAkTpSSL_YANkAVAhLYv5EFW-rtmR0wFVAIEamv0iDUPhzmDHsk6HgLEDPQgOGkgMEv47w-wVzGBjlAicFc822N8"},"seasonal":{"heading":"B\u1ED9 s\u01B0u t\u1EADp theo m\u00F9a","subheading":"\u0110\u00F3n m\u00F9a v\u1EE5 t\u01B0\u01A1i ngon nh\u1EA5t trong n\u0103m. Kh\u00E1m ph\u00E1 nh\u1EEFng b\u1ED9 s\u01B0u t\u1EADp \u0111\u01B0\u1EE3c\n              tuy\u1EC3n ch\u1ECDn theo m\u00F9a v\u1EE5 hi\u1EC7n t\u1EA1i.","cards":[{"title":"The Spring Greens","imageUrl":"https://images.pexels.com/photos/60597/dahlia-red-blossom-bloom-60597.jpeg"},{"title":"Earthy Roots","imageUrl":"https://images.pexels.com/photos/1301856/pexels-photo-1301856.jpeg"},{"title":"Sun-Kissed Fruits","imageUrl":"https://images.pexels.com/photos/1132047/pexels-photo-1132047.jpeg"}]}}', N'::1', N'Mozilla/5.0 (Windows NT 10.0; Win64; x64) AppleWebKit/537.36 (KHTML, like Gecko) Chrome/147.0.0.0 Safari/537.36 Edg/147.0.0.0', CAST(N'2026-04-21T06:42:29.5569887' AS DateTime2))
INSERT [dbo].[AdminAuditLogs] ([AdminAuditLogID], [ActorUserID], [ActorEmail], [ActorRole], [Action], [EntityType], [EntityId], [Summary], [DataJson], [IpAddress], [UserAgent], [CreatedAt]) VALUES (13, 1, N'freshfood@gmail.com', N'Admin', N'home.update_settings', N'HomePageSettings', N'1', N'Updated homepage settings', N'{"deletedAssets":[],"hero":{"title":"Th\u1EF1c ph\u1EA9m s\u1EA1ch cho","subtitle":"Mang tinh hoa c\u1EE7a \u0111\u1EA5t m\u1EB9 \u0111\u1EBFn b\u00E0n \u0103n gia \u0111\u00ECnh b\u1EA1n. Ch\u00FAng t\u00F4i cam k\u1EBFt 100% h\u1EEFu c\u01A1, t\u01B0\u01A1i m\u1EDBi v\u00E0 canh t\u00E1c b\u1EC1n v\u1EEFng.","imageUrl":"/home-assets/f9be5c7895e7407ba9224ba124e4bef7.png"},"roots":{"subheading":"OUR ROOTS","title":"L\u1EDBn l\u00EAn v\u1EDBi ni\u1EC1m \u0111am m\u00EA,\u0111\u01B0\u1EE3c truy\u1EC1n t\u1EA3i b\u1EB1ng tr\u00E1i tim.","imageUrl":"https://lh3.googleusercontent.com/aida-public/AB6AXuDsj_dBOI4I0rXNR9uejFIaPEYVYQLiGunw26FXWSFWv8bh-uXHvGgsQsg_XTphaN30FjcrZ-zZvN1zLeAy9-L0P21Vb5NEEbJZ-udrnGjuUD8oXHa4P3CgVcJ44tFQXwszRhO4rqxV3sGWuBfqtJ7aAcKYwZpFTiIEiEn6Q0bK0gDvCvPdtucaAkTpSSL_YANkAVAhLYv5EFW-rtmR0wFVAIEamv0iDUPhzmDHsk6HgLEDPQgOGkgMEv47w-wVzGBjlAicFc822N8"},"seasonal":{"heading":"B\u1ED9 s\u01B0u t\u1EADp theo m\u00F9a","subheading":"\u0110\u00F3n m\u00F9a v\u1EE5 t\u01B0\u01A1i ngon nh\u1EA5t trong n\u0103m. Kh\u00E1m ph\u00E1 nh\u1EEFng b\u1ED9 s\u01B0u t\u1EADp \u0111\u01B0\u1EE3c\n              tuy\u1EC3n ch\u1ECDn theo m\u00F9a v\u1EE5 hi\u1EC7n t\u1EA1i.","cards":[{"title":"The Spring Greens","imageUrl":"https://images.pexels.com/photos/60597/dahlia-red-blossom-bloom-60597.jpeg"},{"title":"Earthy Roots","imageUrl":"https://images.pexels.com/photos/1301856/pexels-photo-1301856.jpeg"},{"title":"Sun-Kissed Fruits","imageUrl":"https://images.pexels.com/photos/1132047/pexels-photo-1132047.jpeg"}]}}', N'::1', N'Mozilla/5.0 (Windows NT 10.0; Win64; x64) AppleWebKit/537.36 (KHTML, like Gecko) Chrome/147.0.0.0 Safari/537.36 Edg/147.0.0.0', CAST(N'2026-04-21T06:52:32.5932979' AS DateTime2))
INSERT [dbo].[AdminAuditLogs] ([AdminAuditLogID], [ActorUserID], [ActorEmail], [ActorRole], [Action], [EntityType], [EntityId], [Summary], [DataJson], [IpAddress], [UserAgent], [CreatedAt]) VALUES (14, 1, N'freshfood@gmail.com', N'Admin', N'home.update_settings', N'HomePageSettings', N'1', N'Updated homepage settings', N'{"deletedAssets":[],"hero":{"title":"Th\u1EF1c ph\u1EA9m s\u1EA1ch cho","subtitle":"Mang tinh hoa c\u1EE7a \u0111\u1EA5t m\u1EB9 \u0111\u1EBFn b\u00E0n \u0103n gia \u0111\u00ECnh b\u1EA1n. Ch\u00FAng t\u00F4i cam k\u1EBFt 100% h\u1EEFu c\u01A1, t\u01B0\u01A1i m\u1EDBi v\u00E0 canh t\u00E1c b\u1EC1n v\u1EEFng.","imageUrl":"/home-assets/f9be5c7895e7407ba9224ba124e4bef7.png"},"roots":{"subheading":"OUR ROOTS","title":"L\u1EDBn l\u00EAn v\u1EDBi ni\u1EC1m \u0111am m\u00EA,\u0111\u01B0\u1EE3c truy\u1EC1n t\u1EA3i b\u1EB1ng tr\u00E1i tim.","imageUrl":"https://lh3.googleusercontent.com/aida-public/AB6AXuDsj_dBOI4I0rXNR9uejFIaPEYVYQLiGunw26FXWSFWv8bh-uXHvGgsQsg_XTphaN30FjcrZ-zZvN1zLeAy9-L0P21Vb5NEEbJZ-udrnGjuUD8oXHa4P3CgVcJ44tFQXwszRhO4rqxV3sGWuBfqtJ7aAcKYwZpFTiIEiEn6Q0bK0gDvCvPdtucaAkTpSSL_YANkAVAhLYv5EFW-rtmR0wFVAIEamv0iDUPhzmDHsk6HgLEDPQgOGkgMEv47w-wVzGBjlAicFc822N8"},"seasonal":{"heading":"B\u1ED9 s\u01B0u t\u1EADp theo m\u00F9a","subheading":"\u0110\u00F3n m\u00F9a v\u1EE5 t\u01B0\u01A1i ngon nh\u1EA5t trong n\u0103m. Kh\u00E1m ph\u00E1 nh\u1EEFng b\u1ED9 s\u01B0u t\u1EADp \u0111\u01B0\u1EE3c tuy\u1EC3n ch\u1ECDn theo m\u00F9a v\u1EE5 hi\u1EC7n t\u1EA1i.","cards":[{"title":"The Spring Greens","imageUrl":"https://images.pexels.com/photos/60597/dahlia-red-blossom-bloom-60597.jpeg"},{"title":"Earthy Roots","imageUrl":"https://images.pexels.com/photos/1301856/pexels-photo-1301856.jpeg"},{"title":"Sun-Kissed Fruits","imageUrl":"https://images.pexels.com/photos/1132047/pexels-photo-1132047.jpeg"}]}}', N'::1', N'Mozilla/5.0 (Windows NT 10.0; Win64; x64) AppleWebKit/537.36 (KHTML, like Gecko) Chrome/147.0.0.0 Safari/537.36 Edg/147.0.0.0', CAST(N'2026-04-21T07:43:36.2526548' AS DateTime2))
INSERT [dbo].[AdminAuditLogs] ([AdminAuditLogID], [ActorUserID], [ActorEmail], [ActorRole], [Action], [EntityType], [EntityId], [Summary], [DataJson], [IpAddress], [UserAgent], [CreatedAt]) VALUES (15, 1, N'freshfood@gmail.com', N'Admin', N'home.update_settings', N'HomePageSettings', N'1', N'Updated homepage settings', N'{"deletedAssets":[],"hero":{"title":"Th\u1EF1c ph\u1EA9m s\u1EA1ch cho","subtitle":"Mang tinh hoa c\u1EE7a \u0111\u1EA5t m\u1EB9 \u0111\u1EBFn b\u00E0n \u0103n gia \u0111\u00ECnh b\u1EA1n. Ch\u00FAng t\u00F4i cam k\u1EBFt 100% h\u1EEFu c\u01A1, t\u01B0\u01A1i m\u1EDBi v\u00E0 canh t\u00E1c b\u1EC1n v\u1EEFng.","imageUrl":"/home-assets/f9be5c7895e7407ba9224ba124e4bef7.png"},"roots":{"subheading":"OUR ROOTS1","title":"L\u1EDBn l\u00EAn v\u1EDBi ni\u1EC1m \u0111am m\u00EA,\u0111\u01B0\u1EE3c truy\u1EC1n t\u1EA3i b\u1EB1ng tr\u00E1i tim.","imageUrl":"https://lh3.googleusercontent.com/aida-public/AB6AXuDsj_dBOI4I0rXNR9uejFIaPEYVYQLiGunw26FXWSFWv8bh-uXHvGgsQsg_XTphaN30FjcrZ-zZvN1zLeAy9-L0P21Vb5NEEbJZ-udrnGjuUD8oXHa4P3CgVcJ44tFQXwszRhO4rqxV3sGWuBfqtJ7aAcKYwZpFTiIEiEn6Q0bK0gDvCvPdtucaAkTpSSL_YANkAVAhLYv5EFW-rtmR0wFVAIEamv0iDUPhzmDHsk6HgLEDPQgOGkgMEv47w-wVzGBjlAicFc822N8"},"seasonal":{"heading":"B\u1ED9 s\u01B0u t\u1EADp theo m\u00F9a1","subheading":"\u0110\u00F3n m\u00F9a v\u1EE5 t\u01B0\u01A1i ngon nh\u1EA5t trong n\u0103m. Kh\u00E1m ph\u00E1 nh\u1EEFng b\u1ED9 s\u01B0u t\u1EADp \u0111\u01B0\u1EE3c tuy\u1EC3n ch\u1ECDn theo m\u00F9a v\u1EE5 hi\u1EC7n t\u1EA1i.","cards":[{"title":"The Spring Greens","imageUrl":"https://images.pexels.com/photos/60597/dahlia-red-blossom-bloom-60597.jpeg"},{"title":"Earthy Roots","imageUrl":"https://images.pexels.com/photos/1301856/pexels-photo-1301856.jpeg"},{"title":"Sun-Kissed Fruits","imageUrl":"https://images.pexels.com/photos/1132047/pexels-photo-1132047.jpeg"}]}}', N'::1', N'Mozilla/5.0 (Windows NT 10.0; Win64; x64) AppleWebKit/537.36 (KHTML, like Gecko) Chrome/147.0.0.0 Safari/537.36 Edg/147.0.0.0', CAST(N'2026-04-21T07:44:23.6259719' AS DateTime2))
INSERT [dbo].[AdminAuditLogs] ([AdminAuditLogID], [ActorUserID], [ActorEmail], [ActorRole], [Action], [EntityType], [EntityId], [Summary], [DataJson], [IpAddress], [UserAgent], [CreatedAt]) VALUES (16, 1, N'freshfood@gmail.com', N'Admin', N'home.update_settings', N'HomePageSettings', N'1', N'Updated homepage settings', N'{"deletedAssets":[],"hero":{"title":"Th\u1EF1c ph\u1EA9m s\u1EA1ch cho","subtitle":"Mang tinh hoa c\u1EE7a \u0111\u1EA5t m\u1EB9 \u0111\u1EBFn b\u00E0n \u0103n gia \u0111\u00ECnh b\u1EA1n. Ch\u00FAng t\u00F4i cam k\u1EBFt 100% h\u1EEFu c\u01A1, t\u01B0\u01A1i m\u1EDBi v\u00E0 canh t\u00E1c b\u1EC1n v\u1EEFng.","imageUrl":"/home-assets/f9be5c7895e7407ba9224ba124e4bef7.png"},"roots":{"subheading":"OUR ROOTS","title":"L\u1EDBn l\u00EAn v\u1EDBi ni\u1EC1m \u0111am m\u00EA,\u0111\u01B0\u1EE3c truy\u1EC1n t\u1EA3i b\u1EB1ng tr\u00E1i tim.","imageUrl":"https://lh3.googleusercontent.com/aida-public/AB6AXuDsj_dBOI4I0rXNR9uejFIaPEYVYQLiGunw26FXWSFWv8bh-uXHvGgsQsg_XTphaN30FjcrZ-zZvN1zLeAy9-L0P21Vb5NEEbJZ-udrnGjuUD8oXHa4P3CgVcJ44tFQXwszRhO4rqxV3sGWuBfqtJ7aAcKYwZpFTiIEiEn6Q0bK0gDvCvPdtucaAkTpSSL_YANkAVAhLYv5EFW-rtmR0wFVAIEamv0iDUPhzmDHsk6HgLEDPQgOGkgMEv47w-wVzGBjlAicFc822N8"},"seasonal":{"heading":"B\u1ED9 s\u01B0u t\u1EADp theo m\u00F9a","subheading":"\u0110\u00F3n m\u00F9a v\u1EE5 t\u01B0\u01A1i ngon nh\u1EA5t trong n\u0103m. Kh\u00E1m ph\u00E1 nh\u1EEFng b\u1ED9 s\u01B0u t\u1EADp \u0111\u01B0\u1EE3c tuy\u1EC3n ch\u1ECDn theo m\u00F9a v\u1EE5 hi\u1EC7n t\u1EA1i.","cards":[{"title":"The Spring Greens","imageUrl":"https://images.pexels.com/photos/60597/dahlia-red-blossom-bloom-60597.jpeg"},{"title":"Earthy Roots","imageUrl":"https://images.pexels.com/photos/1301856/pexels-photo-1301856.jpeg"},{"title":"Sun-Kissed Fruits","imageUrl":"https://images.pexels.com/photos/1132047/pexels-photo-1132047.jpeg"}]}}', N'::1', N'Mozilla/5.0 (Windows NT 10.0; Win64; x64) AppleWebKit/537.36 (KHTML, like Gecko) Chrome/147.0.0.0 Safari/537.36 Edg/147.0.0.0', CAST(N'2026-04-21T07:45:22.0319466' AS DateTime2))
INSERT [dbo].[AdminAuditLogs] ([AdminAuditLogID], [ActorUserID], [ActorEmail], [ActorRole], [Action], [EntityType], [EntityId], [Summary], [DataJson], [IpAddress], [UserAgent], [CreatedAt]) VALUES (17, 1, N'freshfood@gmail.com', N'Admin', N'products.update', N'Product', N'16', N'Updated product: Bắp Bò Hoa', N'{"productId":16,"before":{"productName":"B\u1EAFp B\u00F2 Hoa1","price":320000.00,"discountPrice":null,"stockQuantity":12,"status":"Active"},"after":{"productName":"B\u1EAFp B\u00F2 Hoa","price":320000,"discountPrice":null,"stockQuantity":12,"status":"Active"}}', N'::1', N'Mozilla/5.0 (Windows NT 10.0; Win64; x64) AppleWebKit/537.36 (KHTML, like Gecko) Chrome/147.0.0.0 Safari/537.36 Edg/147.0.0.0', CAST(N'2026-04-22T01:41:22.8778741' AS DateTime2))
INSERT [dbo].[AdminAuditLogs] ([AdminAuditLogID], [ActorUserID], [ActorEmail], [ActorRole], [Action], [EntityType], [EntityId], [Summary], [DataJson], [IpAddress], [UserAgent], [CreatedAt]) VALUES (18, 1, N'freshfood@gmail.com', N'Admin', N'orders.update_status', N'Order', N'77', N'Order status: Processing -> Preparing', N'{"orderId":77,"from":"Processing","to":"Preparing"}', N'::1', N'Mozilla/5.0 (Windows NT 10.0; Win64; x64) AppleWebKit/537.36 (KHTML, like Gecko) Chrome/147.0.0.0 Safari/537.36 Edg/147.0.0.0', CAST(N'2026-04-22T08:28:11.7586877' AS DateTime2))
INSERT [dbo].[AdminAuditLogs] ([AdminAuditLogID], [ActorUserID], [ActorEmail], [ActorRole], [Action], [EntityType], [EntityId], [Summary], [DataJson], [IpAddress], [UserAgent], [CreatedAt]) VALUES (19, 1, N'freshfood@gmail.com', N'Admin', N'orders.update_status', N'Order', N'77', N'Order status: Preparing -> Shipping', N'{"orderId":77,"from":"Preparing","to":"Shipping"}', N'::1', N'Mozilla/5.0 (Windows NT 10.0; Win64; x64) AppleWebKit/537.36 (KHTML, like Gecko) Chrome/147.0.0.0 Safari/537.36 Edg/147.0.0.0', CAST(N'2026-04-22T08:28:13.8522437' AS DateTime2))
INSERT [dbo].[AdminAuditLogs] ([AdminAuditLogID], [ActorUserID], [ActorEmail], [ActorRole], [Action], [EntityType], [EntityId], [Summary], [DataJson], [IpAddress], [UserAgent], [CreatedAt]) VALUES (20, 1, N'freshfood@gmail.com', N'Admin', N'orders.update_status', N'Order', N'77', N'Order status: Shipping -> Delivered', N'{"orderId":77,"from":"Shipping","to":"Delivered"}', N'::1', N'Mozilla/5.0 (Windows NT 10.0; Win64; x64) AppleWebKit/537.36 (KHTML, like Gecko) Chrome/147.0.0.0 Safari/537.36 Edg/147.0.0.0', CAST(N'2026-04-22T08:28:16.5776344' AS DateTime2))
INSERT [dbo].[AdminAuditLogs] ([AdminAuditLogID], [ActorUserID], [ActorEmail], [ActorRole], [Action], [EntityType], [EntityId], [Summary], [DataJson], [IpAddress], [UserAgent], [CreatedAt]) VALUES (21, 1, N'freshfood@gmail.com', N'Admin', N'orders.update_status', N'Order', N'91', N'Order status: Processing -> Processing', N'{"orderId":91,"from":"Processing","to":"Processing"}', N'::1', N'Mozilla/5.0 (Windows NT 10.0; Win64; x64) AppleWebKit/537.36 (KHTML, like Gecko) Chrome/147.0.0.0 Safari/537.36 Edg/147.0.0.0', CAST(N'2026-04-23T06:33:30.0698534' AS DateTime2))
INSERT [dbo].[AdminAuditLogs] ([AdminAuditLogID], [ActorUserID], [ActorEmail], [ActorRole], [Action], [EntityType], [EntityId], [Summary], [DataJson], [IpAddress], [UserAgent], [CreatedAt]) VALUES (22, 1, N'freshfood@gmail.com', N'Admin', N'orders.update_status', N'Order', N'91', N'Order status: Processing -> Preparing', N'{"orderId":91,"from":"Processing","to":"Preparing"}', N'::1', N'Mozilla/5.0 (Windows NT 10.0; Win64; x64) AppleWebKit/537.36 (KHTML, like Gecko) Chrome/147.0.0.0 Safari/537.36 Edg/147.0.0.0', CAST(N'2026-04-23T06:33:33.1976852' AS DateTime2))
INSERT [dbo].[AdminAuditLogs] ([AdminAuditLogID], [ActorUserID], [ActorEmail], [ActorRole], [Action], [EntityType], [EntityId], [Summary], [DataJson], [IpAddress], [UserAgent], [CreatedAt]) VALUES (23, 1, N'freshfood@gmail.com', N'Admin', N'orders.update_status', N'Order', N'91', N'Order status: Preparing -> Shipping', N'{"orderId":91,"from":"Preparing","to":"Shipping"}', N'::1', N'Mozilla/5.0 (Windows NT 10.0; Win64; x64) AppleWebKit/537.36 (KHTML, like Gecko) Chrome/147.0.0.0 Safari/537.36 Edg/147.0.0.0', CAST(N'2026-04-23T06:33:35.0145205' AS DateTime2))
INSERT [dbo].[AdminAuditLogs] ([AdminAuditLogID], [ActorUserID], [ActorEmail], [ActorRole], [Action], [EntityType], [EntityId], [Summary], [DataJson], [IpAddress], [UserAgent], [CreatedAt]) VALUES (24, 1, N'freshfood@gmail.com', N'Admin', N'orders.update_status', N'Order', N'91', N'Order status: Shipping -> Delivered', N'{"orderId":91,"from":"Shipping","to":"Delivered"}', N'::1', N'Mozilla/5.0 (Windows NT 10.0; Win64; x64) AppleWebKit/537.36 (KHTML, like Gecko) Chrome/147.0.0.0 Safari/537.36 Edg/147.0.0.0', CAST(N'2026-04-23T06:33:37.2223576' AS DateTime2))
INSERT [dbo].[AdminAuditLogs] ([AdminAuditLogID], [ActorUserID], [ActorEmail], [ActorRole], [Action], [EntityType], [EntityId], [Summary], [DataJson], [IpAddress], [UserAgent], [CreatedAt]) VALUES (25, 1, N'freshfood@gmail.com', N'Admin', N'orders.update_status', N'Order', N'92', N'Order status: Pending -> Processing', N'{"orderId":92,"from":"Pending","to":"Processing"}', N'::1', N'Mozilla/5.0 (Windows NT 10.0; Win64; x64) AppleWebKit/537.36 (KHTML, like Gecko) Chrome/147.0.0.0 Safari/537.36 Edg/147.0.0.0', CAST(N'2026-04-23T06:36:30.5682841' AS DateTime2))
INSERT [dbo].[AdminAuditLogs] ([AdminAuditLogID], [ActorUserID], [ActorEmail], [ActorRole], [Action], [EntityType], [EntityId], [Summary], [DataJson], [IpAddress], [UserAgent], [CreatedAt]) VALUES (26, 1, N'freshfood@gmail.com', N'Admin', N'orders.update_status', N'Order', N'92', N'Order status: Processing -> Preparing', N'{"orderId":92,"from":"Processing","to":"Preparing"}', N'::1', N'Mozilla/5.0 (Windows NT 10.0; Win64; x64) AppleWebKit/537.36 (KHTML, like Gecko) Chrome/147.0.0.0 Safari/537.36 Edg/147.0.0.0', CAST(N'2026-04-23T06:36:32.7780816' AS DateTime2))
INSERT [dbo].[AdminAuditLogs] ([AdminAuditLogID], [ActorUserID], [ActorEmail], [ActorRole], [Action], [EntityType], [EntityId], [Summary], [DataJson], [IpAddress], [UserAgent], [CreatedAt]) VALUES (27, 1, N'freshfood@gmail.com', N'Admin', N'orders.update_status', N'Order', N'92', N'Order status: Preparing -> Shipping', N'{"orderId":92,"from":"Preparing","to":"Shipping"}', N'::1', N'Mozilla/5.0 (Windows NT 10.0; Win64; x64) AppleWebKit/537.36 (KHTML, like Gecko) Chrome/147.0.0.0 Safari/537.36 Edg/147.0.0.0', CAST(N'2026-04-23T06:36:35.1261067' AS DateTime2))
INSERT [dbo].[AdminAuditLogs] ([AdminAuditLogID], [ActorUserID], [ActorEmail], [ActorRole], [Action], [EntityType], [EntityId], [Summary], [DataJson], [IpAddress], [UserAgent], [CreatedAt]) VALUES (28, 1, N'freshfood@gmail.com', N'Admin', N'orders.update_status', N'Order', N'92', N'Order status: Shipping -> Delivered', N'{"orderId":92,"from":"Shipping","to":"Delivered"}', N'::1', N'Mozilla/5.0 (Windows NT 10.0; Win64; x64) AppleWebKit/537.36 (KHTML, like Gecko) Chrome/147.0.0.0 Safari/537.36 Edg/147.0.0.0', CAST(N'2026-04-23T06:36:37.1825351' AS DateTime2))
INSERT [dbo].[AdminAuditLogs] ([AdminAuditLogID], [ActorUserID], [ActorEmail], [ActorRole], [Action], [EntityType], [EntityId], [Summary], [DataJson], [IpAddress], [UserAgent], [CreatedAt]) VALUES (29, 1, N'freshfood@gmail.com', N'Admin', N'home.update_settings', N'HomePageSettings', N'1', N'Updated homepage settings', N'{"deletedAssets":[],"hero":{"title":"Th\u1EF1c ph\u1EA9m s\u1EA1ch cho1","subtitle":"Mang tinh hoa c\u1EE7a \u0111\u1EA5t m\u1EB9 \u0111\u1EBFn b\u00E0n \u0103n gia \u0111\u00ECnh b\u1EA1n. Ch\u00FAng t\u00F4i cam k\u1EBFt 100% h\u1EEFu c\u01A1, t\u01B0\u01A1i m\u1EDBi v\u00E0 canh t\u00E1c b\u1EC1n v\u1EEFng.","imageUrl":"/home-assets/f9be5c7895e7407ba9224ba124e4bef7.png"},"roots":{"subheading":"OUR ROOTS","title":"L\u1EDBn l\u00EAn v\u1EDBi ni\u1EC1m \u0111am m\u00EA,\u0111\u01B0\u1EE3c truy\u1EC1n t\u1EA3i b\u1EB1ng tr\u00E1i tim.","imageUrl":"https://lh3.googleusercontent.com/aida-public/AB6AXuDsj_dBOI4I0rXNR9uejFIaPEYVYQLiGunw26FXWSFWv8bh-uXHvGgsQsg_XTphaN30FjcrZ-zZvN1zLeAy9-L0P21Vb5NEEbJZ-udrnGjuUD8oXHa4P3CgVcJ44tFQXwszRhO4rqxV3sGWuBfqtJ7aAcKYwZpFTiIEiEn6Q0bK0gDvCvPdtucaAkTpSSL_YANkAVAhLYv5EFW-rtmR0wFVAIEamv0iDUPhzmDHsk6HgLEDPQgOGkgMEv47w-wVzGBjlAicFc822N8"},"seasonal":{"heading":"B\u1ED9 s\u01B0u t\u1EADp theo m\u00F9a","subheading":"\u0110\u00F3n m\u00F9a v\u1EE5 t\u01B0\u01A1i ngon nh\u1EA5t trong n\u0103m. Kh\u00E1m ph\u00E1 nh\u1EEFng b\u1ED9 s\u01B0u t\u1EADp \u0111\u01B0\u1EE3c tuy\u1EC3n ch\u1ECDn theo m\u00F9a v\u1EE5 hi\u1EC7n t\u1EA1i.","cards":[{"title":"The Spring Greens","imageUrl":"https://images.pexels.com/photos/60597/dahlia-red-blossom-bloom-60597.jpeg"},{"title":"Earthy Roots","imageUrl":"https://images.pexels.com/photos/1301856/pexels-photo-1301856.jpeg"},{"title":"Sun-Kissed Fruits","imageUrl":"https://images.pexels.com/photos/1132047/pexels-photo-1132047.jpeg"}]}}', N'192.168.24.45', N'Dart/3.6 (dart:io)', CAST(N'2026-04-23T07:12:42.8303270' AS DateTime2))
INSERT [dbo].[AdminAuditLogs] ([AdminAuditLogID], [ActorUserID], [ActorEmail], [ActorRole], [Action], [EntityType], [EntityId], [Summary], [DataJson], [IpAddress], [UserAgent], [CreatedAt]) VALUES (30, 1, N'freshfood@gmail.com', N'Admin', N'home.update_settings', N'HomePageSettings', N'1', N'Updated homepage settings', N'{"deletedAssets":[],"hero":{"title":"Th\u1EF1c ph\u1EA9m s\u1EA1ch cho","subtitle":"Mang tinh hoa c\u1EE7a \u0111\u1EA5t m\u1EB9 \u0111\u1EBFn b\u00E0n \u0103n gia \u0111\u00ECnh b\u1EA1n. Ch\u00FAng t\u00F4i cam k\u1EBFt 100% h\u1EEFu c\u01A1, t\u01B0\u01A1i m\u1EDBi v\u00E0 canh t\u00E1c b\u1EC1n v\u1EEFng.","imageUrl":"/home-assets/f9be5c7895e7407ba9224ba124e4bef7.png"},"roots":{"subheading":"OUR ROOTS","title":"L\u1EDBn l\u00EAn v\u1EDBi ni\u1EC1m \u0111am m\u00EA,\u0111\u01B0\u1EE3c truy\u1EC1n t\u1EA3i b\u1EB1ng tr\u00E1i tim.","imageUrl":"https://lh3.googleusercontent.com/aida-public/AB6AXuDsj_dBOI4I0rXNR9uejFIaPEYVYQLiGunw26FXWSFWv8bh-uXHvGgsQsg_XTphaN30FjcrZ-zZvN1zLeAy9-L0P21Vb5NEEbJZ-udrnGjuUD8oXHa4P3CgVcJ44tFQXwszRhO4rqxV3sGWuBfqtJ7aAcKYwZpFTiIEiEn6Q0bK0gDvCvPdtucaAkTpSSL_YANkAVAhLYv5EFW-rtmR0wFVAIEamv0iDUPhzmDHsk6HgLEDPQgOGkgMEv47w-wVzGBjlAicFc822N8"},"seasonal":{"heading":"B\u1ED9 s\u01B0u t\u1EADp theo m\u00F9a","subheading":"\u0110\u00F3n m\u00F9a v\u1EE5 t\u01B0\u01A1i ngon nh\u1EA5t trong n\u0103m. Kh\u00E1m ph\u00E1 nh\u1EEFng b\u1ED9 s\u01B0u t\u1EADp \u0111\u01B0\u1EE3c tuy\u1EC3n ch\u1ECDn theo m\u00F9a v\u1EE5 hi\u1EC7n t\u1EA1i.","cards":[{"title":"The Spring Greens","imageUrl":"https://images.pexels.com/photos/60597/dahlia-red-blossom-bloom-60597.jpeg"},{"title":"Earthy Roots","imageUrl":"https://images.pexels.com/photos/1301856/pexels-photo-1301856.jpeg"},{"title":"Sun-Kissed Fruits","imageUrl":"https://images.pexels.com/photos/1132047/pexels-photo-1132047.jpeg"}]}}', N'192.168.24.45', N'Dart/3.6 (dart:io)', CAST(N'2026-04-23T07:14:13.0593847' AS DateTime2))
INSERT [dbo].[AdminAuditLogs] ([AdminAuditLogID], [ActorUserID], [ActorEmail], [ActorRole], [Action], [EntityType], [EntityId], [Summary], [DataJson], [IpAddress], [UserAgent], [CreatedAt]) VALUES (31, 1, N'freshfood@gmail.com', N'Admin', N'products.import_stock', N'Product', N'45', N'Import stock +20', N'{"productId":45,"beforeQty":10,"afterQty":30,"imported":20,"note":null}', N'192.168.24.45', N'Dart/3.6 (dart:io)', CAST(N'2026-04-23T07:47:38.1084566' AS DateTime2))
INSERT [dbo].[AdminAuditLogs] ([AdminAuditLogID], [ActorUserID], [ActorEmail], [ActorRole], [Action], [EntityType], [EntityId], [Summary], [DataJson], [IpAddress], [UserAgent], [CreatedAt]) VALUES (32, 1, N'freshfood@gmail.com', N'Admin', N'products.import_stock', N'Product', N'17', N'Import stock +5', N'{"productId":17,"beforeQty":9,"afterQty":14,"imported":5,"note":null}', N'192.168.24.45', N'Dart/3.6 (dart:io)', CAST(N'2026-04-23T07:47:47.2962584' AS DateTime2))
INSERT [dbo].[AdminAuditLogs] ([AdminAuditLogID], [ActorUserID], [ActorEmail], [ActorRole], [Action], [EntityType], [EntityId], [Summary], [DataJson], [IpAddress], [UserAgent], [CreatedAt]) VALUES (33, 1, N'freshfood@gmail.com', N'Admin', N'products.import_stock', N'Product', N'24', N'Import stock +5', N'{"productId":24,"beforeQty":6,"afterQty":11,"imported":5,"note":null}', N'192.168.24.45', N'Dart/3.6 (dart:io)', CAST(N'2026-04-23T07:47:50.8204113' AS DateTime2))
INSERT [dbo].[AdminAuditLogs] ([AdminAuditLogID], [ActorUserID], [ActorEmail], [ActorRole], [Action], [EntityType], [EntityId], [Summary], [DataJson], [IpAddress], [UserAgent], [CreatedAt]) VALUES (34, 1, N'freshfood@gmail.com', N'Admin', N'suppliers.create', N'Supplier', N'7', N'Created supplier: test', N'{"supplierId":7,"supplierName":"test","supplierCode":"1111","status":"Active","isVerified":true}', N'192.168.24.45', N'Dart/3.6 (dart:io)', CAST(N'2026-04-23T08:03:21.0489894' AS DateTime2))
INSERT [dbo].[AdminAuditLogs] ([AdminAuditLogID], [ActorUserID], [ActorEmail], [ActorRole], [Action], [EntityType], [EntityId], [Summary], [DataJson], [IpAddress], [UserAgent], [CreatedAt]) VALUES (35, 1, N'freshfood@gmail.com', N'Admin', N'suppliers.update', N'Supplier', N'7', N'Updated supplier: test', N'{"supplierId":7,"before":{"supplierName":"test","supplierCode":"1111","status":"Active","isVerified":true,"imageUrl":null,"phone":"1234567890","email":"tesst@gmail.com","address":"test"},"after":{"supplierName":"test","supplierCode":"1111","status":"Paused","isVerified":true,"imageUrl":null,"phone":"1234567890","email":"tesst@gmail.com","address":"test"}}', N'192.168.24.45', N'Dart/3.6 (dart:io)', CAST(N'2026-04-23T08:03:34.7030045' AS DateTime2))
INSERT [dbo].[AdminAuditLogs] ([AdminAuditLogID], [ActorUserID], [ActorEmail], [ActorRole], [Action], [EntityType], [EntityId], [Summary], [DataJson], [IpAddress], [UserAgent], [CreatedAt]) VALUES (36, 1, N'freshfood@gmail.com', N'Admin', N'suppliers.delete', N'Supplier', N'7', N'Deleted supplier: test', N'{"supplierId":7,"supplierName":"test","supplierCode":"1111"}', N'192.168.24.45', N'Dart/3.6 (dart:io)', CAST(N'2026-04-23T08:03:40.8927022' AS DateTime2))
INSERT [dbo].[AdminAuditLogs] ([AdminAuditLogID], [ActorUserID], [ActorEmail], [ActorRole], [Action], [EntityType], [EntityId], [Summary], [DataJson], [IpAddress], [UserAgent], [CreatedAt]) VALUES (37, 1, N'freshfood@gmail.com', N'Admin', N'suppliers.update', N'Supplier', N'1', N'Updated supplier: Lâm Đồng Farm', N'{"supplierId":1,"before":{"supplierName":"L\u00E2m \u0110\u1ED3ng Farm","supplierCode":"VH-2026-001","status":"Paused","isVerified":false,"imageUrl":null,"phone":"0901234567","email":"contact@lamdongfarm.com","address":"\u0110\u00E0 L\u1EA1t, L\u00E2m \u0110\u1ED3ng"},"after":{"supplierName":"L\u00E2m \u0110\u1ED3ng Farm","supplierCode":"VH-2026-001","status":"Active","isVerified":false,"imageUrl":null,"phone":"0901234567","email":"contact@lamdongfarm.com","address":"\u0110\u00E0 L\u1EA1t, L\u00E2m \u0110\u1ED3ng"}}', N'192.168.24.45', N'Dart/3.6 (dart:io)', CAST(N'2026-04-23T08:06:48.0470906' AS DateTime2))
INSERT [dbo].[AdminAuditLogs] ([AdminAuditLogID], [ActorUserID], [ActorEmail], [ActorRole], [Action], [EntityType], [EntityId], [Summary], [DataJson], [IpAddress], [UserAgent], [CreatedAt]) VALUES (38, 1, N'freshfood@gmail.com', N'Admin', N'suppliers.update', N'Supplier', N'1', N'Updated supplier: Lâm Đồng Farm', N'{"supplierId":1,"before":{"supplierName":"L\u00E2m \u0110\u1ED3ng Farm","supplierCode":"VH-2026-001","status":"Active","isVerified":false,"imageUrl":null,"phone":"0901234567","email":"contact@lamdongfarm.com","address":"\u0110\u00E0 L\u1EA1t, L\u00E2m \u0110\u1ED3ng"},"after":{"supplierName":"L\u00E2m \u0110\u1ED3ng Farm","supplierCode":"VH-2026-001","status":"Active","isVerified":true,"imageUrl":null,"phone":"0901234567","email":"contact@lamdongfarm.com","address":"\u0110\u00E0 L\u1EA1t, L\u00E2m \u0110\u1ED3ng"}}', N'192.168.24.45', N'Dart/3.6 (dart:io)', CAST(N'2026-04-23T08:07:00.0801820' AS DateTime2))
INSERT [dbo].[AdminAuditLogs] ([AdminAuditLogID], [ActorUserID], [ActorEmail], [ActorRole], [Action], [EntityType], [EntityId], [Summary], [DataJson], [IpAddress], [UserAgent], [CreatedAt]) VALUES (39, 1, N'freshfood@gmail.com', N'Admin', N'suppliers.update', N'Supplier', N'2', N'Updated supplier: CP Food', N'{"supplierId":2,"before":{"supplierName":"CP Food","supplierCode":"VH-2026-002","status":"Active","isVerified":true,"imageUrl":null,"phone":"0912345678","email":"sales@cpfood.vn","address":"\u00D0\u1ED3ng Nai"},"after":{"supplierName":"CP Food","supplierCode":"VH-2026-002","status":"Active","isVerified":true,"imageUrl":null,"phone":"0912345678","email":"sales@cpfood.vn","address":"\u00D0\u1ED3ng Nai"}}', N'192.168.24.45', N'Dart/3.6 (dart:io)', CAST(N'2026-04-23T08:11:01.2724550' AS DateTime2))
INSERT [dbo].[AdminAuditLogs] ([AdminAuditLogID], [ActorUserID], [ActorEmail], [ActorRole], [Action], [EntityType], [EntityId], [Summary], [DataJson], [IpAddress], [UserAgent], [CreatedAt]) VALUES (40, 1, N'freshfood@gmail.com', N'Admin', N'suppliers.update', N'Supplier', N'4', N'Updated supplier: Ba Huân', N'{"supplierId":4,"before":{"supplierName":"Ba Hu\u00E2n","supplierCode":"VH-2026-004","status":"Active","isVerified":true,"imageUrl":null,"phone":"0922334455","email":"hotro@bahuan.com.vn","address":"Long An"},"after":{"supplierName":"Ba Hu\u00E2n","supplierCode":"VH-2026-004","status":"Active","isVerified":true,"imageUrl":null,"phone":"0922334455","email":"hotro@bahuan.com.vn","address":"Long An"}}', N'192.168.24.45', N'Dart/3.6 (dart:io)', CAST(N'2026-04-23T08:18:10.3047460' AS DateTime2))
INSERT [dbo].[AdminAuditLogs] ([AdminAuditLogID], [ActorUserID], [ActorEmail], [ActorRole], [Action], [EntityType], [EntityId], [Summary], [DataJson], [IpAddress], [UserAgent], [CreatedAt]) VALUES (41, 1, N'freshfood@gmail.com', N'Admin', N'suppliers.create', N'Supplier', N'8', N'Created supplier: test', N'{"supplierId":8,"supplierName":"test","supplierCode":"VH-2026-008","status":"Active","isVerified":true}', N'192.168.24.45', N'Dart/3.6 (dart:io)', CAST(N'2026-04-23T08:20:01.5148474' AS DateTime2))
INSERT [dbo].[AdminAuditLogs] ([AdminAuditLogID], [ActorUserID], [ActorEmail], [ActorRole], [Action], [EntityType], [EntityId], [Summary], [DataJson], [IpAddress], [UserAgent], [CreatedAt]) VALUES (42, 1, N'freshfood@gmail.com', N'Admin', N'suppliers.delete', N'Supplier', N'8', N'Deleted supplier: test', N'{"supplierId":8,"supplierName":"test","supplierCode":"VH-2026-008"}', N'192.168.24.45', N'Dart/3.6 (dart:io)', CAST(N'2026-04-23T08:21:12.0045404' AS DateTime2))
INSERT [dbo].[AdminAuditLogs] ([AdminAuditLogID], [ActorUserID], [ActorEmail], [ActorRole], [Action], [EntityType], [EntityId], [Summary], [DataJson], [IpAddress], [UserAgent], [CreatedAt]) VALUES (43, 1, N'freshfood@gmail.com', N'Admin', N'suppliers.create', N'Supplier', N'9', N'Created supplier: test', N'{"supplierId":9,"supplierName":"test","supplierCode":"VH-2026-009","status":"Active","isVerified":true}', N'192.168.24.45', N'Dart/3.6 (dart:io)', CAST(N'2026-04-23T08:21:52.5864492' AS DateTime2))
INSERT [dbo].[AdminAuditLogs] ([AdminAuditLogID], [ActorUserID], [ActorEmail], [ActorRole], [Action], [EntityType], [EntityId], [Summary], [DataJson], [IpAddress], [UserAgent], [CreatedAt]) VALUES (44, 1, N'freshfood@gmail.com', N'Admin', N'suppliers.create', N'Supplier', N'10', N'Created supplier: abc', N'{"supplierId":10,"supplierName":"abc","supplierCode":"VH-2026-010","status":"Active","isVerified":true}', N'192.168.24.45', N'Dart/3.6 (dart:io)', CAST(N'2026-04-23T08:25:39.1768669' AS DateTime2))
INSERT [dbo].[AdminAuditLogs] ([AdminAuditLogID], [ActorUserID], [ActorEmail], [ActorRole], [Action], [EntityType], [EntityId], [Summary], [DataJson], [IpAddress], [UserAgent], [CreatedAt]) VALUES (45, 1, N'freshfood@gmail.com', N'Admin', N'suppliers.update', N'Supplier', N'9', N'Updated supplier: test', N'{"supplierId":9,"before":{"supplierName":"test","supplierCode":"VH-2026-009","status":"Active","isVerified":true,"imageUrl":null,"phone":"1234567890","email":"test@gmail.com","address":"test"},"after":{"supplierName":"test","supplierCode":"VH-2026-009","status":"Active","isVerified":true,"imageUrl":null,"phone":"1234567890","email":"test@gmail.com","address":"test"}}', N'192.168.24.45', N'Dart/3.6 (dart:io)', CAST(N'2026-04-23T08:32:03.6635461' AS DateTime2))
INSERT [dbo].[AdminAuditLogs] ([AdminAuditLogID], [ActorUserID], [ActorEmail], [ActorRole], [Action], [EntityType], [EntityId], [Summary], [DataJson], [IpAddress], [UserAgent], [CreatedAt]) VALUES (46, 1, N'freshfood@gmail.com', N'Admin', N'suppliers.update', N'Supplier', N'9', N'Updated supplier: test', N'{"supplierId":9,"before":{"supplierName":"test","supplierCode":"VH-2026-009","status":"Active","isVerified":true,"imageUrl":null,"phone":"1234567890","email":"test@gmail.com","address":"test"},"after":{"supplierName":"test","supplierCode":"VH-2026-009","status":"Active","isVerified":true,"imageUrl":null,"phone":"1234567890","email":"test@gmail.com","address":"test"}}', N'192.168.24.45', N'Dart/3.6 (dart:io)', CAST(N'2026-04-23T08:34:21.7076384' AS DateTime2))
INSERT [dbo].[AdminAuditLogs] ([AdminAuditLogID], [ActorUserID], [ActorEmail], [ActorRole], [Action], [EntityType], [EntityId], [Summary], [DataJson], [IpAddress], [UserAgent], [CreatedAt]) VALUES (47, 1, N'freshfood@gmail.com', N'Admin', N'suppliers.update', N'Supplier', N'10', N'Updated supplier: abc', N'{"supplierId":10,"before":{"supplierName":"abc","supplierCode":"VH-2026-010","status":"Active","isVerified":true,"imageUrl":null,"phone":"1234567890","email":"abc@gmail.com","address":"abc"},"after":{"supplierName":"abc","supplierCode":"VH-2026-010","status":"Active","isVerified":true,"imageUrl":null,"phone":"1234567890","email":"abc@gmail.com","address":"abc"}}', N'192.168.24.45', N'Dart/3.6 (dart:io)', CAST(N'2026-04-23T08:34:48.4898069' AS DateTime2))
INSERT [dbo].[AdminAuditLogs] ([AdminAuditLogID], [ActorUserID], [ActorEmail], [ActorRole], [Action], [EntityType], [EntityId], [Summary], [DataJson], [IpAddress], [UserAgent], [CreatedAt]) VALUES (48, 1, N'freshfood@gmail.com', N'Admin', N'suppliers.update', N'Supplier', N'10', N'Updated supplier: abc', N'{"supplierId":10,"before":{"supplierName":"abc","supplierCode":"VH-2026-010","status":"Active","isVerified":true,"imageUrl":null,"phone":"1234567890","email":"abc@gmail.com","address":"abc"},"after":{"supplierName":"abc","supplierCode":"VH-2026-010","status":"Active","isVerified":true,"imageUrl":null,"phone":"1234567890","email":"abc@gmail.com","address":"abc"}}', N'192.168.24.45', N'Dart/3.6 (dart:io)', CAST(N'2026-04-23T08:36:47.1367129' AS DateTime2))
INSERT [dbo].[AdminAuditLogs] ([AdminAuditLogID], [ActorUserID], [ActorEmail], [ActorRole], [Action], [EntityType], [EntityId], [Summary], [DataJson], [IpAddress], [UserAgent], [CreatedAt]) VALUES (49, 1, N'freshfood@gmail.com', N'Admin', N'categories.create', N'Category', N'11', N'Created category: test', N'{"categoryId":11,"categoryName":"test"}', N'192.168.24.45', N'Dart/3.6 (dart:io)', CAST(N'2026-04-23T08:38:42.2007572' AS DateTime2))
INSERT [dbo].[AdminAuditLogs] ([AdminAuditLogID], [ActorUserID], [ActorEmail], [ActorRole], [Action], [EntityType], [EntityId], [Summary], [DataJson], [IpAddress], [UserAgent], [CreatedAt]) VALUES (50, 1, N'freshfood@gmail.com', N'Admin', N'categories.update', N'Category', N'11', N'Updated category: test1', N'{"categoryId":11,"before":{"categoryName":"test","description":"test"},"after":{"categoryName":"test1","description":"test"}}', N'192.168.24.45', N'Dart/3.6 (dart:io)', CAST(N'2026-04-23T08:38:50.5647690' AS DateTime2))
INSERT [dbo].[AdminAuditLogs] ([AdminAuditLogID], [ActorUserID], [ActorEmail], [ActorRole], [Action], [EntityType], [EntityId], [Summary], [DataJson], [IpAddress], [UserAgent], [CreatedAt]) VALUES (51, 1, N'freshfood@gmail.com', N'Admin', N'categories.delete', N'Category', N'11', N'Deleted category: test1', N'{"categoryId":11,"categoryName":"test1"}', N'192.168.24.45', N'Dart/3.6 (dart:io)', CAST(N'2026-04-23T08:38:57.6376547' AS DateTime2))
INSERT [dbo].[AdminAuditLogs] ([AdminAuditLogID], [ActorUserID], [ActorEmail], [ActorRole], [Action], [EntityType], [EntityId], [Summary], [DataJson], [IpAddress], [UserAgent], [CreatedAt]) VALUES (52, 1, N'freshfood@gmail.com', N'Admin', N'suppliers.update', N'Supplier', N'10', N'Updated supplier: abc', N'{"supplierId":10,"before":{"supplierName":"abc","supplierCode":"VH-2026-010","status":"Active","isVerified":true,"imageUrl":null,"phone":"1234567890","email":"abc@gmail.com","address":"abc"},"after":{"supplierName":"abc","supplierCode":"VH-2026-010","status":"Active","isVerified":true,"imageUrl":null,"phone":"1234567890","email":"abc@gmail.com","address":"abc"}}', N'192.168.24.45', N'Dart/3.6 (dart:io)', CAST(N'2026-04-23T08:43:49.6320953' AS DateTime2))
INSERT [dbo].[AdminAuditLogs] ([AdminAuditLogID], [ActorUserID], [ActorEmail], [ActorRole], [Action], [EntityType], [EntityId], [Summary], [DataJson], [IpAddress], [UserAgent], [CreatedAt]) VALUES (53, 1, N'freshfood@gmail.com', N'Admin', N'suppliers.update', N'Supplier', N'10', N'Updated supplier: abc', N'{"supplierId":10,"before":{"supplierName":"abc","supplierCode":"VH-2026-010","status":"Active","isVerified":true,"imageUrl":null,"phone":"1234567890","email":"abc@gmail.com","address":"abc"},"after":{"supplierName":"abc","supplierCode":"VH-2026-010","status":"Active","isVerified":true,"imageUrl":null,"phone":"1234567890","email":"abc@gmail.com","address":"abc"}}', N'192.168.24.45', N'Dart/3.6 (dart:io)', CAST(N'2026-04-23T08:44:33.7432985' AS DateTime2))
INSERT [dbo].[AdminAuditLogs] ([AdminAuditLogID], [ActorUserID], [ActorEmail], [ActorRole], [Action], [EntityType], [EntityId], [Summary], [DataJson], [IpAddress], [UserAgent], [CreatedAt]) VALUES (54, 1, N'freshfood@gmail.com', N'Admin', N'suppliers.update', N'Supplier', N'10', N'Updated supplier: abc', N'{"supplierId":10,"before":{"supplierName":"abc","supplierCode":"VH-2026-010","status":"Active","isVerified":true,"imageUrl":null,"phone":"1234567890","email":"abc@gmail.com","address":"abc"},"after":{"supplierName":"abc","supplierCode":"VH-2026-010","status":"Active","isVerified":true,"imageUrl":null,"phone":"1234567890","email":"abc@gmail.com","address":"abc"}}', N'192.168.24.45', N'Dart/3.6 (dart:io)', CAST(N'2026-04-23T08:45:06.2129760' AS DateTime2))
INSERT [dbo].[AdminAuditLogs] ([AdminAuditLogID], [ActorUserID], [ActorEmail], [ActorRole], [Action], [EntityType], [EntityId], [Summary], [DataJson], [IpAddress], [UserAgent], [CreatedAt]) VALUES (55, 1, N'freshfood@gmail.com', N'Admin', N'suppliers.upload_image', N'Supplier', N'0', N'Uploaded supplier image', N'{"imageUrl":"/supplier-assets/5ef36a235b83425b8a246389226f5e3b.jpg","fileName":"scaled_1000001842.jpg","size":20397,"contentType":"image/jpeg"}', N'192.168.24.45', N'Dart/3.6 (dart:io)', CAST(N'2026-04-23T08:47:13.1232549' AS DateTime2))
INSERT [dbo].[AdminAuditLogs] ([AdminAuditLogID], [ActorUserID], [ActorEmail], [ActorRole], [Action], [EntityType], [EntityId], [Summary], [DataJson], [IpAddress], [UserAgent], [CreatedAt]) VALUES (56, 1, N'freshfood@gmail.com', N'Admin', N'suppliers.update', N'Supplier', N'10', N'Updated supplier: abc', N'{"supplierId":10,"before":{"supplierName":"abc","supplierCode":"VH-2026-010","status":"Active","isVerified":true,"imageUrl":null,"phone":"1234567890","email":"abc@gmail.com","address":"abc"},"after":{"supplierName":"abc","supplierCode":"VH-2026-010","status":"Active","isVerified":true,"imageUrl":"/supplier-assets/5ef36a235b83425b8a246389226f5e3b.jpg","phone":"1234567890","email":"abc@gmail.com","address":"abc"}}', N'192.168.24.45', N'Dart/3.6 (dart:io)', CAST(N'2026-04-23T08:47:15.0470677' AS DateTime2))
INSERT [dbo].[AdminAuditLogs] ([AdminAuditLogID], [ActorUserID], [ActorEmail], [ActorRole], [Action], [EntityType], [EntityId], [Summary], [DataJson], [IpAddress], [UserAgent], [CreatedAt]) VALUES (57, 1, N'freshfood@gmail.com', N'Admin', N'suppliers.upload_image', N'Supplier', N'0', N'Uploaded supplier image', N'{"imageUrl":"/supplier-assets/f045f599696c40529c7d52b2abee2913.jpg","fileName":"scaled_1000001842.jpg","size":20397,"contentType":"image/jpeg"}', N'192.168.24.45', N'Dart/3.6 (dart:io)', CAST(N'2026-04-23T08:47:33.2261044' AS DateTime2))
INSERT [dbo].[AdminAuditLogs] ([AdminAuditLogID], [ActorUserID], [ActorEmail], [ActorRole], [Action], [EntityType], [EntityId], [Summary], [DataJson], [IpAddress], [UserAgent], [CreatedAt]) VALUES (58, 1, N'freshfood@gmail.com', N'Admin', N'suppliers.update', N'Supplier', N'4', N'Updated supplier: Ba Huân', N'{"supplierId":4,"before":{"supplierName":"Ba Hu\u00E2n","supplierCode":"VH-2026-004","status":"Active","isVerified":true,"imageUrl":null,"phone":"0922334455","email":"hotro@bahuan.com.vn","address":"Long An"},"after":{"supplierName":"Ba Hu\u00E2n","supplierCode":"VH-2026-004","status":"Active","isVerified":true,"imageUrl":"/supplier-assets/f045f599696c40529c7d52b2abee2913.jpg","phone":"0922334455","email":"hotro@bahuan.com.vn","address":"Long An"}}', N'192.168.24.45', N'Dart/3.6 (dart:io)', CAST(N'2026-04-23T08:47:34.5222471' AS DateTime2))
INSERT [dbo].[AdminAuditLogs] ([AdminAuditLogID], [ActorUserID], [ActorEmail], [ActorRole], [Action], [EntityType], [EntityId], [Summary], [DataJson], [IpAddress], [UserAgent], [CreatedAt]) VALUES (59, 1, N'freshfood@gmail.com', N'Admin', N'suppliers.upload_image', N'Supplier', N'0', N'Uploaded supplier image', N'{"imageUrl":"/supplier-assets/941f3bff435a41d39352efa4307e8590.jpg","fileName":"scaled_1000001842.jpg","size":20397,"contentType":"image/jpeg"}', N'192.168.24.45', N'Dart/3.6 (dart:io)', CAST(N'2026-04-23T08:47:42.6127829' AS DateTime2))
INSERT [dbo].[AdminAuditLogs] ([AdminAuditLogID], [ActorUserID], [ActorEmail], [ActorRole], [Action], [EntityType], [EntityId], [Summary], [DataJson], [IpAddress], [UserAgent], [CreatedAt]) VALUES (60, 1, N'freshfood@gmail.com', N'Admin', N'suppliers.update', N'Supplier', N'2', N'Updated supplier: CP Food', N'{"supplierId":2,"before":{"supplierName":"CP Food","supplierCode":"VH-2026-002","status":"Active","isVerified":true,"imageUrl":null,"phone":"0912345678","email":"sales@cpfood.vn","address":"\u00D0\u1ED3ng Nai"},"after":{"supplierName":"CP Food","supplierCode":"VH-2026-002","status":"Active","isVerified":true,"imageUrl":"/supplier-assets/941f3bff435a41d39352efa4307e8590.jpg","phone":"0912345678","email":"sales@cpfood.vn","address":"\u00D0\u1ED3ng Nai"}}', N'192.168.24.45', N'Dart/3.6 (dart:io)', CAST(N'2026-04-23T08:47:43.8986912' AS DateTime2))
INSERT [dbo].[AdminAuditLogs] ([AdminAuditLogID], [ActorUserID], [ActorEmail], [ActorRole], [Action], [EntityType], [EntityId], [Summary], [DataJson], [IpAddress], [UserAgent], [CreatedAt]) VALUES (61, 1, N'freshfood@gmail.com', N'Admin', N'suppliers.upload_image', N'Supplier', N'0', N'Uploaded supplier image', N'{"imageUrl":"/supplier-assets/fc9de56fcab949cf860c155fee33ffb4.jpg","fileName":"scaled_1000001842.jpg","size":20397,"contentType":"image/jpeg"}', N'192.168.24.45', N'Dart/3.6 (dart:io)', CAST(N'2026-04-23T08:47:52.1464011' AS DateTime2))
INSERT [dbo].[AdminAuditLogs] ([AdminAuditLogID], [ActorUserID], [ActorEmail], [ActorRole], [Action], [EntityType], [EntityId], [Summary], [DataJson], [IpAddress], [UserAgent], [CreatedAt]) VALUES (62, 1, N'freshfood@gmail.com', N'Admin', N'suppliers.update', N'Supplier', N'5', N'Updated supplier: Gạo Sạch ST25', N'{"supplierId":5,"before":{"supplierName":"G\u1EA1o S\u1EA1ch ST25","supplierCode":"VH-2026-005","status":"Active","isVerified":true,"imageUrl":null,"phone":"0933445566","email":"gaost25@soctrang.vn","address":"S\u00F3c Trang"},"after":{"supplierName":"G\u1EA1o S\u1EA1ch ST25","supplierCode":"VH-2026-005","status":"Active","isVerified":true,"imageUrl":"/supplier-assets/fc9de56fcab949cf860c155fee33ffb4.jpg","phone":"0933445566","email":"gaost25@soctrang.vn","address":"S\u00F3c Trang"}}', N'192.168.24.45', N'Dart/3.6 (dart:io)', CAST(N'2026-04-23T08:47:54.1223996' AS DateTime2))
INSERT [dbo].[AdminAuditLogs] ([AdminAuditLogID], [ActorUserID], [ActorEmail], [ActorRole], [Action], [EntityType], [EntityId], [Summary], [DataJson], [IpAddress], [UserAgent], [CreatedAt]) VALUES (63, 1, N'freshfood@gmail.com', N'Admin', N'suppliers.delete', N'Supplier', N'9', N'Deleted supplier: test', N'{"supplierId":9,"supplierName":"test","supplierCode":"VH-2026-009"}', N'192.168.24.45', N'Dart/3.6 (dart:io)', CAST(N'2026-04-23T08:48:02.9184207' AS DateTime2))
INSERT [dbo].[AdminAuditLogs] ([AdminAuditLogID], [ActorUserID], [ActorEmail], [ActorRole], [Action], [EntityType], [EntityId], [Summary], [DataJson], [IpAddress], [UserAgent], [CreatedAt]) VALUES (64, 1, N'freshfood@gmail.com', N'Admin', N'suppliers.delete', N'Supplier', N'10', N'Deleted supplier: abc', N'{"supplierId":10,"supplierName":"abc","supplierCode":"VH-2026-010"}', N'192.168.24.45', N'Dart/3.6 (dart:io)', CAST(N'2026-04-23T08:48:05.1889816' AS DateTime2))
INSERT [dbo].[AdminAuditLogs] ([AdminAuditLogID], [ActorUserID], [ActorEmail], [ActorRole], [Action], [EntityType], [EntityId], [Summary], [DataJson], [IpAddress], [UserAgent], [CreatedAt]) VALUES (65, 1, N'freshfood@gmail.com', N'Admin', N'suppliers.upload_image', N'Supplier', N'0', N'Uploaded supplier image', N'{"imageUrl":"/supplier-assets/f70b477302a24fe095e73adf95e6a2c2.jpg","fileName":"scaled_1000001842.jpg","size":20397,"contentType":"image/jpeg"}', N'192.168.24.45', N'Dart/3.6 (dart:io)', CAST(N'2026-04-23T08:48:11.1865776' AS DateTime2))
INSERT [dbo].[AdminAuditLogs] ([AdminAuditLogID], [ActorUserID], [ActorEmail], [ActorRole], [Action], [EntityType], [EntityId], [Summary], [DataJson], [IpAddress], [UserAgent], [CreatedAt]) VALUES (66, 1, N'freshfood@gmail.com', N'Admin', N'suppliers.update', N'Supplier', N'1', N'Updated supplier: Lâm Đồng Farm', N'{"supplierId":1,"before":{"supplierName":"L\u00E2m \u0110\u1ED3ng Farm","supplierCode":"VH-2026-001","status":"Active","isVerified":true,"imageUrl":null,"phone":"0901234567","email":"contact@lamdongfarm.com","address":"\u0110\u00E0 L\u1EA1t, L\u00E2m \u0110\u1ED3ng"},"after":{"supplierName":"L\u00E2m \u0110\u1ED3ng Farm","supplierCode":"VH-2026-001","status":"Active","isVerified":true,"imageUrl":"/supplier-assets/f70b477302a24fe095e73adf95e6a2c2.jpg","phone":"0901234567","email":"contact@lamdongfarm.com","address":"\u0110\u00E0 L\u1EA1t, L\u00E2m \u0110\u1ED3ng"}}', N'192.168.24.45', N'Dart/3.6 (dart:io)', CAST(N'2026-04-23T08:48:12.5348621' AS DateTime2))
INSERT [dbo].[AdminAuditLogs] ([AdminAuditLogID], [ActorUserID], [ActorEmail], [ActorRole], [Action], [EntityType], [EntityId], [Summary], [DataJson], [IpAddress], [UserAgent], [CreatedAt]) VALUES (67, 1, N'freshfood@gmail.com', N'Admin', N'suppliers.upload_image', N'Supplier', N'0', N'Uploaded supplier image', N'{"imageUrl":"/supplier-assets/5e65d14207284fff8b08b08429524b21.jpg","fileName":"scaled_1000001842.jpg","size":20397,"contentType":"image/jpeg"}', N'192.168.24.45', N'Dart/3.6 (dart:io)', CAST(N'2026-04-23T08:48:18.7613167' AS DateTime2))
INSERT [dbo].[AdminAuditLogs] ([AdminAuditLogID], [ActorUserID], [ActorEmail], [ActorRole], [Action], [EntityType], [EntityId], [Summary], [DataJson], [IpAddress], [UserAgent], [CreatedAt]) VALUES (68, 1, N'freshfood@gmail.com', N'Admin', N'suppliers.update', N'Supplier', N'3', N'Updated supplier: Hải Sản Nha Trang', N'{"supplierId":3,"before":{"supplierName":"H\u1EA3i S\u1EA3n Nha Trang","supplierCode":"VH-2026-003","status":"Active","isVerified":true,"imageUrl":null,"phone":"0987654321","email":"hungseafood@gmail.com","address":"Nha Trang, Kh\u00E1nh H\u00F2a"},"after":{"supplierName":"H\u1EA3i S\u1EA3n Nha Trang","supplierCode":"VH-2026-003","status":"Active","isVerified":true,"imageUrl":"/supplier-assets/5e65d14207284fff8b08b08429524b21.jpg","phone":"0987654321","email":"hungseafood@gmail.com","address":"Nha Trang, Kh\u00E1nh H\u00F2a"}}', N'192.168.24.45', N'Dart/3.6 (dart:io)', CAST(N'2026-04-23T08:48:20.0364370' AS DateTime2))
INSERT [dbo].[AdminAuditLogs] ([AdminAuditLogID], [ActorUserID], [ActorEmail], [ActorRole], [Action], [EntityType], [EntityId], [Summary], [DataJson], [IpAddress], [UserAgent], [CreatedAt]) VALUES (69, 1, N'freshfood@gmail.com', N'Admin', N'products.create', N'Product', N'48', N'Created product: test', N'{"productId":48,"productName":"test","price":40000,"stockQuantity":200,"status":"Active"}', N'192.168.24.45', N'Dart/3.6 (dart:io)', CAST(N'2026-04-23T09:36:36.9298289' AS DateTime2))
INSERT [dbo].[AdminAuditLogs] ([AdminAuditLogID], [ActorUserID], [ActorEmail], [ActorRole], [Action], [EntityType], [EntityId], [Summary], [DataJson], [IpAddress], [UserAgent], [CreatedAt]) VALUES (70, 1, N'freshfood@gmail.com', N'Admin', N'products.update', N'Product', N'48', N'Updated product: test', N'{"productId":48,"before":{"productName":"test","price":40000.00,"discountPrice":50000.00,"stockQuantity":200,"status":"Active"},"after":{"productName":"test","price":50000,"discountPrice":40000,"stockQuantity":200,"status":"Active"}}', N'::1', N'Mozilla/5.0 (Windows NT 10.0; Win64; x64) AppleWebKit/537.36 (KHTML, like Gecko) Chrome/147.0.0.0 Safari/537.36 Edg/147.0.0.0', CAST(N'2026-04-23T09:38:39.4294353' AS DateTime2))
INSERT [dbo].[AdminAuditLogs] ([AdminAuditLogID], [ActorUserID], [ActorEmail], [ActorRole], [Action], [EntityType], [EntityId], [Summary], [DataJson], [IpAddress], [UserAgent], [CreatedAt]) VALUES (71, 1, N'freshfood@gmail.com', N'Admin', N'products.create', N'Product', N'49', N'Created product: abc', N'{"productId":49,"productName":"abc","price":100,"stockQuantity":200,"status":"Inactive"}', N'192.168.24.45', N'Dart/3.6 (dart:io)', CAST(N'2026-04-23T09:45:31.0601330' AS DateTime2))
INSERT [dbo].[AdminAuditLogs] ([AdminAuditLogID], [ActorUserID], [ActorEmail], [ActorRole], [Action], [EntityType], [EntityId], [Summary], [DataJson], [IpAddress], [UserAgent], [CreatedAt]) VALUES (72, 1, N'freshfood@gmail.com', N'Admin', N'products.update', N'Product', N'49', N'Updated product: abcd', N'{"productId":49,"before":{"productName":"abc","price":100.00,"discountPrice":null,"stockQuantity":200,"status":"Inactive"},"after":{"productName":"abcd","price":1000,"discountPrice":null,"stockQuantity":200,"status":"Inactive"}}', N'192.168.24.45', N'Dart/3.6 (dart:io)', CAST(N'2026-04-23T09:47:54.7450723' AS DateTime2))
INSERT [dbo].[AdminAuditLogs] ([AdminAuditLogID], [ActorUserID], [ActorEmail], [ActorRole], [Action], [EntityType], [EntityId], [Summary], [DataJson], [IpAddress], [UserAgent], [CreatedAt]) VALUES (73, 1, N'freshfood@gmail.com', N'Admin', N'orders.update_status', N'Order', N'95', N'Order status: Processing -> Preparing', N'{"orderId":95,"from":"Processing","to":"Preparing"}', N'::1', N'Mozilla/5.0 (Windows NT 10.0; Win64; x64) AppleWebKit/537.36 (KHTML, like Gecko) Chrome/147.0.0.0 Safari/537.36 Edg/147.0.0.0', CAST(N'2026-04-24T02:30:18.7516628' AS DateTime2))
INSERT [dbo].[AdminAuditLogs] ([AdminAuditLogID], [ActorUserID], [ActorEmail], [ActorRole], [Action], [EntityType], [EntityId], [Summary], [DataJson], [IpAddress], [UserAgent], [CreatedAt]) VALUES (74, 1, N'freshfood@gmail.com', N'Admin', N'orders.update_status', N'Order', N'95', N'Order status: Preparing -> Preparing', N'{"orderId":95,"from":"Preparing","to":"Preparing"}', N'192.168.24.16', N'Dart/3.6 (dart:io)', CAST(N'2026-04-24T03:26:41.5955433' AS DateTime2))
INSERT [dbo].[AdminAuditLogs] ([AdminAuditLogID], [ActorUserID], [ActorEmail], [ActorRole], [Action], [EntityType], [EntityId], [Summary], [DataJson], [IpAddress], [UserAgent], [CreatedAt]) VALUES (75, 1, N'freshfood@gmail.com', N'Admin', N'orders.update_status', N'Order', N'95', N'Order status: Preparing -> Shipping', N'{"orderId":95,"from":"Preparing","to":"Shipping"}', N'192.168.24.16', N'Dart/3.6 (dart:io)', CAST(N'2026-04-24T03:27:28.0249441' AS DateTime2))
INSERT [dbo].[AdminAuditLogs] ([AdminAuditLogID], [ActorUserID], [ActorEmail], [ActorRole], [Action], [EntityType], [EntityId], [Summary], [DataJson], [IpAddress], [UserAgent], [CreatedAt]) VALUES (76, 1, N'freshfood@gmail.com', N'Admin', N'orders.update_status', N'Order', N'95', N'Order status: Shipping -> Delivered', N'{"orderId":95,"from":"Shipping","to":"Delivered"}', N'192.168.24.16', N'Dart/3.6 (dart:io)', CAST(N'2026-04-24T03:27:33.9164200' AS DateTime2))
SET IDENTITY_INSERT [dbo].[AdminAuditLogs] OFF
GO
SET IDENTITY_INSERT [dbo].[BlogComments] ON 

INSERT [dbo].[BlogComments] ([BlogCommentID], [BlogPostID], [Content], [CreatedAt], [UserID], [ParentCommentID]) VALUES (5, 5, N'Bài viết rất hữu ích. Nhà mình đã chuyển sang dùng rau hữu cơ của FreshFood được 3 tháng và thực sự thấy sự khác biệt về hương vị!', CAST(N'2026-04-10T03:37:35.6831391' AS DateTime2), 6, NULL)
INSERT [dbo].[BlogComments] ([BlogCommentID], [BlogPostID], [Content], [CreatedAt], [UserID], [ParentCommentID]) VALUES (6, 5, N'@hoang hehe', CAST(N'2026-04-10T03:41:39.0223236' AS DateTime2), 1, NULL)
INSERT [dbo].[BlogComments] ([BlogCommentID], [BlogPostID], [Content], [CreatedAt], [UserID], [ParentCommentID]) VALUES (7, 5, N'hehe', CAST(N'2026-04-10T03:47:14.0825909' AS DateTime2), 1, 5)
INSERT [dbo].[BlogComments] ([BlogCommentID], [BlogPostID], [Content], [CreatedAt], [UserID], [ParentCommentID]) VALUES (8, 2, N'gfdghg', CAST(N'2026-04-22T02:12:53.4290912' AS DateTime2), 1, NULL)
INSERT [dbo].[BlogComments] ([BlogCommentID], [BlogPostID], [Content], [CreatedAt], [UserID], [ParentCommentID]) VALUES (9, 2, N'hello', CAST(N'2026-04-22T02:16:26.9668800' AS DateTime2), 8, 8)
INSERT [dbo].[BlogComments] ([BlogCommentID], [BlogPostID], [Content], [CreatedAt], [UserID], [ParentCommentID]) VALUES (10, 2, N'hello', CAST(N'2026-04-22T02:18:20.1608570' AS DateTime2), 6, NULL)
INSERT [dbo].[BlogComments] ([BlogCommentID], [BlogPostID], [Content], [CreatedAt], [UserID], [ParentCommentID]) VALUES (11, 2, N'hello', CAST(N'2026-04-22T02:58:38.6191576' AS DateTime2), 6, NULL)
INSERT [dbo].[BlogComments] ([BlogCommentID], [BlogPostID], [Content], [CreatedAt], [UserID], [ParentCommentID]) VALUES (12, 2, N'hello', CAST(N'2026-04-22T02:58:43.0721166' AS DateTime2), 6, NULL)
INSERT [dbo].[BlogComments] ([BlogCommentID], [BlogPostID], [Content], [CreatedAt], [UserID], [ParentCommentID]) VALUES (13, 2, N'hello', CAST(N'2026-04-22T02:58:48.6967298' AS DateTime2), 6, NULL)
INSERT [dbo].[BlogComments] ([BlogCommentID], [BlogPostID], [Content], [CreatedAt], [UserID], [ParentCommentID]) VALUES (14, 2, N'hello', CAST(N'2026-04-22T02:58:50.3814041' AS DateTime2), 6, NULL)
INSERT [dbo].[BlogComments] ([BlogCommentID], [BlogPostID], [Content], [CreatedAt], [UserID], [ParentCommentID]) VALUES (15, 2, N'hello', CAST(N'2026-04-22T02:58:51.9583556' AS DateTime2), 6, NULL)
INSERT [dbo].[BlogComments] ([BlogCommentID], [BlogPostID], [Content], [CreatedAt], [UserID], [ParentCommentID]) VALUES (16, 2, N'hello', CAST(N'2026-04-22T02:58:53.6903808' AS DateTime2), 6, NULL)
INSERT [dbo].[BlogComments] ([BlogCommentID], [BlogPostID], [Content], [CreatedAt], [UserID], [ParentCommentID]) VALUES (17, 2, N'hello', CAST(N'2026-04-22T02:58:55.1639723' AS DateTime2), 6, NULL)
INSERT [dbo].[BlogComments] ([BlogCommentID], [BlogPostID], [Content], [CreatedAt], [UserID], [ParentCommentID]) VALUES (18, 2, N'hello', CAST(N'2026-04-22T02:58:56.7222062' AS DateTime2), 6, NULL)
INSERT [dbo].[BlogComments] ([BlogCommentID], [BlogPostID], [Content], [CreatedAt], [UserID], [ParentCommentID]) VALUES (19, 2, N'😪😪😪🙏🏻🙏🏻🙏🏻', CAST(N'2026-04-22T03:14:46.9506687' AS DateTime2), 6, NULL)
SET IDENTITY_INSERT [dbo].[BlogComments] OFF
GO
SET IDENTITY_INSERT [dbo].[BlogPosts] ON 

INSERT [dbo].[BlogPosts] ([BlogPostID], [Title], [Slug], [Excerpt], [Content], [CoverImageUrl], [IsPublished], [PublishedAt], [CreatedAt], [UpdatedAt], [ViewCount]) VALUES (1, N'FreshFood – Mẹo chọn rau củ tươi mỗi ngày', N'meo-chon-rau-cu-tuoi-moi-ngay', N'Những mẹo đơn giản giúp bạn chọn rau củ tươi ngon, an toàn và bảo quản đúng cách.', N'<aside class="md:col-span-1 hidden md:flex flex-col gap-6 sticky top-32 h-fit" style="--tw-border-spacing-x: 0; --tw-border-spacing-y: 0; --tw-translate-x: 0; --tw-translate-y: 0; --tw-rotate: 0; --tw-skew-x: 0; --tw-skew-y: 0; --tw-scale-x: 1; --tw-scale-y: 1; --tw-pan-x: ; --tw-pan-y: ; --tw-pinch-zoom: ; --tw-scroll-snap-strictness: proximity; --tw-gradient-from-position: ; --tw-gradient-via-position: ; --tw-gradient-to-position: ; --tw-ordinal: ; --tw-slashed-zero: ; --tw-numeric-figure: ; --tw-numeric-spacing: ; --tw-numeric-fraction: ; --tw-ring-inset: ; --tw-ring-offset-width: 0px; --tw-ring-offset-color: #fff; --tw-ring-color: rgb(59 130 246 / 0.5); --tw-ring-offset-shadow: 0 0 #0000; --tw-ring-shadow: 0 0 #0000; --tw-shadow: 0 0 #0000; --tw-shadow-colored: 0 0 #0000; --tw-blur: ; --tw-brightness: ; --tw-contrast: ; --tw-grayscale: ; --tw-hue-rotate: ; --tw-invert: ; --tw-saturate: ; --tw-sepia: ; --tw-drop-shadow: ; --tw-backdrop-blur: ; --tw-backdrop-brightness: ; --tw-backdrop-contrast: ; --tw-backdrop-grayscale: ; --tw-backdrop-hue-rotate: ; --tw-backdrop-invert: ; --tw-backdrop-opacity: ; --tw-backdrop-saturate: ; --tw-backdrop-sepia: ; --tw-contain-size: ; --tw-contain-layout: ; --tw-contain-paint: ; --tw-contain-style: ; border-width: 0px; border-style: solid; border-color: rgb(229, 231, 235); position: sticky; top: 8rem; display: flex; height: fit-content; flex-direction: column; gap: 1.5rem; grid-column: span 1 / span 1; color: rgb(26, 28, 28); font-family: Manrope, sans-serif; font-weight: 400; background-color: rgb(250, 249, 248);"><section class="space-y-6" style="--tw-border-spacing-x: 0; --tw-border-spacing-y: 0; --tw-translate-x: 0; --tw-translate-y: 0; --tw-rotate: 0; --tw-skew-x: 0; --tw-skew-y: 0; --tw-scale-x: 1; --tw-scale-y: 1; --tw-pan-x: ; --tw-pan-y: ; --tw-pinch-zoom: ; --tw-scroll-snap-strictness: proximity; --tw-gradient-from-position: ; --tw-gradient-via-position: ; --tw-gradient-to-position: ; --tw-ordinal: ; --tw-slashed-zero: ; --tw-numeric-figure: ; --tw-numeric-spacing: ; --tw-numeric-fraction: ; --tw-ring-inset: ; --tw-ring-offset-width: 0px; --tw-ring-offset-color: #fff; --tw-ring-color: rgb(59 130 246 / 0.5); --tw-ring-offset-shadow: 0 0 #0000; --tw-ring-shadow: 0 0 #0000; --tw-shadow: 0 0 #0000; --tw-shadow-colored: 0 0 #0000; --tw-blur: ; --tw-brightness: ; --tw-contrast: ; --tw-grayscale: ; --tw-hue-rotate: ; --tw-invert: ; --tw-saturate: ; --tw-sepia: ; --tw-drop-shadow: ; --tw-backdrop-blur: ; --tw-backdrop-brightness: ; --tw-backdrop-contrast: ; --tw-backdrop-grayscale: ; --tw-backdrop-hue-rotate: ; --tw-backdrop-invert: ; --tw-backdrop-opacity: ; --tw-backdrop-saturate: ; --tw-backdrop-sepia: ; --tw-contain-size: ; --tw-contain-layout: ; --tw-contain-paint: ; --tw-contain-style: ; border-width: 0px; border-style: solid; border-color: rgb(229, 231, 235); font-family: Manrope; font-size: 18px;"><p class="text-2xl font-light italic text-primary leading-snug first-letter:text-7xl first-letter:font-extrabold first-letter:mr-3 first-letter:float-left first-letter:text-on-surface" style="--tw-border-spacing-x: 0; --tw-border-spacing-y: 0; --tw-translate-x: 0; --tw-translate-y: 0; --tw-rotate: 0; --tw-skew-x: 0; --tw-skew-y: 0; --tw-scale-x: 1; --tw-scale-y: 1; --tw-pan-x: ; --tw-pan-y: ; --tw-pinch-zoom: ; --tw-scroll-snap-strictness: proximity; --tw-gradient-from-position: ; --tw-gradient-via-position: ; --tw-gradient-to-position: ; --tw-ordinal: ; --tw-slashed-zero: ; --tw-numeric-figure: ; --tw-numeric-spacing: ; --tw-numeric-fraction: ; --tw-ring-inset: ; --tw-ring-offset-width: 0px; --tw-ring-offset-color: #fff; --tw-ring-color: rgb(59 130 246 / 0.5); --tw-ring-offset-shadow: 0 0 #0000; --tw-ring-shadow: 0 0 #0000; --tw-shadow: 0 0 #0000; --tw-shadow-colored: 0 0 #0000; --tw-blur: ; --tw-brightness: ; --tw-contrast: ; --tw-grayscale: ; --tw-hue-rotate: ; --tw-invert: ; --tw-saturate: ; --tw-sepia: ; --tw-drop-shadow: ; --tw-backdrop-blur: ; --tw-backdrop-brightness: ; --tw-backdrop-contrast: ; --tw-backdrop-grayscale: ; --tw-backdrop-hue-rotate: ; --tw-backdrop-invert: ; --tw-backdrop-opacity: ; --tw-backdrop-saturate: ; --tw-backdrop-sepia: ; --tw-contain-size: ; --tw-contain-layout: ; --tw-contain-paint: ; --tw-contain-style: ; border-width: 0px; border-style: solid; border-color: rgb(229, 231, 235); margin-top: 0px; margin-bottom: 0px; font-size: 1.5rem; line-height: 1.375; font-style: italic; --tw-text-opacity: 1; color: rgb(59, 105, 52);">Việc lựa chọn thực phẩm tươi sống không chỉ là bước đầu tiên trong việc tạo ra một bữa ăn ngon mà còn là cam kết cho sức khỏe của bạn và gia đình. Trong một thế giới của sự tiện lợi, việc quay trở lại với những giác quan cơ bản để cảm nhận độ tươi của rau củ là một nghệ thuật cần được trân trọng.</p><p style="--tw-border-spacing-x: 0; --tw-border-spacing-y: 0; --tw-translate-x: 0; --tw-translate-y: 0; --tw-rotate: 0; --tw-skew-x: 0; --tw-skew-y: 0; --tw-scale-x: 1; --tw-scale-y: 1; --tw-pan-x: ; --tw-pan-y: ; --tw-pinch-zoom: ; --tw-scroll-snap-strictness: proximity; --tw-gradient-from-position: ; --tw-gradient-via-position: ; --tw-gradient-to-position: ; --tw-ordinal: ; --tw-slashed-zero: ; --tw-numeric-figure: ; --tw-numeric-spacing: ; --tw-numeric-fraction: ; --tw-ring-inset: ; --tw-ring-offset-width: 0px; --tw-ring-offset-color: #fff; --tw-ring-color: rgb(59 130 246 / 0.5); --tw-ring-offset-shadow: 0 0 #0000; --tw-ring-shadow: 0 0 #0000; --tw-shadow: 0 0 #0000; --tw-shadow-colored: 0 0 #0000; --tw-blur: ; --tw-brightness: ; --tw-contrast: ; --tw-grayscale: ; --tw-hue-rotate: ; --tw-invert: ; --tw-saturate: ; --tw-sepia: ; --tw-drop-shadow: ; --tw-backdrop-blur: ; --tw-backdrop-brightness: ; --tw-backdrop-contrast: ; --tw-backdrop-grayscale: ; --tw-backdrop-hue-rotate: ; --tw-backdrop-invert: ; --tw-backdrop-opacity: ; --tw-backdrop-saturate: ; --tw-backdrop-sepia: ; --tw-contain-size: ; --tw-contain-layout: ; --tw-contain-paint: ; --tw-contain-style: ; border-width: 0px; border-style: solid; border-color: rgb(229, 231, 235); margin-top: 24px; margin-bottom: 0px; --tw-space-y-reverse: 0;">Mỗi loại rau củ đều có tiếng nói riêng. Chúng kể về hành trình từ lòng đất mẹ đến gian bếp qua màu sắc, kết cấu và hương thơm. Để trở thành một người nội trợ thông thái, hãy cùng FreshFood khám phá những bí quyết chọn lựa tinh tế nhất.</p></section><section class="bg-surface-container-low p-10 rounded-xl space-y-4" style="--tw-border-spacing-x: 0; --tw-border-spacing-y: 0; --tw-translate-x: 0; --tw-translate-y: 0; --tw-rotate: 0; --tw-skew-x: 0; --tw-skew-y: 0; --tw-scale-x: 1; --tw-scale-y: 1; --tw-pan-x: ; --tw-pan-y: ; --tw-pinch-zoom: ; --tw-scroll-snap-strictness: proximity; --tw-gradient-from-position: ; --tw-gradient-via-position: ; --tw-gradient-to-position: ; --tw-ordinal: ; --tw-slashed-zero: ; --tw-numeric-figure: ; --tw-numeric-spacing: ; --tw-numeric-fraction: ; --tw-ring-inset: ; --tw-ring-offset-width: 0px; --tw-ring-offset-color: #fff; --tw-ring-color: rgb(59 130 246 / 0.5); --tw-ring-offset-shadow: 0 0 #0000; --tw-ring-shadow: 0 0 #0000; --tw-shadow: 0 0 #0000; --tw-shadow-colored: 0 0 #0000; --tw-blur: ; --tw-brightness: ; --tw-contrast: ; --tw-grayscale: ; --tw-hue-rotate: ; --tw-invert: ; --tw-saturate: ; --tw-sepia: ; --tw-drop-shadow: ; --tw-backdrop-blur: ; --tw-backdrop-brightness: ; --tw-backdrop-contrast: ; --tw-backdrop-grayscale: ; --tw-backdrop-hue-rotate: ; --tw-backdrop-invert: ; --tw-backdrop-opacity: ; --tw-backdrop-saturate: ; --tw-backdrop-sepia: ; --tw-contain-size: ; --tw-contain-layout: ; --tw-contain-paint: ; --tw-contain-style: ; border-width: 0px; border-style: solid; border-color: rgb(229, 231, 235); border-radius: 0.75rem; --tw-bg-opacity: 1; background-color: rgb(244, 243, 242); padding: 2.5rem; --tw-space-y-reverse: 0; margin-top: 48px; font-family: Manrope; font-size: 18px;"><h2 class="text-3xl font-bold tracking-tight text-primary flex items-center gap-3" style="--tw-border-spacing-x: 0; --tw-border-spacing-y: 0; --tw-translate-x: 0; --tw-translate-y: 0; --tw-rotate: 0; --tw-skew-x: 0; --tw-skew-y: 0; --tw-scale-x: 1; --tw-scale-y: 1; --tw-pan-x: ; --tw-pan-y: ; --tw-pinch-zoom: ; --tw-scroll-snap-strictness: proximity; --tw-gradient-from-position: ; --tw-gradient-via-position: ; --tw-gradient-to-position: ; --tw-ordinal: ; --tw-slashed-zero: ; --tw-numeric-figure: ; --tw-numeric-spacing: ; --tw-numeric-fraction: ; --tw-ring-inset: ; --tw-ring-offset-width: 0px; --tw-ring-offset-color: #fff; --tw-ring-color: rgb(59 130 246 / 0.5); --tw-ring-offset-shadow: 0 0 #0000; --tw-ring-shadow: 0 0 #0000; --tw-shadow: 0 0 #0000; --tw-shadow-colored: 0 0 #0000; --tw-blur: ; --tw-brightness: ; --tw-contrast: ; --tw-grayscale: ; --tw-hue-rotate: ; --tw-invert: ; --tw-saturate: ; --tw-sepia: ; --tw-drop-shadow: ; --tw-backdrop-blur: ; --tw-backdrop-brightness: ; --tw-backdrop-contrast: ; --tw-backdrop-grayscale: ; --tw-backdrop-hue-rotate: ; --tw-backdrop-invert: ; --tw-backdrop-opacity: ; --tw-backdrop-saturate: ; --tw-backdrop-sepia: ; --tw-contain-size: ; --tw-contain-layout: ; --tw-contain-paint: ; --tw-contain-style: ; border-width: 0px; border-style: solid; border-color: rgb(229, 231, 235); font-family: &quot;Plus Jakarta Sans&quot;, sans-serif; font-size: 1.875rem; display: flex; align-items: center; gap: 0.75rem; line-height: 2.25rem; letter-spacing: -0.025em; --tw-text-opacity: 1; color: rgb(59, 105, 52);"><span class="text-primary-fixed-dim text-5xl opacity-50" style="--tw-border-spacing-x: 0; --tw-border-spacing-y: 0; --tw-translate-x: 0; --tw-translate-y: 0; --tw-rotate: 0; --tw-skew-x: 0; --tw-skew-y: 0; --tw-scale-x: 1; --tw-scale-y: 1; --tw-pan-x: ; --tw-pan-y: ; --tw-pinch-zoom: ; --tw-scroll-snap-strictness: proximity; --tw-gradient-from-position: ; --tw-gradient-via-position: ; --tw-gradient-to-position: ; --tw-ordinal: ; --tw-slashed-zero: ; --tw-numeric-figure: ; --tw-numeric-spacing: ; --tw-numeric-fraction: ; --tw-ring-inset: ; --tw-ring-offset-width: 0px; --tw-ring-offset-color: #fff; --tw-ring-color: rgb(59 130 246 / 0.5); --tw-ring-offset-shadow: 0 0 #0000; --tw-ring-shadow: 0 0 #0000; --tw-shadow: 0 0 #0000; --tw-shadow-colored: 0 0 #0000; --tw-blur: ; --tw-brightness: ; --tw-contrast: ; --tw-grayscale: ; --tw-hue-rotate: ; --tw-invert: ; --tw-saturate: ; --tw-sepia: ; --tw-drop-shadow: ; --tw-backdrop-blur: ; --tw-backdrop-brightness: ; --tw-backdrop-contrast: ; --tw-backdrop-grayscale: ; --tw-backdrop-hue-rotate: ; --tw-backdrop-invert: ; --tw-backdrop-opacity: ; --tw-backdrop-saturate: ; --tw-backdrop-sepia: ; --tw-contain-size: ; --tw-contain-layout: ; --tw-contain-paint: ; --tw-contain-style: ; border-width: 0px; border-style: solid; border-color: rgb(229, 231, 235); font-size: 3rem; line-height: 1; --tw-text-opacity: 1; color: rgb(161, 212, 148); opacity: 0.5;">01</span>Kiểm tra màu sắc tự nhiên</h2><p style="--tw-border-spacing-x: 0; --tw-border-spacing-y: 0; --tw-translate-x: 0; --tw-translate-y: 0; --tw-rotate: 0; --tw-skew-x: 0; --tw-skew-y: 0; --tw-scale-x: 1; --tw-scale-y: 1; --tw-pan-x: ; --tw-pan-y: ; --tw-pinch-zoom: ; --tw-scroll-snap-strictness: proximity; --tw-gradient-from-position: ; --tw-gradient-via-position: ; --tw-gradient-to-position: ; --tw-ordinal: ; --tw-slashed-zero: ; --tw-numeric-figure: ; --tw-numeric-spacing: ; --tw-numeric-fraction: ; --tw-ring-inset: ; --tw-ring-offset-width: 0px; --tw-ring-offset-color: #fff; --tw-ring-color: rgb(59 130 246 / 0.5); --tw-ring-offset-shadow: 0 0 #0000; --tw-ring-shadow: 0 0 #0000; --tw-shadow: 0 0 #0000; --tw-shadow-colored: 0 0 #0000; --tw-blur: ; --tw-brightness: ; --tw-contrast: ; --tw-grayscale: ; --tw-hue-rotate: ; --tw-invert: ; --tw-saturate: ; --tw-sepia: ; --tw-drop-shadow: ; --tw-backdrop-blur: ; --tw-backdrop-brightness: ; --tw-backdrop-contrast: ; --tw-backdrop-grayscale: ; --tw-backdrop-hue-rotate: ; --tw-backdrop-invert: ; --tw-backdrop-opacity: ; --tw-backdrop-saturate: ; --tw-backdrop-sepia: ; --tw-contain-size: ; --tw-contain-layout: ; --tw-contain-paint: ; --tw-contain-style: ; border-width: 0px; border-style: solid; border-color: rgb(229, 231, 235); margin-top: 16px; margin-bottom: 0px; --tw-space-y-reverse: 0;">Màu sắc là chỉ số trung thực nhất của hàm lượng dinh dưỡng. Rau củ tươi luôn có màu sắc rực rỡ và đồng nhất. Tránh những loại có màu quá sậm bất thường hoặc có những vết loang lổ không tự nhiên. Ví dụ, cà rốt nên có màu cam sáng đậm, còn các loại rau lá xanh nên giữ được sắc xanh lục nguyên bản thay vì chuyển sang vàng úa.</p></section><section class="grid md:grid-cols-2 gap-8 items-center" style="--tw-border-spacing-x: 0; --tw-border-spacing-y: 0; --tw-translate-x: 0; --tw-translate-y: 0; --tw-rotate: 0; --tw-skew-x: 0; --tw-skew-y: 0; --tw-scale-x: 1; --tw-scale-y: 1; --tw-pan-x: ; --tw-pan-y: ; --tw-pinch-zoom: ; --tw-scroll-snap-strictness: proximity; --tw-gradient-from-position: ; --tw-gradient-via-position: ; --tw-gradient-to-position: ; --tw-ordinal: ; --tw-slashed-zero: ; --tw-numeric-figure: ; --tw-numeric-spacing: ; --tw-numeric-fraction: ; --tw-ring-inset: ; --tw-ring-offset-width: 0px; --tw-ring-offset-color: #fff; --tw-ring-color: rgb(59 130 246 / 0.5); --tw-ring-offset-shadow: 0 0 #0000; --tw-ring-shadow: 0 0 #0000; --tw-shadow: 0 0 #0000; --tw-shadow-colored: 0 0 #0000; --tw-blur: ; --tw-brightness: ; --tw-contrast: ; --tw-grayscale: ; --tw-hue-rotate: ; --tw-invert: ; --tw-saturate: ; --tw-sepia: ; --tw-drop-shadow: ; --tw-backdrop-blur: ; --tw-backdrop-brightness: ; --tw-backdrop-contrast: ; --tw-backdrop-grayscale: ; --tw-backdrop-hue-rotate: ; --tw-backdrop-invert: ; --tw-backdrop-opacity: ; --tw-backdrop-saturate: ; --tw-backdrop-sepia: ; --tw-contain-size: ; --tw-contain-layout: ; --tw-contain-paint: ; --tw-contain-style: ; border-width: 0px; border-style: solid; border-color: rgb(229, 231, 235); align-items: center; gap: 2rem; grid-template-columns: repeat(2, minmax(0px, 1fr)); --tw-space-y-reverse: 0; margin-top: 48px; font-family: Manrope; font-size: 18px;"><div class="space-y-4" style="--tw-border-spacing-x: 0; --tw-border-spacing-y: 0; --tw-translate-x: 0; --tw-translate-y: 0; --tw-rotate: 0; --tw-skew-x: 0; --tw-skew-y: 0; --tw-scale-x: 1; --tw-scale-y: 1; --tw-pan-x: ; --tw-pan-y: ; --tw-pinch-zoom: ; --tw-scroll-snap-strictness: proximity; --tw-gradient-from-position: ; --tw-gradient-via-position: ; --tw-gradient-to-position: ; --tw-ordinal: ; --tw-slashed-zero: ; --tw-numeric-figure: ; --tw-numeric-spacing: ; --tw-numeric-fraction: ; --tw-ring-inset: ; --tw-ring-offset-width: 0px; --tw-ring-offset-color: #fff; --tw-ring-color: rgb(59 130 246 / 0.5); --tw-ring-offset-shadow: 0 0 #0000; --tw-ring-shadow: 0 0 #0000; --tw-shadow: 0 0 #0000; --tw-shadow-colored: 0 0 #0000; --tw-blur: ; --tw-brightness: ; --tw-contrast: ; --tw-grayscale: ; --tw-hue-rotate: ; --tw-invert: ; --tw-saturate: ; --tw-sepia: ; --tw-drop-shadow: ; --tw-backdrop-blur: ; --tw-backdrop-brightness: ; --tw-backdrop-contrast: ; --tw-backdrop-grayscale: ; --tw-backdrop-hue-rotate: ; --tw-backdrop-invert: ; --tw-backdrop-opacity: ; --tw-backdrop-saturate: ; --tw-backdrop-sepia: ; --tw-contain-size: ; --tw-contain-layout: ; --tw-contain-paint: ; --tw-contain-style: ; border-width: 0px; border-style: solid; border-color: rgb(229, 231, 235);"><h2 class="text-3xl font-bold tracking-tight text-primary flex items-center gap-3" style="--tw-border-spacing-x: 0; --tw-border-spacing-y: 0; --tw-translate-x: 0; --tw-translate-y: 0; --tw-rotate: 0; --tw-skew-x: 0; --tw-skew-y: 0; --tw-scale-x: 1; --tw-scale-y: 1; --tw-pan-x: ; --tw-pan-y: ; --tw-pinch-zoom: ; --tw-scroll-snap-strictness: proximity; --tw-gradient-from-position: ; --tw-gradient-via-position: ; --tw-gradient-to-position: ; --tw-ordinal: ; --tw-slashed-zero: ; --tw-numeric-figure: ; --tw-numeric-spacing: ; --tw-numeric-fraction: ; --tw-ring-inset: ; --tw-ring-offset-width: 0px; --tw-ring-offset-color: #fff; --tw-ring-color: rgb(59 130 246 / 0.5); --tw-ring-offset-shadow: 0 0 #0000; --tw-ring-shadow: 0 0 #0000; --tw-shadow: 0 0 #0000; --tw-shadow-colored: 0 0 #0000; --tw-blur: ; --tw-brightness: ; --tw-contrast: ; --tw-grayscale: ; --tw-hue-rotate: ; --tw-invert: ; --tw-saturate: ; --tw-sepia: ; --tw-drop-shadow: ; --tw-backdrop-blur: ; --tw-backdrop-brightness: ; --tw-backdrop-contrast: ; --tw-backdrop-grayscale: ; --tw-backdrop-hue-rotate: ; --tw-backdrop-invert: ; --tw-backdrop-opacity: ; --tw-backdrop-saturate: ; --tw-backdrop-sepia: ; --tw-contain-size: ; --tw-contain-layout: ; --tw-contain-paint: ; --tw-contain-style: ; border-width: 0px; border-style: solid; border-color: rgb(229, 231, 235); font-family: &quot;Plus Jakarta Sans&quot;, sans-serif; font-size: 1.875rem; display: flex; align-items: center; gap: 0.75rem; line-height: 2.25rem; letter-spacing: -0.025em; --tw-text-opacity: 1; color: rgb(59, 105, 52);"><span class="text-primary-fixed-dim text-5xl opacity-50" style="--tw-border-spacing-x: 0; --tw-border-spacing-y: 0; --tw-translate-x: 0; --tw-translate-y: 0; --tw-rotate: 0; --tw-skew-x: 0; --tw-skew-y: 0; --tw-scale-x: 1; --tw-scale-y: 1; --tw-pan-x: ; --tw-pan-y: ; --tw-pinch-zoom: ; --tw-scroll-snap-strictness: proximity; --tw-gradient-from-position: ; --tw-gradient-via-position: ; --tw-gradient-to-position: ; --tw-ordinal: ; --tw-slashed-zero: ; --tw-numeric-figure: ; --tw-numeric-spacing: ; --tw-numeric-fraction: ; --tw-ring-inset: ; --tw-ring-offset-width: 0px; --tw-ring-offset-color: #fff; --tw-ring-color: rgb(59 130 246 / 0.5); --tw-ring-offset-shadow: 0 0 #0000; --tw-ring-shadow: 0 0 #0000; --tw-shadow: 0 0 #0000; --tw-shadow-colored: 0 0 #0000; --tw-blur: ; --tw-brightness: ; --tw-contrast: ; --tw-grayscale: ; --tw-hue-rotate: ; --tw-invert: ; --tw-saturate: ; --tw-sepia: ; --tw-drop-shadow: ; --tw-backdrop-blur: ; --tw-backdrop-brightness: ; --tw-backdrop-contrast: ; --tw-backdrop-grayscale: ; --tw-backdrop-hue-rotate: ; --tw-backdrop-invert: ; --tw-backdrop-opacity: ; --tw-backdrop-saturate: ; --tw-backdrop-sepia: ; --tw-contain-size: ; --tw-contain-layout: ; --tw-contain-paint: ; --tw-contain-style: ; border-width: 0px; border-style: solid; border-color: rgb(229, 231, 235); font-size: 3rem; line-height: 1; --tw-text-opacity: 1; color: rgb(161, 212, 148); opacity: 0.5;">02</span>Độ cứng và đàn hồi</h2><p style="--tw-border-spacing-x: 0; --tw-border-spacing-y: 0; --tw-translate-x: 0; --tw-translate-y: 0; --tw-rotate: 0; --tw-skew-x: 0; --tw-skew-y: 0; --tw-scale-x: 1; --tw-scale-y: 1; --tw-pan-x: ; --tw-pan-y: ; --tw-pinch-zoom: ; --tw-scroll-snap-strictness: proximity; --tw-gradient-from-position: ; --tw-gradient-via-position: ; --tw-gradient-to-position: ; --tw-ordinal: ; --tw-slashed-zero: ; --tw-numeric-figure: ; --tw-numeric-spacing: ; --tw-numeric-fraction: ; --tw-ring-inset: ; --tw-ring-offset-width: 0px; --tw-ring-offset-color: #fff; --tw-ring-color: rgb(59 130 246 / 0.5); --tw-ring-offset-shadow: 0 0 #0000; --tw-ring-shadow: 0 0 #0000; --tw-shadow: 0 0 #0000; --tw-shadow-colored: 0 0 #0000; --tw-blur: ; --tw-brightness: ; --tw-contrast: ; --tw-grayscale: ; --tw-hue-rotate: ; --tw-invert: ; --tw-saturate: ; --tw-sepia: ; --tw-drop-shadow: ; --tw-backdrop-blur: ; --tw-backdrop-brightness: ; --tw-backdrop-contrast: ; --tw-backdrop-grayscale: ; --tw-backdrop-hue-rotate: ; --tw-backdrop-invert: ; --tw-backdrop-opacity: ; --tw-backdrop-saturate: ; --tw-backdrop-sepia: ; --tw-contain-size: ; --tw-contain-layout: ; --tw-contain-paint: ; --tw-contain-style: ; border-width: 0px; border-style: solid; border-color: rgb(229, 231, 235); margin-top: 16px; margin-bottom: 0px; --tw-space-y-reverse: 0;">Hãy sử dụng đôi tay của bạn. Một quả cà chua tươi sẽ cho cảm giác chắc chắn khi cầm, nhưng vẫn có độ đàn hồi nhẹ khi ấn vào. Tránh những loại rau củ bị mềm nhũn, có dấu hiệu dập nát hoặc héo úa. Đặc biệt với các loại quả như ớt chuông hay dưa chuột, lớp vỏ phải căng bóng và không có nếp nhăn.</p></div><div class="rounded-xl overflow-hidden aspect-square" style="--tw-border-spacing-x: 0; --tw-border-spacing-y: 0; --tw-translate-x: 0; --tw-translate-y: 0; --tw-rotate: 0; --tw-skew-x: 0; --tw-skew-y: 0; --tw-scale-x: 1; --tw-scale-y: 1; --tw-pan-x: ; --tw-pan-y: ; --tw-pinch-zoom: ; --tw-scroll-snap-strictness: proximity; --tw-gradient-from-position: ; --tw-gradient-via-position: ; --tw-gradient-to-position: ; --tw-ordinal: ; --tw-slashed-zero: ; --tw-numeric-figure: ; --tw-numeric-spacing: ; --tw-numeric-fraction: ; --tw-ring-inset: ; --tw-ring-offset-width: 0px; --tw-ring-offset-color: #fff; --tw-ring-color: rgb(59 130 246 / 0.5); --tw-ring-offset-shadow: 0 0 #0000; --tw-ring-shadow: 0 0 #0000; --tw-shadow: 0 0 #0000; --tw-shadow-colored: 0 0 #0000; --tw-blur: ; --tw-brightness: ; --tw-contrast: ; --tw-grayscale: ; --tw-hue-rotate: ; --tw-invert: ; --tw-saturate: ; --tw-sepia: ; --tw-drop-shadow: ; --tw-backdrop-blur: ; --tw-backdrop-brightness: ; --tw-backdrop-contrast: ; --tw-backdrop-grayscale: ; --tw-backdrop-hue-rotate: ; --tw-backdrop-invert: ; --tw-backdrop-opacity: ; --tw-backdrop-saturate: ; --tw-backdrop-sepia: ; --tw-contain-size: ; --tw-contain-layout: ; --tw-contain-paint: ; --tw-contain-style: ; border-width: 0px; border-style: solid; border-color: rgb(229, 231, 235); aspect-ratio: 1 / 1; overflow: hidden; border-radius: 0.75rem;"><img class="w-full h-full object-cover" data-alt="close-up of hands selecting firm organic bell peppers and cucumbers at an outdoor farmer market" src="https://lh3.googleusercontent.com/aida-public/AB6AXuADiriT2Fe2ZStNBQA5w5np6JwhT3xzjNW2zNk_rWc8Ji2D30MOLjTiZsdRh_x5SIclivnTJ6EiimNWEHVjvkFgmm7TFJukEMfCKZddEwzCfELycW_6ZSeLskhPsqJQKKG2GsL-_S-9GFajWLfKqTjRuTXegX6QL_cwKKx8nIXr_e81fJMkprf_rD0Wsz5k0ozgMVbbaT35vs7C3JGEpnmx-rN5lULVCYnfFIGPIkDLz9ksLl9RNqdd3-uLxWrYn1TUpNibCDKJgQA" style="--tw-border-spacing-x: 0; --tw-border-spacing-y: 0; --tw-translate-x: 0; --tw-translate-y: 0; --tw-rotate: 0; --tw-skew-x: 0; --tw-skew-y: 0; --tw-scale-x: 1; --tw-scale-y: 1; --tw-pan-x: ; --tw-pan-y: ; --tw-pinch-zoom: ; --tw-scroll-snap-strictness: proximity; --tw-gradient-from-position: ; --tw-gradient-via-position: ; --tw-gradient-to-position: ; --tw-ordinal: ; --tw-slashed-zero: ; --tw-numeric-figure: ; --tw-numeric-spacing: ; --tw-numeric-fraction: ; --tw-ring-inset: ; --tw-ring-offset-width: 0px; --tw-ring-offset-color: #fff; --tw-ring-color: rgb(59 130 246 / 0.5); --tw-ring-offset-shadow: 0 0 #0000; --tw-ring-shadow: 0 0 #0000; --tw-shadow: 0 0 #0000; --tw-shadow-colored: 0 0 #0000; --tw-blur: ; --tw-brightness: ; --tw-contrast: ; --tw-grayscale: ; --tw-hue-rotate: ; --tw-invert: ; --tw-saturate: ; --tw-sepia: ; --tw-drop-shadow: ; --tw-backdrop-blur: ; --tw-backdrop-brightness: ; --tw-backdrop-contrast: ; --tw-backdrop-grayscale: ; --tw-backdrop-hue-rotate: ; --tw-backdrop-invert: ; --tw-backdrop-opacity: ; --tw-backdrop-saturate: ; --tw-backdrop-sepia: ; --tw-contain-size: ; --tw-contain-layout: ; --tw-contain-paint: ; --tw-contain-style: ; border-width: 0px; border-style: solid; border-color: rgb(229, 231, 235); vertical-align: middle; height: 370.667px; width: 370.667px; object-fit: cover;"></div></section><section class="space-y-4" style="--tw-border-spacing-x: 0; --tw-border-spacing-y: 0; --tw-translate-x: 0; --tw-translate-y: 0; --tw-rotate: 0; --tw-skew-x: 0; --tw-skew-y: 0; --tw-scale-x: 1; --tw-scale-y: 1; --tw-pan-x: ; --tw-pan-y: ; --tw-pinch-zoom: ; --tw-scroll-snap-strictness: proximity; --tw-gradient-from-position: ; --tw-gradient-via-position: ; --tw-gradient-to-position: ; --tw-ordinal: ; --tw-slashed-zero: ; --tw-numeric-figure: ; --tw-numeric-spacing: ; --tw-numeric-fraction: ; --tw-ring-inset: ; --tw-ring-offset-width: 0px; --tw-ring-offset-color: #fff; --tw-ring-color: rgb(59 130 246 / 0.5); --tw-ring-offset-shadow: 0 0 #0000; --tw-ring-shadow: 0 0 #0000; --tw-shadow: 0 0 #0000; --tw-shadow-colored: 0 0 #0000; --tw-blur: ; --tw-brightness: ; --tw-contrast: ; --tw-grayscale: ; --tw-hue-rotate: ; --tw-invert: ; --tw-saturate: ; --tw-sepia: ; --tw-drop-shadow: ; --tw-backdrop-blur: ; --tw-backdrop-brightness: ; --tw-backdrop-contrast: ; --tw-backdrop-grayscale: ; --tw-backdrop-hue-rotate: ; --tw-backdrop-invert: ; --tw-backdrop-opacity: ; --tw-backdrop-saturate: ; --tw-backdrop-sepia: ; --tw-contain-size: ; --tw-contain-layout: ; --tw-contain-paint: ; --tw-contain-style: ; border-width: 0px; border-style: solid; border-color: rgb(229, 231, 235); --tw-space-y-reverse: 0; margin-top: 48px; font-family: Manrope; font-size: 18px;"><h2 class="text-3xl font-bold tracking-tight text-primary flex items-center gap-3" style="--tw-border-spacing-x: 0; --tw-border-spacing-y: 0; --tw-translate-x: 0; --tw-translate-y: 0; --tw-rotate: 0; --tw-skew-x: 0; --tw-skew-y: 0; --tw-scale-x: 1; --tw-scale-y: 1; --tw-pan-x: ; --tw-pan-y: ; --tw-pinch-zoom: ; --tw-scroll-snap-strictness: proximity; --tw-gradient-from-position: ; --tw-gradient-via-position: ; --tw-gradient-to-position: ; --tw-ordinal: ; --tw-slashed-zero: ; --tw-numeric-figure: ; --tw-numeric-spacing: ; --tw-numeric-fraction: ; --tw-ring-inset: ; --tw-ring-offset-width: 0px; --tw-ring-offset-color: #fff; --tw-ring-color: rgb(59 130 246 / 0.5); --tw-ring-offset-shadow: 0 0 #0000; --tw-ring-shadow: 0 0 #0000; --tw-shadow: 0 0 #0000; --tw-shadow-colored: 0 0 #0000; --tw-blur: ; --tw-brightness: ; --tw-contrast: ; --tw-grayscale: ; --tw-hue-rotate: ; --tw-invert: ; --tw-saturate: ; --tw-sepia: ; --tw-drop-shadow: ; --tw-backdrop-blur: ; --tw-backdrop-brightness: ; --tw-backdrop-contrast: ; --tw-backdrop-grayscale: ; --tw-backdrop-hue-rotate: ; --tw-backdrop-invert: ; --tw-backdrop-opacity: ; --tw-backdrop-saturate: ; --tw-backdrop-sepia: ; --tw-contain-size: ; --tw-contain-layout: ; --tw-contain-paint: ; --tw-contain-style: ; border-width: 0px; border-style: solid; border-color: rgb(229, 231, 235); font-family: &quot;Plus Jakarta Sans&quot;, sans-serif; font-size: 1.875rem; display: flex; align-items: center; gap: 0.75rem; line-height: 2.25rem; letter-spacing: -0.025em; --tw-text-opacity: 1; color: rgb(59, 105, 52);"><span class="text-primary-fixed-dim text-5xl opacity-50" style="--tw-border-spacing-x: 0; --tw-border-spacing-y: 0; --tw-translate-x: 0; --tw-translate-y: 0; --tw-rotate: 0; --tw-skew-x: 0; --tw-skew-y: 0; --tw-scale-x: 1; --tw-scale-y: 1; --tw-pan-x: ; --tw-pan-y: ; --tw-pinch-zoom: ; --tw-scroll-snap-strictness: proximity; --tw-gradient-from-position: ; --tw-gradient-via-position: ; --tw-gradient-to-position: ; --tw-ordinal: ; --tw-slashed-zero: ; --tw-numeric-figure: ; --tw-numeric-spacing: ; --tw-numeric-fraction: ; --tw-ring-inset: ; --tw-ring-offset-width: 0px; --tw-ring-offset-color: #fff; --tw-ring-color: rgb(59 130 246 / 0.5); --tw-ring-offset-shadow: 0 0 #0000; --tw-ring-shadow: 0 0 #0000; --tw-shadow: 0 0 #0000; --tw-shadow-colored: 0 0 #0000; --tw-blur: ; --tw-brightness: ; --tw-contrast: ; --tw-grayscale: ; --tw-hue-rotate: ; --tw-invert: ; --tw-saturate: ; --tw-sepia: ; --tw-drop-shadow: ; --tw-backdrop-blur: ; --tw-backdrop-brightness: ; --tw-backdrop-contrast: ; --tw-backdrop-grayscale: ; --tw-backdrop-hue-rotate: ; --tw-backdrop-invert: ; --tw-backdrop-opacity: ; --tw-backdrop-saturate: ; --tw-backdrop-sepia: ; --tw-contain-size: ; --tw-contain-layout: ; --tw-contain-paint: ; --tw-contain-style: ; border-width: 0px; border-style: solid; border-color: rgb(229, 231, 235); font-size: 3rem; line-height: 1; --tw-text-opacity: 1; color: rgb(161, 212, 148); opacity: 0.5;">03</span>Mùi hương đặc trưng</h2><p style="--tw-border-spacing-x: 0; --tw-border-spacing-y: 0; --tw-translate-x: 0; --tw-translate-y: 0; --tw-rotate: 0; --tw-skew-x: 0; --tw-skew-y: 0; --tw-scale-x: 1; --tw-scale-y: 1; --tw-pan-x: ; --tw-pan-y: ; --tw-pinch-zoom: ; --tw-scroll-snap-strictness: proximity; --tw-gradient-from-position: ; --tw-gradient-via-position: ; --tw-gradient-to-position: ; --tw-ordinal: ; --tw-slashed-zero: ; --tw-numeric-figure: ; --tw-numeric-spacing: ; --tw-numeric-fraction: ; --tw-ring-inset: ; --tw-ring-offset-width: 0px; --tw-ring-offset-color: #fff; --tw-ring-color: rgb(59 130 246 / 0.5); --tw-ring-offset-shadow: 0 0 #0000; --tw-ring-shadow: 0 0 #0000; --tw-shadow: 0 0 #0000; --tw-shadow-colored: 0 0 #0000; --tw-blur: ; --tw-brightness: ; --tw-contrast: ; --tw-grayscale: ; --tw-hue-rotate: ; --tw-invert: ; --tw-saturate: ; --tw-sepia: ; --tw-drop-shadow: ; --tw-backdrop-blur: ; --tw-backdrop-brightness: ; --tw-backdrop-contrast: ; --tw-backdrop-grayscale: ; --tw-backdrop-hue-rotate: ; --tw-backdrop-invert: ; --tw-backdrop-opacity: ; --tw-backdrop-saturate: ; --tw-backdrop-sepia: ; --tw-contain-size: ; --tw-contain-layout: ; --tw-contain-paint: ; --tw-contain-style: ; border-width: 0px; border-style: solid; border-color: rgb(229, 231, 235); margin-top: 16px; margin-bottom: 0px; --tw-space-y-reverse: 0;">Rau củ tươi sạch thường mang một mùi hương dịu nhẹ, đặc trưng của từng loại và hơi hướng mùi đất ẩm sau mưa. Nếu bạn ngửi thấy mùi hắc của hóa chất hoặc mùi chua của sự lên men, đó là dấu hiệu thực phẩm đã để quá lâu hoặc được xử lý không an toàn. Hãy tin tưởng vào khứu giác của mình.</p></section><section class="grid md:grid-cols-2 gap-8 items-center" style="--tw-border-spacing-x: 0; --tw-border-spacing-y: 0; --tw-translate-x: 0; --tw-translate-y: 0; --tw-rotate: 0; --tw-skew-x: 0; --tw-skew-y: 0; --tw-scale-x: 1; --tw-scale-y: 1; --tw-pan-x: ; --tw-pan-y: ; --tw-pinch-zoom: ; --tw-scroll-snap-strictness: proximity; --tw-gradient-from-position: ; --tw-gradient-via-position: ; --tw-gradient-to-position: ; --tw-ordinal: ; --tw-slashed-zero: ; --tw-numeric-figure: ; --tw-numeric-spacing: ; --tw-numeric-fraction: ; --tw-ring-inset: ; --tw-ring-offset-width: 0px; --tw-ring-offset-color: #fff; --tw-ring-color: rgb(59 130 246 / 0.5); --tw-ring-offset-shadow: 0 0 #0000; --tw-ring-shadow: 0 0 #0000; --tw-shadow: 0 0 #0000; --tw-shadow-colored: 0 0 #0000; --tw-blur: ; --tw-brightness: ; --tw-contrast: ; --tw-grayscale: ; --tw-hue-rotate: ; --tw-invert: ; --tw-saturate: ; --tw-sepia: ; --tw-drop-shadow: ; --tw-backdrop-blur: ; --tw-backdrop-brightness: ; --tw-backdrop-contrast: ; --tw-backdrop-grayscale: ; --tw-backdrop-hue-rotate: ; --tw-backdrop-invert: ; --tw-backdrop-opacity: ; --tw-backdrop-saturate: ; --tw-backdrop-sepia: ; --tw-contain-size: ; --tw-contain-layout: ; --tw-contain-paint: ; --tw-contain-style: ; border-width: 0px; border-style: solid; border-color: rgb(229, 231, 235); align-items: center; gap: 2rem; grid-template-columns: repeat(2, minmax(0px, 1fr)); --tw-space-y-reverse: 0; margin-top: 48px; font-family: Manrope; font-size: 18px;"><div class="rounded-xl overflow-hidden aspect-square md:order-1 order-2" style="--tw-border-spacing-x: 0; --tw-border-spacing-y: 0; --tw-translate-x: 0; --tw-translate-y: 0; --tw-rotate: 0; --tw-skew-x: 0; --tw-skew-y: 0; --tw-scale-x: 1; --tw-scale-y: 1; --tw-pan-x: ; --tw-pan-y: ; --tw-pinch-zoom: ; --tw-scroll-snap-strictness: proximity; --tw-gradient-from-position: ; --tw-gradient-via-position: ; --tw-gradient-to-position: ; --tw-ordinal: ; --tw-slashed-zero: ; --tw-numeric-figure: ; --tw-numeric-spacing: ; --tw-numeric-fraction: ; --tw-ring-inset: ; --tw-ring-offset-width: 0px; --tw-ring-offset-color: #fff; --tw-ring-color: rgb(59 130 246 / 0.5); --tw-ring-offset-shadow: 0 0 #0000; --tw-ring-shadow: 0 0 #0000; --tw-shadow: 0 0 #0000; --tw-shadow-colored: 0 0 #0000; --tw-blur: ; --tw-brightness: ; --tw-contrast: ; --tw-grayscale: ; --tw-hue-rotate: ; --tw-invert: ; --tw-saturate: ; --tw-sepia: ; --tw-drop-shadow: ; --tw-backdrop-blur: ; --tw-backdrop-brightness: ; --tw-backdrop-contrast: ; --tw-backdrop-grayscale: ; --tw-backdrop-hue-rotate: ; --tw-backdrop-invert: ; --tw-backdrop-opacity: ; --tw-backdrop-saturate: ; --tw-backdrop-sepia: ; --tw-contain-size: ; --tw-contain-layout: ; --tw-contain-paint: ; --tw-contain-style: ; border-width: 0px; border-style: solid; border-color: rgb(229, 231, 235); order: 1; aspect-ratio: 1 / 1; overflow: hidden; border-radius: 0.75rem;"><img class="w-full h-full object-cover" data-alt="macro shot of fresh leafy greens and stems showing droplets of water and crisp texture" src="https://lh3.googleusercontent.com/aida-public/AB6AXuDf_BBfn9FZ15qpolG7zsWGkIhpry7higqhStjPx2HWO_Wqm66ujKTObOsoQly6yhqWHjOMUEB0jbIbgu4Ue9CbFIBE22345rjkkjiRwQeOwO-_J2mS8x5FFIcY0cX7sFqrs2aEw_3wEI_oMce_xI_MGIAeXsvRVYryaoKPpgJ_8M_Me6HfDzyDabkzno0chCg6bI2EzD7DDsSGG0BbAvxxRgkqJxCunPZH5ZfS95Woiq9PFlE1uh5_6GQk-gSDLS2zVP4-d1zq9QQ" style="--tw-border-spacing-x: 0; --tw-border-spacing-y: 0; --tw-translate-x: 0; --tw-translate-y: 0; --tw-rotate: 0; --tw-skew-x: 0; --tw-skew-y: 0; --tw-scale-x: 1; --tw-scale-y: 1; --tw-pan-x: ; --tw-pan-y: ; --tw-pinch-zoom: ; --tw-scroll-snap-strictness: proximity; --tw-gradient-from-position: ; --tw-gradient-via-position: ; --tw-gradient-to-position: ; --tw-ordinal: ; --tw-slashed-zero: ; --tw-numeric-figure: ; --tw-numeric-spacing: ; --tw-numeric-fraction: ; --tw-ring-inset: ; --tw-ring-offset-width: 0px; --tw-ring-offset-color: #fff; --tw-ring-color: rgb(59 130 246 / 0.5); --tw-ring-offset-shadow: 0 0 #0000; --tw-ring-shadow: 0 0 #0000; --tw-shadow: 0 0 #0000; --tw-shadow-colored: 0 0 #0000; --tw-blur: ; --tw-brightness: ; --tw-contrast: ; --tw-grayscale: ; --tw-hue-rotate: ; --tw-invert: ; --tw-saturate: ; --tw-sepia: ; --tw-drop-shadow: ; --tw-backdrop-blur: ; --tw-backdrop-brightness: ; --tw-backdrop-contrast: ; --tw-backdrop-grayscale: ; --tw-backdrop-hue-rotate: ; --tw-backdrop-invert: ; --tw-backdrop-opacity: ; --tw-backdrop-saturate: ; --tw-backdrop-sepia: ; --tw-contain-size: ; --tw-contain-layout: ; --tw-contain-paint: ; --tw-contain-style: ; border-width: 0px; border-style: solid; border-color: rgb(229, 231, 235); vertical-align: middle; height: 370.667px; width: 370.667px; object-fit: cover;"></div><div class="space-y-4 md:order-2 order-1" style="--tw-border-spacing-x: 0; --tw-border-spacing-y: 0; --tw-translate-x: 0; --tw-translate-y: 0; --tw-rotate: 0; --tw-skew-x: 0; --tw-skew-y: 0; --tw-scale-x: 1; --tw-scale-y: 1; --tw-pan-x: ; --tw-pan-y: ; --tw-pinch-zoom: ; --tw-scroll-snap-strictness: proximity; --tw-gradient-from-position: ; --tw-gradient-via-position: ; --tw-gradient-to-position: ; --tw-ordinal: ; --tw-slashed-zero: ; --tw-numeric-figure: ; --tw-numeric-spacing: ; --tw-numeric-fraction: ; --tw-ring-inset: ; --tw-ring-offset-width: 0px; --tw-ring-offset-color: #fff; --tw-ring-color: rgb(59 130 246 / 0.5); --tw-ring-offset-shadow: 0 0 #0000; --tw-ring-shadow: 0 0 #0000; --tw-shadow: 0 0 #0000; --tw-shadow-colored: 0 0 #0000; --tw-blur: ; --tw-brightness: ; --tw-contrast: ; --tw-grayscale: ; --tw-hue-rotate: ; --tw-invert: ; --tw-saturate: ; --tw-sepia: ; --tw-drop-shadow: ; --tw-backdrop-blur: ; --tw-backdrop-brightness: ; --tw-backdrop-contrast: ; --tw-backdrop-grayscale: ; --tw-backdrop-hue-rotate: ; --tw-backdrop-invert: ; --tw-backdrop-opacity: ; --tw-backdrop-saturate: ; --tw-backdrop-sepia: ; --tw-contain-size: ; --tw-contain-layout: ; --tw-contain-paint: ; --tw-contain-style: ; border-width: 0px; border-style: solid; border-color: rgb(229, 231, 235); order: 2;"><h2 class="text-3xl font-bold tracking-tight text-primary flex items-center gap-3" style="--tw-border-spacing-x: 0; --tw-border-spacing-y: 0; --tw-translate-x: 0; --tw-translate-y: 0; --tw-rotate: 0; --tw-skew-x: 0; --tw-skew-y: 0; --tw-scale-x: 1; --tw-scale-y: 1; --tw-pan-x: ; --tw-pan-y: ; --tw-pinch-zoom: ; --tw-scroll-snap-strictness: proximity; --tw-gradient-from-position: ; --tw-gradient-via-position: ; --tw-gradient-to-position: ; --tw-ordinal: ; --tw-slashed-zero: ; --tw-numeric-figure: ; --tw-numeric-spacing: ; --tw-numeric-fraction: ; --tw-ring-inset: ; --tw-ring-offset-width: 0px; --tw-ring-offset-color: #fff; --tw-ring-color: rgb(59 130 246 / 0.5); --tw-ring-offset-shadow: 0 0 #0000; --tw-ring-shadow: 0 0 #0000; --tw-shadow: 0 0 #0000; --tw-shadow-colored: 0 0 #0000; --tw-blur: ; --tw-brightness: ; --tw-contrast: ; --tw-grayscale: ; --tw-hue-rotate: ; --tw-invert: ; --tw-saturate: ; --tw-sepia: ; --tw-drop-shadow: ; --tw-backdrop-blur: ; --tw-backdrop-brightness: ; --tw-backdrop-contrast: ; --tw-backdrop-grayscale: ; --tw-backdrop-hue-rotate: ; --tw-backdrop-invert: ; --tw-backdrop-opacity: ; --tw-backdrop-saturate: ; --tw-backdrop-sepia: ; --tw-contain-size: ; --tw-contain-layout: ; --tw-contain-paint: ; --tw-contain-style: ; border-width: 0px; border-style: solid; border-color: rgb(229, 231, 235); font-family: &quot;Plus Jakarta Sans&quot;, sans-serif; font-size: 1.875rem; display: flex; align-items: center; gap: 0.75rem; line-height: 2.25rem; letter-spacing: -0.025em; --tw-text-opacity: 1; color: rgb(59, 105, 52);"><span class="text-primary-fixed-dim text-5xl opacity-50" style="--tw-border-spacing-x: 0; --tw-border-spacing-y: 0; --tw-translate-x: 0; --tw-translate-y: 0; --tw-rotate: 0; --tw-skew-x: 0; --tw-skew-y: 0; --tw-scale-x: 1; --tw-scale-y: 1; --tw-pan-x: ; --tw-pan-y: ; --tw-pinch-zoom: ; --tw-scroll-snap-strictness: proximity; --tw-gradient-from-position: ; --tw-gradient-via-position: ; --tw-gradient-to-position: ; --tw-ordinal: ; --tw-slashed-zero: ; --tw-numeric-figure: ; --tw-numeric-spacing: ; --tw-numeric-fraction: ; --tw-ring-inset: ; --tw-ring-offset-width: 0px; --tw-ring-offset-color: #fff; --tw-ring-color: rgb(59 130 246 / 0.5); --tw-ring-offset-shadow: 0 0 #0000; --tw-ring-shadow: 0 0 #0000; --tw-shadow: 0 0 #0000; --tw-shadow-colored: 0 0 #0000; --tw-blur: ; --tw-brightness: ; --tw-contrast: ; --tw-grayscale: ; --tw-hue-rotate: ; --tw-invert: ; --tw-saturate: ; --tw-sepia: ; --tw-drop-shadow: ; --tw-backdrop-blur: ; --tw-backdrop-brightness: ; --tw-backdrop-contrast: ; --tw-backdrop-grayscale: ; --tw-backdrop-hue-rotate: ; --tw-backdrop-invert: ; --tw-backdrop-opacity: ; --tw-backdrop-saturate: ; --tw-backdrop-sepia: ; --tw-contain-size: ; --tw-contain-layout: ; --tw-contain-paint: ; --tw-contain-style: ; border-width: 0px; border-style: solid; border-color: rgb(229, 231, 235); font-size: 3rem; line-height: 1; --tw-text-opacity: 1; color: rgb(161, 212, 148); opacity: 0.5;">04</span>Quan sát cuống và lá</h2><p style="--tw-border-spacing-x: 0; --tw-border-spacing-y: 0; --tw-translate-x: 0; --tw-translate-y: 0; --tw-rotate: 0; --tw-skew-x: 0; --tw-skew-y: 0; --tw-scale-x: 1; --tw-scale-y: 1; --tw-pan-x: ; --tw-pan-y: ; --tw-pinch-zoom: ; --tw-scroll-snap-strictness: proximity; --tw-gradient-from-position: ; --tw-gradient-via-position: ; --tw-gradient-to-position: ; --tw-ordinal: ; --tw-slashed-zero: ; --tw-numeric-figure: ; --tw-numeric-spacing: ; --tw-numeric-fraction: ; --tw-ring-inset: ; --tw-ring-offset-width: 0px; --tw-ring-offset-color: #fff; --tw-ring-color: rgb(59 130 246 / 0.5); --tw-ring-offset-shadow: 0 0 #0000; --tw-ring-shadow: 0 0 #0000; --tw-shadow: 0 0 #0000; --tw-shadow-colored: 0 0 #0000; --tw-blur: ; --tw-brightness: ; --tw-contrast: ; --tw-grayscale: ; --tw-hue-rotate: ; --tw-invert: ; --tw-saturate: ; --tw-sepia: ; --tw-drop-shadow: ; --tw-backdrop-blur: ; --tw-backdrop-brightness: ; --tw-backdrop-contrast: ; --tw-backdrop-grayscale: ; --tw-backdrop-hue-rotate: ; --tw-backdrop-invert: ; --tw-backdrop-opacity: ; --tw-backdrop-saturate: ; --tw-backdrop-sepia: ; --tw-contain-size: ; --tw-contain-layout: ; --tw-contain-paint: ; --tw-contain-style: ; border-width: 0px; border-style: solid; border-color: rgb(229, 231, 235); margin-top: 16px; margin-bottom: 0px; --tw-space-y-reverse: 0;">Cuống là "dây rốn" kết nối dinh dưỡng. Cuống rau củ tươi thường còn xanh và bám chặt vào thân. Với các loại rau lá, hãy chọn những bó có lá xanh mướt, giòn và không bị nát. Những vết bấm móng tay trên lá tiết ra nhựa trong cũng là một minh chứng cho độ tươi mới vừa thu hoạch.</p></div></section><section class="border-l-4 border-primary pl-8 py-4 my-16 bg-surface-container-lowest shadow-sm rounded-r-xl" style="--tw-border-spacing-x: 0; --tw-border-spacing-y: 0; --tw-translate-x: 0; --tw-translate-y: 0; --tw-rotate: 0; --tw-skew-x: 0; --tw-skew-y: 0; --tw-scale-x: 1; --tw-scale-y: 1; --tw-pan-x: ; --tw-pan-y: ; --tw-pinch-zoom: ; --tw-scroll-snap-strictness: proximity; --tw-gradient-from-position: ; --tw-gradient-via-position: ; --tw-gradient-to-position: ; --tw-ordinal: ; --tw-slashed-zero: ; --tw-numeric-figure: ; --tw-numeric-spacing: ; --tw-numeric-fraction: ; --tw-ring-inset: ; --tw-ring-offset-width: 0px; --tw-ring-offset-color: #fff; --tw-ring-color: rgb(59 130 246 / 0.5); --tw-ring-offset-shadow: 0 0 #0000; --tw-ring-shadow: 0 0 #0000; --tw-shadow: 0 1px 2px 0 rgb(0 0 0 / 0.05); --tw-shadow-colored: 0 1px 2px 0 var(--tw-shadow-color); --tw-blur: ; --tw-brightness: ; --tw-contrast: ; --tw-grayscale: ; --tw-hue-rotate: ; --tw-invert: ; --tw-saturate: ; --tw-sepia: ; --tw-drop-shadow: ; --tw-backdrop-blur: ; --tw-backdrop-brightness: ; --tw-backdrop-contrast: ; --tw-backdrop-grayscale: ; --tw-backdrop-hue-rotate: ; --tw-backdrop-invert: ; --tw-backdrop-opacity: ; --tw-backdrop-saturate: ; --tw-backdrop-sepia: ; --tw-contain-size: ; --tw-contain-layout: ; --tw-contain-paint: ; --tw-contain-style: ; border-width: 0px 0px 0px 4px; border-style: solid; border-color: rgb(59, 105, 52); margin-top: 48px; border-top-right-radius: 0.75rem; border-bottom-right-radius: 0.75rem; --tw-border-opacity: 1; --tw-bg-opacity: 1; background-color: rgb(255, 255, 255); padding-top: 1rem; padding-bottom: 1rem; padding-left: 2rem; box-shadow: rgba(0, 0, 0, 0) 0px 0px 0px 0px, rgba(0, 0, 0, 0) 0px 0px 0px 0px, rgba(0, 0, 0, 0.05) 0px 1px 2px 0px; --tw-space-y-reverse: 0; font-family: Manrope; font-size: 18px;"><h3 class="text-2xl font-bold mb-4" style="--tw-border-spacing-x: 0; --tw-border-spacing-y: 0; --tw-translate-x: 0; --tw-translate-y: 0; --tw-rotate: 0; --tw-skew-x: 0; --tw-skew-y: 0; --tw-scale-x: 1; --tw-scale-y: 1; --tw-pan-x: ; --tw-pan-y: ; --tw-pinch-zoom: ; --tw-scroll-snap-strictness: proximity; --tw-gradient-from-position: ; --tw-gradient-via-position: ; --tw-gradient-to-position: ; --tw-ordinal: ; --tw-slashed-zero: ; --tw-numeric-figure: ; --tw-numeric-spacing: ; --tw-numeric-fraction: ; --tw-ring-inset: ; --tw-ring-offset-width: 0px; --tw-ring-offset-color: #fff; --tw-ring-color: rgb(59 130 246 / 0.5); --tw-ring-offset-shadow: 0 0 #0000; --tw-ring-shadow: 0 0 #0000; --tw-shadow: 0 0 #0000; --tw-shadow-colored: 0 0 #0000; --tw-blur: ; --tw-brightness: ; --tw-contrast: ; --tw-grayscale: ; --tw-hue-rotate: ; --tw-invert: ; --tw-saturate: ; --tw-sepia: ; --tw-drop-shadow: ; --tw-backdrop-blur: ; --tw-backdrop-brightness: ; --tw-backdrop-contrast: ; --tw-backdrop-grayscale: ; --tw-backdrop-hue-rotate: ; --tw-backdrop-invert: ; --tw-backdrop-opacity: ; --tw-backdrop-saturate: ; --tw-backdrop-sepia: ; --tw-contain-size: ; --tw-contain-layout: ; --tw-contain-paint: ; --tw-contain-style: ; border-width: 0px; border-style: solid; border-color: rgb(229, 231, 235); font-family: &quot;Plus Jakarta Sans&quot;, sans-serif; font-size: 1.5rem; margin-bottom: 1rem; line-height: 2rem;">Kết luận: Lối sống lành mạnh bắt đầu từ gian bếp</h3><p class="italic text-on-surface-variant" style="--tw-border-spacing-x: 0; --tw-border-spacing-y: 0; --tw-translate-x: 0; --tw-translate-y: 0; --tw-rotate: 0; --tw-skew-x: 0; --tw-skew-y: 0; --tw-scale-x: 1; --tw-scale-y: 1; --tw-pan-x: ; --tw-pan-y: ; --tw-pinch-zoom: ; --tw-scroll-snap-strictness: proximity; --tw-gradient-from-position: ; --tw-gradient-via-position: ; --tw-gradient-to-position: ; --tw-ordinal: ; --tw-slashed-zero: ; --tw-numeric-figure: ; --tw-numeric-spacing: ; --tw-numeric-fraction: ; --tw-ring-inset: ; --tw-ring-offset-width: 0px; --tw-ring-offset-color: #fff; --tw-ring-color: rgb(59 130 246 / 0.5); --tw-ring-offset-shadow: 0 0 #0000; --tw-ring-shadow: 0 0 #0000; --tw-shadow: 0 0 #0000; --tw-shadow-colored: 0 0 #0000; --tw-blur: ; --tw-brightness: ; --tw-contrast: ; --tw-grayscale: ; --tw-hue-rotate: ; --tw-invert: ; --tw-saturate: ; --tw-sepia: ; --tw-drop-shadow: ; --tw-backdrop-blur: ; --tw-backdrop-brightness: ; --tw-backdrop-contrast: ; --tw-backdrop-grayscale: ; --tw-backdrop-hue-rotate: ; --tw-backdrop-invert: ; --tw-backdrop-opacity: ; --tw-backdrop-saturate: ; --tw-backdrop-sepia: ; --tw-contain-size: ; --tw-contain-layout: ; --tw-contain-paint: ; --tw-contain-style: ; border-width: 0px; border-style: solid; border-color: rgb(229, 231, 235); margin-top: 0px; margin-bottom: 0px; font-style: italic; --tw-text-opacity: 1; color: rgb(62, 74, 62);">Chọn thực phẩm tươi không chỉ là về hương vị, mà là về sự tôn trọng dành cho cơ thể. Khi chúng ta chọn những nguyên liệu tốt nhất, chúng ta đang đầu tư vào năng lượng và sự trường thọ của chính mình. Hãy để mỗi chuyến đi chợ trở thành một hành trình khám phá và kết nối với thiên nhiên.</p></section></aside>', N'/blog-covers/dd6ce50327564569a3d59b52d6345260.png', 1, CAST(N'2026-04-08T13:27:00.0000000' AS DateTime2), CAST(N'2026-04-09T10:27:29.8128378' AS DateTime2), CAST(N'2026-04-10T07:56:19.3835872' AS DateTime2), 11)
INSERT [dbo].[BlogPosts] ([BlogPostID], [Title], [Slug], [Excerpt], [Content], [CoverImageUrl], [IsPublished], [PublishedAt], [CreatedAt], [UpdatedAt], [ViewCount]) VALUES (2, N'Hiểu về Đất: Nền tảng của sự sống và nông nghiệp hữu cơ', N'hieu-ve-dat-nen-tang-cua-su-song-và-nong-nghiep-huu-co', N'Đất không chỉ là bụi bẩn, đất là một hệ sinh thái kỳ diệu.', N'<p class="text-xl font-medium text-on-surface leading-snug" style="--tw-border-spacing-x: 0; --tw-border-spacing-y: 0; --tw-translate-x: 0; --tw-translate-y: 0; --tw-rotate: 0; --tw-skew-x: 0; --tw-skew-y: 0; --tw-scale-x: 1; --tw-scale-y: 1; --tw-pan-x: ; --tw-pan-y: ; --tw-pinch-zoom: ; --tw-scroll-snap-strictness: proximity; --tw-gradient-from-position: ; --tw-gradient-via-position: ; --tw-gradient-to-position: ; --tw-ordinal: ; --tw-slashed-zero: ; --tw-numeric-figure: ; --tw-numeric-spacing: ; --tw-numeric-fraction: ; --tw-ring-inset: ; --tw-ring-offset-width: 0px; --tw-ring-offset-color: #fff; --tw-ring-color: rgb(59 130 246 / 0.5); --tw-ring-offset-shadow: 0 0 #0000; --tw-ring-shadow: 0 0 #0000; --tw-shadow: 0 0 #0000; --tw-shadow-colored: 0 0 #0000; --tw-blur: ; --tw-brightness: ; --tw-contrast: ; --tw-grayscale: ; --tw-hue-rotate: ; --tw-invert: ; --tw-saturate: ; --tw-sepia: ; --tw-drop-shadow: ; --tw-backdrop-blur: ; --tw-backdrop-brightness: ; --tw-backdrop-contrast: ; --tw-backdrop-grayscale: ; --tw-backdrop-hue-rotate: ; --tw-backdrop-invert: ; --tw-backdrop-opacity: ; --tw-backdrop-saturate: ; --tw-backdrop-sepia: ; --tw-contain-size: ; --tw-contain-layout: ; --tw-contain-paint: ; --tw-contain-style: ; border-width: 0px; border-style: solid; border-color: rgb(229, 231, 235); margin-top: 0px; margin-bottom: 0px; font-size: 1.25rem; line-height: 1.375; font-weight: 500; --tw-text-opacity: 1; color: rgb(26, 28, 28); font-family: Manrope; background-color: rgb(250, 249, 248);">Đất không chỉ là một lớp vật chất tĩnh lặng dưới chân chúng ta. Nó là một hệ sinh thái sống động, một thực thể thở, nơi hàng tỷ vi sinh vật đang ngày đêm kiến tạo nên sự sống. Trong nông nghiệp hữu cơ, đất chính là trái tim của mọi quy trình.</p><h2 class="text-3xl font-bold text-primary tracking-tight mt-12 mb-6" style="--tw-border-spacing-x: 0; --tw-border-spacing-y: 0; --tw-translate-x: 0; --tw-translate-y: 0; --tw-rotate: 0; --tw-skew-x: 0; --tw-skew-y: 0; --tw-scale-x: 1; --tw-scale-y: 1; --tw-pan-x: ; --tw-pan-y: ; --tw-pinch-zoom: ; --tw-scroll-snap-strictness: proximity; --tw-gradient-from-position: ; --tw-gradient-via-position: ; --tw-gradient-to-position: ; --tw-ordinal: ; --tw-slashed-zero: ; --tw-numeric-figure: ; --tw-numeric-spacing: ; --tw-numeric-fraction: ; --tw-ring-inset: ; --tw-ring-offset-width: 0px; --tw-ring-offset-color: #fff; --tw-ring-color: rgb(59 130 246 / 0.5); --tw-ring-offset-shadow: 0 0 #0000; --tw-ring-shadow: 0 0 #0000; --tw-shadow: 0 0 #0000; --tw-shadow-colored: 0 0 #0000; --tw-blur: ; --tw-brightness: ; --tw-contrast: ; --tw-grayscale: ; --tw-hue-rotate: ; --tw-invert: ; --tw-saturate: ; --tw-sepia: ; --tw-drop-shadow: ; --tw-backdrop-blur: ; --tw-backdrop-brightness: ; --tw-backdrop-contrast: ; --tw-backdrop-grayscale: ; --tw-backdrop-hue-rotate: ; --tw-backdrop-invert: ; --tw-backdrop-opacity: ; --tw-backdrop-saturate: ; --tw-backdrop-sepia: ; --tw-contain-size: ; --tw-contain-layout: ; --tw-contain-paint: ; --tw-contain-style: ; border-width: 0px; border-style: solid; border-color: rgb(229, 231, 235); font-family: &quot;Plus Jakarta Sans&quot;, sans-serif; font-size: 1.875rem; margin-top: 32px; line-height: 2.25rem; letter-spacing: -0.025em; --tw-text-opacity: 1; color: rgb(59, 105, 52); --tw-space-y-reverse: 0; background-color: rgb(250, 249, 248);">Tầm quan trọng của vi sinh vật trong đất</h2><p style="--tw-border-spacing-x: 0; --tw-border-spacing-y: 0; --tw-translate-x: 0; --tw-translate-y: 0; --tw-rotate: 0; --tw-skew-x: 0; --tw-skew-y: 0; --tw-scale-x: 1; --tw-scale-y: 1; --tw-pan-x: ; --tw-pan-y: ; --tw-pinch-zoom: ; --tw-scroll-snap-strictness: proximity; --tw-gradient-from-position: ; --tw-gradient-via-position: ; --tw-gradient-to-position: ; --tw-ordinal: ; --tw-slashed-zero: ; --tw-numeric-figure: ; --tw-numeric-spacing: ; --tw-numeric-fraction: ; --tw-ring-inset: ; --tw-ring-offset-width: 0px; --tw-ring-offset-color: #fff; --tw-ring-color: rgb(59 130 246 / 0.5); --tw-ring-offset-shadow: 0 0 #0000; --tw-ring-shadow: 0 0 #0000; --tw-shadow: 0 0 #0000; --tw-shadow-colored: 0 0 #0000; --tw-blur: ; --tw-brightness: ; --tw-contrast: ; --tw-grayscale: ; --tw-hue-rotate: ; --tw-invert: ; --tw-saturate: ; --tw-sepia: ; --tw-drop-shadow: ; --tw-backdrop-blur: ; --tw-backdrop-brightness: ; --tw-backdrop-contrast: ; --tw-backdrop-grayscale: ; --tw-backdrop-hue-rotate: ; --tw-backdrop-invert: ; --tw-backdrop-opacity: ; --tw-backdrop-saturate: ; --tw-backdrop-sepia: ; --tw-contain-size: ; --tw-contain-layout: ; --tw-contain-paint: ; --tw-contain-style: ; border-width: 0px; border-style: solid; border-color: rgb(229, 231, 235); margin-top: 32px; margin-bottom: 0px; --tw-space-y-reverse: 0; color: rgb(62, 74, 62); font-family: Manrope; font-weight: 400; background-color: rgb(250, 249, 248);">Bên trong một muỗng cà phê đất khỏe mạnh chứa nhiều vi sinh vật hơn cả số người trên Trái Đất. Những "người thợ xây" tí hon này bao gồm vi khuẩn, nấm, động vật nguyên sinh và tuyến trùng. Chúng đóng vai trò sống còn trong việc:</p><div class="grid grid-cols-1 md:grid-cols-3 gap-6 my-10" style="--tw-border-spacing-x: 0; --tw-border-spacing-y: 0; --tw-translate-x: 0; --tw-translate-y: 0; --tw-rotate: 0; --tw-skew-x: 0; --tw-skew-y: 0; --tw-scale-x: 1; --tw-scale-y: 1; --tw-pan-x: ; --tw-pan-y: ; --tw-pinch-zoom: ; --tw-scroll-snap-strictness: proximity; --tw-gradient-from-position: ; --tw-gradient-via-position: ; --tw-gradient-to-position: ; --tw-ordinal: ; --tw-slashed-zero: ; --tw-numeric-figure: ; --tw-numeric-spacing: ; --tw-numeric-fraction: ; --tw-ring-inset: ; --tw-ring-offset-width: 0px; --tw-ring-offset-color: #fff; --tw-ring-color: rgb(59 130 246 / 0.5); --tw-ring-offset-shadow: 0 0 #0000; --tw-ring-shadow: 0 0 #0000; --tw-shadow: 0 0 #0000; --tw-shadow-colored: 0 0 #0000; --tw-blur: ; --tw-brightness: ; --tw-contrast: ; --tw-grayscale: ; --tw-hue-rotate: ; --tw-invert: ; --tw-saturate: ; --tw-sepia: ; --tw-drop-shadow: ; --tw-backdrop-blur: ; --tw-backdrop-brightness: ; --tw-backdrop-contrast: ; --tw-backdrop-grayscale: ; --tw-backdrop-hue-rotate: ; --tw-backdrop-invert: ; --tw-backdrop-opacity: ; --tw-backdrop-saturate: ; --tw-backdrop-sepia: ; --tw-contain-size: ; --tw-contain-layout: ; --tw-contain-paint: ; --tw-contain-style: ; border-width: 0px; border-style: solid; border-color: rgb(229, 231, 235); margin-top: 32px; grid-template-columns: repeat(3, minmax(0px, 1fr)); --tw-space-y-reverse: 0; color: rgb(62, 74, 62); font-family: Manrope; font-weight: 400; background-color: rgb(250, 249, 248);"><div class="p-8 bg-surface-container-low rounded-xl flex flex-col gap-4" style="--tw-border-spacing-x: 0; --tw-border-spacing-y: 0; --tw-translate-x: 0; --tw-translate-y: 0; --tw-rotate: 0; --tw-skew-x: 0; --tw-skew-y: 0; --tw-scale-x: 1; --tw-scale-y: 1; --tw-pan-x: ; --tw-pan-y: ; --tw-pinch-zoom: ; --tw-scroll-snap-strictness: proximity; --tw-gradient-from-position: ; --tw-gradient-via-position: ; --tw-gradient-to-position: ; --tw-ordinal: ; --tw-slashed-zero: ; --tw-numeric-figure: ; --tw-numeric-spacing: ; --tw-numeric-fraction: ; --tw-ring-inset: ; --tw-ring-offset-width: 0px; --tw-ring-offset-color: #fff; --tw-ring-color: rgb(59 130 246 / 0.5); --tw-ring-offset-shadow: 0 0 #0000; --tw-ring-shadow: 0 0 #0000; --tw-shadow: 0 0 #0000; --tw-shadow-colored: 0 0 #0000; --tw-blur: ; --tw-brightness: ; --tw-contrast: ; --tw-grayscale: ; --tw-hue-rotate: ; --tw-invert: ; --tw-saturate: ; --tw-sepia: ; --tw-drop-shadow: ; --tw-backdrop-blur: ; --tw-backdrop-brightness: ; --tw-backdrop-contrast: ; --tw-backdrop-grayscale: ; --tw-backdrop-hue-rotate: ; --tw-backdrop-invert: ; --tw-backdrop-opacity: ; --tw-backdrop-saturate: ; --tw-backdrop-sepia: ; --tw-contain-size: ; --tw-contain-layout: ; --tw-contain-paint: ; --tw-contain-style: ; border-width: 0px; border-style: solid; border-color: rgb(229, 231, 235); display: flex; flex-direction: column; gap: 1rem; border-radius: 0.75rem; --tw-bg-opacity: 1; background-color: rgb(244, 243, 242); padding: 2rem;"><span class="material-symbols-outlined text-primary text-4xl" data-icon="microbiology" style="--tw-border-spacing-x: 0; --tw-border-spacing-y: 0; --tw-translate-x: 0; --tw-translate-y: 0; --tw-rotate: 0; --tw-skew-x: 0; --tw-skew-y: 0; --tw-scale-x: 1; --tw-scale-y: 1; --tw-pan-x: ; --tw-pan-y: ; --tw-pinch-zoom: ; --tw-scroll-snap-strictness: proximity; --tw-gradient-from-position: ; --tw-gradient-via-position: ; --tw-gradient-to-position: ; --tw-ordinal: ; --tw-slashed-zero: ; --tw-numeric-figure: ; --tw-numeric-spacing: ; --tw-numeric-fraction: ; --tw-ring-inset: ; --tw-ring-offset-width: 0px; --tw-ring-offset-color: #fff; --tw-ring-color: rgb(59 130 246 / 0.5); --tw-ring-offset-shadow: 0 0 #0000; --tw-ring-shadow: 0 0 #0000; --tw-shadow: 0 0 #0000; --tw-shadow-colored: 0 0 #0000; --tw-blur: ; --tw-brightness: ; --tw-contrast: ; --tw-grayscale: ; --tw-hue-rotate: ; --tw-invert: ; --tw-saturate: ; --tw-sepia: ; --tw-drop-shadow: ; --tw-backdrop-blur: ; --tw-backdrop-brightness: ; --tw-backdrop-contrast: ; --tw-backdrop-grayscale: ; --tw-backdrop-hue-rotate: ; --tw-backdrop-invert: ; --tw-backdrop-opacity: ; --tw-backdrop-saturate: ; --tw-backdrop-sepia: ; --tw-contain-size: ; --tw-contain-layout: ; --tw-contain-paint: ; --tw-contain-style: ; border-width: 0px; border-style: solid; border-color: rgb(229, 231, 235); font-family: &quot;Material Symbols Outlined&quot;; font-size: 2.25rem; line-height: 2.5rem; display: inline-block; text-wrap-mode: nowrap; overflow-wrap: normal; direction: ltr; font-feature-settings: &quot;liga&quot;; -webkit-font-smoothing: antialiased; font-variation-settings: &quot;FILL&quot; 0, &quot;wght&quot; 400, &quot;GRAD&quot; 0, &quot;opsz&quot; 24; --tw-text-opacity: 1; color: rgb(59, 105, 52);">microbiology</span><h3 class="font-bold text-lg leading-tight" style="--tw-border-spacing-x: 0; --tw-border-spacing-y: 0; --tw-translate-x: 0; --tw-translate-y: 0; --tw-rotate: 0; --tw-skew-x: 0; --tw-skew-y: 0; --tw-scale-x: 1; --tw-scale-y: 1; --tw-pan-x: ; --tw-pan-y: ; --tw-pinch-zoom: ; --tw-scroll-snap-strictness: proximity; --tw-gradient-from-position: ; --tw-gradient-via-position: ; --tw-gradient-to-position: ; --tw-ordinal: ; --tw-slashed-zero: ; --tw-numeric-figure: ; --tw-numeric-spacing: ; --tw-numeric-fraction: ; --tw-ring-inset: ; --tw-ring-offset-width: 0px; --tw-ring-offset-color: #fff; --tw-ring-color: rgb(59 130 246 / 0.5); --tw-ring-offset-shadow: 0 0 #0000; --tw-ring-shadow: 0 0 #0000; --tw-shadow: 0 0 #0000; --tw-shadow-colored: 0 0 #0000; --tw-blur: ; --tw-brightness: ; --tw-contrast: ; --tw-grayscale: ; --tw-hue-rotate: ; --tw-invert: ; --tw-saturate: ; --tw-sepia: ; --tw-drop-shadow: ; --tw-backdrop-blur: ; --tw-backdrop-brightness: ; --tw-backdrop-contrast: ; --tw-backdrop-grayscale: ; --tw-backdrop-hue-rotate: ; --tw-backdrop-invert: ; --tw-backdrop-opacity: ; --tw-backdrop-saturate: ; --tw-backdrop-sepia: ; --tw-contain-size: ; --tw-contain-layout: ; --tw-contain-paint: ; --tw-contain-style: ; border-width: 0px; border-style: solid; border-color: rgb(229, 231, 235); font-family: &quot;Plus Jakarta Sans&quot;, sans-serif; font-size: 1.125rem; line-height: 1.25;">Phân hủy hữu cơ</h3><p class="text-sm opacity-80" style="--tw-border-spacing-x: 0; --tw-border-spacing-y: 0; --tw-translate-x: 0; --tw-translate-y: 0; --tw-rotate: 0; --tw-skew-x: 0; --tw-skew-y: 0; --tw-scale-x: 1; --tw-scale-y: 1; --tw-pan-x: ; --tw-pan-y: ; --tw-pinch-zoom: ; --tw-scroll-snap-strictness: proximity; --tw-gradient-from-position: ; --tw-gradient-via-position: ; --tw-gradient-to-position: ; --tw-ordinal: ; --tw-slashed-zero: ; --tw-numeric-figure: ; --tw-numeric-spacing: ; --tw-numeric-fraction: ; --tw-ring-inset: ; --tw-ring-offset-width: 0px; --tw-ring-offset-color: #fff; --tw-ring-color: rgb(59 130 246 / 0.5); --tw-ring-offset-shadow: 0 0 #0000; --tw-ring-shadow: 0 0 #0000; --tw-shadow: 0 0 #0000; --tw-shadow-colored: 0 0 #0000; --tw-blur: ; --tw-brightness: ; --tw-contrast: ; --tw-grayscale: ; --tw-hue-rotate: ; --tw-invert: ; --tw-saturate: ; --tw-sepia: ; --tw-drop-shadow: ; --tw-backdrop-blur: ; --tw-backdrop-brightness: ; --tw-backdrop-contrast: ; --tw-backdrop-grayscale: ; --tw-backdrop-hue-rotate: ; --tw-backdrop-invert: ; --tw-backdrop-opacity: ; --tw-backdrop-saturate: ; --tw-backdrop-sepia: ; --tw-contain-size: ; --tw-contain-layout: ; --tw-contain-paint: ; --tw-contain-style: ; border-width: 0px; border-style: solid; border-color: rgb(229, 231, 235); margin-top: 0px; margin-bottom: 0px; font-size: 0.875rem; line-height: 1.25rem; opacity: 0.8;">Chuyển hóa tàn dư thực vật thành mùn (humus), giải phóng dinh dưỡng cho cây trồng.</p></div><div class="p-8 bg-surface-container-low rounded-xl flex flex-col gap-4" style="--tw-border-spacing-x: 0; --tw-border-spacing-y: 0; --tw-translate-x: 0; --tw-translate-y: 0; --tw-rotate: 0; --tw-skew-x: 0; --tw-skew-y: 0; --tw-scale-x: 1; --tw-scale-y: 1; --tw-pan-x: ; --tw-pan-y: ; --tw-pinch-zoom: ; --tw-scroll-snap-strictness: proximity; --tw-gradient-from-position: ; --tw-gradient-via-position: ; --tw-gradient-to-position: ; --tw-ordinal: ; --tw-slashed-zero: ; --tw-numeric-figure: ; --tw-numeric-spacing: ; --tw-numeric-fraction: ; --tw-ring-inset: ; --tw-ring-offset-width: 0px; --tw-ring-offset-color: #fff; --tw-ring-color: rgb(59 130 246 / 0.5); --tw-ring-offset-shadow: 0 0 #0000; --tw-ring-shadow: 0 0 #0000; --tw-shadow: 0 0 #0000; --tw-shadow-colored: 0 0 #0000; --tw-blur: ; --tw-brightness: ; --tw-contrast: ; --tw-grayscale: ; --tw-hue-rotate: ; --tw-invert: ; --tw-saturate: ; --tw-sepia: ; --tw-drop-shadow: ; --tw-backdrop-blur: ; --tw-backdrop-brightness: ; --tw-backdrop-contrast: ; --tw-backdrop-grayscale: ; --tw-backdrop-hue-rotate: ; --tw-backdrop-invert: ; --tw-backdrop-opacity: ; --tw-backdrop-saturate: ; --tw-backdrop-sepia: ; --tw-contain-size: ; --tw-contain-layout: ; --tw-contain-paint: ; --tw-contain-style: ; border-width: 0px; border-style: solid; border-color: rgb(229, 231, 235); display: flex; flex-direction: column; gap: 1rem; border-radius: 0.75rem; --tw-bg-opacity: 1; background-color: rgb(244, 243, 242); padding: 2rem;"><span class="material-symbols-outlined text-primary text-4xl" data-icon="verified_user" style="--tw-border-spacing-x: 0; --tw-border-spacing-y: 0; --tw-translate-x: 0; --tw-translate-y: 0; --tw-rotate: 0; --tw-skew-x: 0; --tw-skew-y: 0; --tw-scale-x: 1; --tw-scale-y: 1; --tw-pan-x: ; --tw-pan-y: ; --tw-pinch-zoom: ; --tw-scroll-snap-strictness: proximity; --tw-gradient-from-position: ; --tw-gradient-via-position: ; --tw-gradient-to-position: ; --tw-ordinal: ; --tw-slashed-zero: ; --tw-numeric-figure: ; --tw-numeric-spacing: ; --tw-numeric-fraction: ; --tw-ring-inset: ; --tw-ring-offset-width: 0px; --tw-ring-offset-color: #fff; --tw-ring-color: rgb(59 130 246 / 0.5); --tw-ring-offset-shadow: 0 0 #0000; --tw-ring-shadow: 0 0 #0000; --tw-shadow: 0 0 #0000; --tw-shadow-colored: 0 0 #0000; --tw-blur: ; --tw-brightness: ; --tw-contrast: ; --tw-grayscale: ; --tw-hue-rotate: ; --tw-invert: ; --tw-saturate: ; --tw-sepia: ; --tw-drop-shadow: ; --tw-backdrop-blur: ; --tw-backdrop-brightness: ; --tw-backdrop-contrast: ; --tw-backdrop-grayscale: ; --tw-backdrop-hue-rotate: ; --tw-backdrop-invert: ; --tw-backdrop-opacity: ; --tw-backdrop-saturate: ; --tw-backdrop-sepia: ; --tw-contain-size: ; --tw-contain-layout: ; --tw-contain-paint: ; --tw-contain-style: ; border-width: 0px; border-style: solid; border-color: rgb(229, 231, 235); font-family: &quot;Material Symbols Outlined&quot;; font-size: 2.25rem; line-height: 2.5rem; display: inline-block; text-wrap-mode: nowrap; overflow-wrap: normal; direction: ltr; font-feature-settings: &quot;liga&quot;; -webkit-font-smoothing: antialiased; font-variation-settings: &quot;FILL&quot; 0, &quot;wght&quot; 400, &quot;GRAD&quot; 0, &quot;opsz&quot; 24; --tw-text-opacity: 1; color: rgb(59, 105, 52);">verified_user</span><h3 class="font-bold text-lg leading-tight" style="--tw-border-spacing-x: 0; --tw-border-spacing-y: 0; --tw-translate-x: 0; --tw-translate-y: 0; --tw-rotate: 0; --tw-skew-x: 0; --tw-skew-y: 0; --tw-scale-x: 1; --tw-scale-y: 1; --tw-pan-x: ; --tw-pan-y: ; --tw-pinch-zoom: ; --tw-scroll-snap-strictness: proximity; --tw-gradient-from-position: ; --tw-gradient-via-position: ; --tw-gradient-to-position: ; --tw-ordinal: ; --tw-slashed-zero: ; --tw-numeric-figure: ; --tw-numeric-spacing: ; --tw-numeric-fraction: ; --tw-ring-inset: ; --tw-ring-offset-width: 0px; --tw-ring-offset-color: #fff; --tw-ring-color: rgb(59 130 246 / 0.5); --tw-ring-offset-shadow: 0 0 #0000; --tw-ring-shadow: 0 0 #0000; --tw-shadow: 0 0 #0000; --tw-shadow-colored: 0 0 #0000; --tw-blur: ; --tw-brightness: ; --tw-contrast: ; --tw-grayscale: ; --tw-hue-rotate: ; --tw-invert: ; --tw-saturate: ; --tw-sepia: ; --tw-drop-shadow: ; --tw-backdrop-blur: ; --tw-backdrop-brightness: ; --tw-backdrop-contrast: ; --tw-backdrop-grayscale: ; --tw-backdrop-hue-rotate: ; --tw-backdrop-invert: ; --tw-backdrop-opacity: ; --tw-backdrop-saturate: ; --tw-backdrop-sepia: ; --tw-contain-size: ; --tw-contain-layout: ; --tw-contain-paint: ; --tw-contain-style: ; border-width: 0px; border-style: solid; border-color: rgb(229, 231, 235); font-family: &quot;Plus Jakarta Sans&quot;, sans-serif; font-size: 1.125rem; line-height: 1.25;">Bảo vệ bộ rễ</h3><p class="text-sm opacity-80" style="--tw-border-spacing-x: 0; --tw-border-spacing-y: 0; --tw-translate-x: 0; --tw-translate-y: 0; --tw-rotate: 0; --tw-skew-x: 0; --tw-skew-y: 0; --tw-scale-x: 1; --tw-scale-y: 1; --tw-pan-x: ; --tw-pan-y: ; --tw-pinch-zoom: ; --tw-scroll-snap-strictness: proximity; --tw-gradient-from-position: ; --tw-gradient-via-position: ; --tw-gradient-to-position: ; --tw-ordinal: ; --tw-slashed-zero: ; --tw-numeric-figure: ; --tw-numeric-spacing: ; --tw-numeric-fraction: ; --tw-ring-inset: ; --tw-ring-offset-width: 0px; --tw-ring-offset-color: #fff; --tw-ring-color: rgb(59 130 246 / 0.5); --tw-ring-offset-shadow: 0 0 #0000; --tw-ring-shadow: 0 0 #0000; --tw-shadow: 0 0 #0000; --tw-shadow-colored: 0 0 #0000; --tw-blur: ; --tw-brightness: ; --tw-contrast: ; --tw-grayscale: ; --tw-hue-rotate: ; --tw-invert: ; --tw-saturate: ; --tw-sepia: ; --tw-drop-shadow: ; --tw-backdrop-blur: ; --tw-backdrop-brightness: ; --tw-backdrop-contrast: ; --tw-backdrop-grayscale: ; --tw-backdrop-hue-rotate: ; --tw-backdrop-invert: ; --tw-backdrop-opacity: ; --tw-backdrop-saturate: ; --tw-backdrop-sepia: ; --tw-contain-size: ; --tw-contain-layout: ; --tw-contain-paint: ; --tw-contain-style: ; border-width: 0px; border-style: solid; border-color: rgb(229, 231, 235); margin-top: 0px; margin-bottom: 0px; font-size: 0.875rem; line-height: 1.25rem; opacity: 0.8;">Tạo ra một lớp màng sinh học quanh rễ, giúp cây chống lại các tác nhân gây bệnh từ đất.</p></div><div class="p-8 bg-surface-container-low rounded-xl flex flex-col gap-4" style="--tw-border-spacing-x: 0; --tw-border-spacing-y: 0; --tw-translate-x: 0; --tw-translate-y: 0; --tw-rotate: 0; --tw-skew-x: 0; --tw-skew-y: 0; --tw-scale-x: 1; --tw-scale-y: 1; --tw-pan-x: ; --tw-pan-y: ; --tw-pinch-zoom: ; --tw-scroll-snap-strictness: proximity; --tw-gradient-from-position: ; --tw-gradient-via-position: ; --tw-gradient-to-position: ; --tw-ordinal: ; --tw-slashed-zero: ; --tw-numeric-figure: ; --tw-numeric-spacing: ; --tw-numeric-fraction: ; --tw-ring-inset: ; --tw-ring-offset-width: 0px; --tw-ring-offset-color: #fff; --tw-ring-color: rgb(59 130 246 / 0.5); --tw-ring-offset-shadow: 0 0 #0000; --tw-ring-shadow: 0 0 #0000; --tw-shadow: 0 0 #0000; --tw-shadow-colored: 0 0 #0000; --tw-blur: ; --tw-brightness: ; --tw-contrast: ; --tw-grayscale: ; --tw-hue-rotate: ; --tw-invert: ; --tw-saturate: ; --tw-sepia: ; --tw-drop-shadow: ; --tw-backdrop-blur: ; --tw-backdrop-brightness: ; --tw-backdrop-contrast: ; --tw-backdrop-grayscale: ; --tw-backdrop-hue-rotate: ; --tw-backdrop-invert: ; --tw-backdrop-opacity: ; --tw-backdrop-saturate: ; --tw-backdrop-sepia: ; --tw-contain-size: ; --tw-contain-layout: ; --tw-contain-paint: ; --tw-contain-style: ; border-width: 0px; border-style: solid; border-color: rgb(229, 231, 235); display: flex; flex-direction: column; gap: 1rem; border-radius: 0.75rem; --tw-bg-opacity: 1; background-color: rgb(244, 243, 242); padding: 2rem;"><span class="material-symbols-outlined text-primary text-4xl" data-icon="texture" style="--tw-border-spacing-x: 0; --tw-border-spacing-y: 0; --tw-translate-x: 0; --tw-translate-y: 0; --tw-rotate: 0; --tw-skew-x: 0; --tw-skew-y: 0; --tw-scale-x: 1; --tw-scale-y: 1; --tw-pan-x: ; --tw-pan-y: ; --tw-pinch-zoom: ; --tw-scroll-snap-strictness: proximity; --tw-gradient-from-position: ; --tw-gradient-via-position: ; --tw-gradient-to-position: ; --tw-ordinal: ; --tw-slashed-zero: ; --tw-numeric-figure: ; --tw-numeric-spacing: ; --tw-numeric-fraction: ; --tw-ring-inset: ; --tw-ring-offset-width: 0px; --tw-ring-offset-color: #fff; --tw-ring-color: rgb(59 130 246 / 0.5); --tw-ring-offset-shadow: 0 0 #0000; --tw-ring-shadow: 0 0 #0000; --tw-shadow: 0 0 #0000; --tw-shadow-colored: 0 0 #0000; --tw-blur: ; --tw-brightness: ; --tw-contrast: ; --tw-grayscale: ; --tw-hue-rotate: ; --tw-invert: ; --tw-saturate: ; --tw-sepia: ; --tw-drop-shadow: ; --tw-backdrop-blur: ; --tw-backdrop-brightness: ; --tw-backdrop-contrast: ; --tw-backdrop-grayscale: ; --tw-backdrop-hue-rotate: ; --tw-backdrop-invert: ; --tw-backdrop-opacity: ; --tw-backdrop-saturate: ; --tw-backdrop-sepia: ; --tw-contain-size: ; --tw-contain-layout: ; --tw-contain-paint: ; --tw-contain-style: ; border-width: 0px; border-style: solid; border-color: rgb(229, 231, 235); font-family: &quot;Material Symbols Outlined&quot;; font-size: 2.25rem; line-height: 2.5rem; display: inline-block; text-wrap-mode: nowrap; overflow-wrap: normal; direction: ltr; font-feature-settings: &quot;liga&quot;; -webkit-font-smoothing: antialiased; font-variation-settings: &quot;FILL&quot; 0, &quot;wght&quot; 400, &quot;GRAD&quot; 0, &quot;opsz&quot; 24; --tw-text-opacity: 1; color: rgb(59, 105, 52);">texture</span><h3 class="font-bold text-lg leading-tight" style="--tw-border-spacing-x: 0; --tw-border-spacing-y: 0; --tw-translate-x: 0; --tw-translate-y: 0; --tw-rotate: 0; --tw-skew-x: 0; --tw-skew-y: 0; --tw-scale-x: 1; --tw-scale-y: 1; --tw-pan-x: ; --tw-pan-y: ; --tw-pinch-zoom: ; --tw-scroll-snap-strictness: proximity; --tw-gradient-from-position: ; --tw-gradient-via-position: ; --tw-gradient-to-position: ; --tw-ordinal: ; --tw-slashed-zero: ; --tw-numeric-figure: ; --tw-numeric-spacing: ; --tw-numeric-fraction: ; --tw-ring-inset: ; --tw-ring-offset-width: 0px; --tw-ring-offset-color: #fff; --tw-ring-color: rgb(59 130 246 / 0.5); --tw-ring-offset-shadow: 0 0 #0000; --tw-ring-shadow: 0 0 #0000; --tw-shadow: 0 0 #0000; --tw-shadow-colored: 0 0 #0000; --tw-blur: ; --tw-brightness: ; --tw-contrast: ; --tw-grayscale: ; --tw-hue-rotate: ; --tw-invert: ; --tw-saturate: ; --tw-sepia: ; --tw-drop-shadow: ; --tw-backdrop-blur: ; --tw-backdrop-brightness: ; --tw-backdrop-contrast: ; --tw-backdrop-grayscale: ; --tw-backdrop-hue-rotate: ; --tw-backdrop-invert: ; --tw-backdrop-opacity: ; --tw-backdrop-saturate: ; --tw-backdrop-sepia: ; --tw-contain-size: ; --tw-contain-layout: ; --tw-contain-paint: ; --tw-contain-style: ; border-width: 0px; border-style: solid; border-color: rgb(229, 231, 235); font-family: &quot;Plus Jakarta Sans&quot;, sans-serif; font-size: 1.125rem; line-height: 1.25;">Cải thiện cấu trúc</h3><p class="text-sm opacity-80" style="--tw-border-spacing-x: 0; --tw-border-spacing-y: 0; --tw-translate-x: 0; --tw-translate-y: 0; --tw-rotate: 0; --tw-skew-x: 0; --tw-skew-y: 0; --tw-scale-x: 1; --tw-scale-y: 1; --tw-pan-x: ; --tw-pan-y: ; --tw-pinch-zoom: ; --tw-scroll-snap-strictness: proximity; --tw-gradient-from-position: ; --tw-gradient-via-position: ; --tw-gradient-to-position: ; --tw-ordinal: ; --tw-slashed-zero: ; --tw-numeric-figure: ; --tw-numeric-spacing: ; --tw-numeric-fraction: ; --tw-ring-inset: ; --tw-ring-offset-width: 0px; --tw-ring-offset-color: #fff; --tw-ring-color: rgb(59 130 246 / 0.5); --tw-ring-offset-shadow: 0 0 #0000; --tw-ring-shadow: 0 0 #0000; --tw-shadow: 0 0 #0000; --tw-shadow-colored: 0 0 #0000; --tw-blur: ; --tw-brightness: ; --tw-contrast: ; --tw-grayscale: ; --tw-hue-rotate: ; --tw-invert: ; --tw-saturate: ; --tw-sepia: ; --tw-drop-shadow: ; --tw-backdrop-blur: ; --tw-backdrop-brightness: ; --tw-backdrop-contrast: ; --tw-backdrop-grayscale: ; --tw-backdrop-hue-rotate: ; --tw-backdrop-invert: ; --tw-backdrop-opacity: ; --tw-backdrop-saturate: ; --tw-backdrop-sepia: ; --tw-contain-size: ; --tw-contain-layout: ; --tw-contain-paint: ; --tw-contain-style: ; border-width: 0px; border-style: solid; border-color: rgb(229, 231, 235); margin-top: 0px; margin-bottom: 0px; font-size: 0.875rem; line-height: 1.25rem; opacity: 0.8;">Sản sinh ra các chất keo sinh học gắn kết hạt đất, tạo ra độ thông thoáng và giữ nước.</p></div></div><h2 class="text-3xl font-bold text-primary tracking-tight mt-12 mb-6" style="--tw-border-spacing-x: 0; --tw-border-spacing-y: 0; --tw-translate-x: 0; --tw-translate-y: 0; --tw-rotate: 0; --tw-skew-x: 0; --tw-skew-y: 0; --tw-scale-x: 1; --tw-scale-y: 1; --tw-pan-x: ; --tw-pan-y: ; --tw-pinch-zoom: ; --tw-scroll-snap-strictness: proximity; --tw-gradient-from-position: ; --tw-gradient-via-position: ; --tw-gradient-to-position: ; --tw-ordinal: ; --tw-slashed-zero: ; --tw-numeric-figure: ; --tw-numeric-spacing: ; --tw-numeric-fraction: ; --tw-ring-inset: ; --tw-ring-offset-width: 0px; --tw-ring-offset-color: #fff; --tw-ring-color: rgb(59 130 246 / 0.5); --tw-ring-offset-shadow: 0 0 #0000; --tw-ring-shadow: 0 0 #0000; --tw-shadow: 0 0 #0000; --tw-shadow-colored: 0 0 #0000; --tw-blur: ; --tw-brightness: ; --tw-contrast: ; --tw-grayscale: ; --tw-hue-rotate: ; --tw-invert: ; --tw-saturate: ; --tw-sepia: ; --tw-drop-shadow: ; --tw-backdrop-blur: ; --tw-backdrop-brightness: ; --tw-backdrop-contrast: ; --tw-backdrop-grayscale: ; --tw-backdrop-hue-rotate: ; --tw-backdrop-invert: ; --tw-backdrop-opacity: ; --tw-backdrop-saturate: ; --tw-backdrop-sepia: ; --tw-contain-size: ; --tw-contain-layout: ; --tw-contain-paint: ; --tw-contain-style: ; border-width: 0px; border-style: solid; border-color: rgb(229, 231, 235); font-family: &quot;Plus Jakarta Sans&quot;, sans-serif; font-size: 1.875rem; margin-top: 32px; line-height: 2.25rem; letter-spacing: -0.025em; --tw-text-opacity: 1; color: rgb(59, 105, 52); --tw-space-y-reverse: 0; background-color: rgb(250, 249, 248);">Cách cải tạo đất tự nhiên</h2><p style="--tw-border-spacing-x: 0; --tw-border-spacing-y: 0; --tw-translate-x: 0; --tw-translate-y: 0; --tw-rotate: 0; --tw-skew-x: 0; --tw-skew-y: 0; --tw-scale-x: 1; --tw-scale-y: 1; --tw-pan-x: ; --tw-pan-y: ; --tw-pinch-zoom: ; --tw-scroll-snap-strictness: proximity; --tw-gradient-from-position: ; --tw-gradient-via-position: ; --tw-gradient-to-position: ; --tw-ordinal: ; --tw-slashed-zero: ; --tw-numeric-figure: ; --tw-numeric-spacing: ; --tw-numeric-fraction: ; --tw-ring-inset: ; --tw-ring-offset-width: 0px; --tw-ring-offset-color: #fff; --tw-ring-color: rgb(59 130 246 / 0.5); --tw-ring-offset-shadow: 0 0 #0000; --tw-ring-shadow: 0 0 #0000; --tw-shadow: 0 0 #0000; --tw-shadow-colored: 0 0 #0000; --tw-blur: ; --tw-brightness: ; --tw-contrast: ; --tw-grayscale: ; --tw-hue-rotate: ; --tw-invert: ; --tw-saturate: ; --tw-sepia: ; --tw-drop-shadow: ; --tw-backdrop-blur: ; --tw-backdrop-brightness: ; --tw-backdrop-contrast: ; --tw-backdrop-grayscale: ; --tw-backdrop-hue-rotate: ; --tw-backdrop-invert: ; --tw-backdrop-opacity: ; --tw-backdrop-saturate: ; --tw-backdrop-sepia: ; --tw-contain-size: ; --tw-contain-layout: ; --tw-contain-paint: ; --tw-contain-style: ; border-width: 0px; border-style: solid; border-color: rgb(229, 231, 235); margin-top: 32px; margin-bottom: 0px; --tw-space-y-reverse: 0; color: rgb(62, 74, 62); font-family: Manrope; font-weight: 400; background-color: rgb(250, 249, 248);">Để nuôi dưỡng một "làn da" khỏe mạnh cho Trái đất, chúng ta cần tránh xa các hóa chất tổng hợp. Thay vào đó, hãy áp dụng những nguyên lý bồi đắp tự nhiên:</p><div class="bg-surface-container-highest/30 rounded-xl p-10 my-8 space-y-6" style="--tw-border-spacing-x: 0; --tw-border-spacing-y: 0; --tw-translate-x: 0; --tw-translate-y: 0; --tw-rotate: 0; --tw-skew-x: 0; --tw-skew-y: 0; --tw-scale-x: 1; --tw-scale-y: 1; --tw-pan-x: ; --tw-pan-y: ; --tw-pinch-zoom: ; --tw-scroll-snap-strictness: proximity; --tw-gradient-from-position: ; --tw-gradient-via-position: ; --tw-gradient-to-position: ; --tw-ordinal: ; --tw-slashed-zero: ; --tw-numeric-figure: ; --tw-numeric-spacing: ; --tw-numeric-fraction: ; --tw-ring-inset: ; --tw-ring-offset-width: 0px; --tw-ring-offset-color: #fff; --tw-ring-color: rgb(59 130 246 / 0.5); --tw-ring-offset-shadow: 0 0 #0000; --tw-ring-shadow: 0 0 #0000; --tw-shadow: 0 0 #0000; --tw-shadow-colored: 0 0 #0000; --tw-blur: ; --tw-brightness: ; --tw-contrast: ; --tw-grayscale: ; --tw-hue-rotate: ; --tw-invert: ; --tw-saturate: ; --tw-sepia: ; --tw-drop-shadow: ; --tw-backdrop-blur: ; --tw-backdrop-brightness: ; --tw-backdrop-contrast: ; --tw-backdrop-grayscale: ; --tw-backdrop-hue-rotate: ; --tw-backdrop-invert: ; --tw-backdrop-opacity: ; --tw-backdrop-saturate: ; --tw-backdrop-sepia: ; --tw-contain-size: ; --tw-contain-layout: ; --tw-contain-paint: ; --tw-contain-style: ; border-width: 0px; border-style: solid; border-color: rgb(229, 231, 235); margin-top: 32px; border-radius: 0.75rem; background-color: rgba(227, 226, 225, 0.3); padding: 2.5rem; --tw-space-y-reverse: 0; color: rgb(62, 74, 62); font-family: Manrope; font-weight: 400;"><div class="flex gap-6 items-start" style="--tw-border-spacing-x: 0; --tw-border-spacing-y: 0; --tw-translate-x: 0; --tw-translate-y: 0; --tw-rotate: 0; --tw-skew-x: 0; --tw-skew-y: 0; --tw-scale-x: 1; --tw-scale-y: 1; --tw-pan-x: ; --tw-pan-y: ; --tw-pinch-zoom: ; --tw-scroll-snap-strictness: proximity; --tw-gradient-from-position: ; --tw-gradient-via-position: ; --tw-gradient-to-position: ; --tw-ordinal: ; --tw-slashed-zero: ; --tw-numeric-figure: ; --tw-numeric-spacing: ; --tw-numeric-fraction: ; --tw-ring-inset: ; --tw-ring-offset-width: 0px; --tw-ring-offset-color: #fff; --tw-ring-color: rgb(59 130 246 / 0.5); --tw-ring-offset-shadow: 0 0 #0000; --tw-ring-shadow: 0 0 #0000; --tw-shadow: 0 0 #0000; --tw-shadow-colored: 0 0 #0000; --tw-blur: ; --tw-brightness: ; --tw-contrast: ; --tw-grayscale: ; --tw-hue-rotate: ; --tw-invert: ; --tw-saturate: ; --tw-sepia: ; --tw-drop-shadow: ; --tw-backdrop-blur: ; --tw-backdrop-brightness: ; --tw-backdrop-contrast: ; --tw-backdrop-grayscale: ; --tw-backdrop-hue-rotate: ; --tw-backdrop-invert: ; --tw-backdrop-opacity: ; --tw-backdrop-saturate: ; --tw-backdrop-sepia: ; --tw-contain-size: ; --tw-contain-layout: ; --tw-contain-paint: ; --tw-contain-style: ; border-width: 0px; border-style: solid; border-color: rgb(229, 231, 235); display: flex; align-items: flex-start; gap: 1.5rem;"><div class="bg-primary text-on-primary w-10 h-10 rounded-full flex items-center justify-center font-bold flex-shrink-0" style="--tw-border-spacing-x: 0; --tw-border-spacing-y: 0; --tw-translate-x: 0; --tw-translate-y: 0; --tw-rotate: 0; --tw-skew-x: 0; --tw-skew-y: 0; --tw-scale-x: 1; --tw-scale-y: 1; --tw-pan-x: ; --tw-pan-y: ; --tw-pinch-zoom: ; --tw-scroll-snap-strictness: proximity; --tw-gradient-from-position: ; --tw-gradient-via-position: ; --tw-gradient-to-position: ; --tw-ordinal: ; --tw-slashed-zero: ; --tw-numeric-figure: ; --tw-numeric-spacing: ; --tw-numeric-fraction: ; --tw-ring-inset: ; --tw-ring-offset-width: 0px; --tw-ring-offset-color: #fff; --tw-ring-color: rgb(59 130 246 / 0.5); --tw-ring-offset-shadow: 0 0 #0000; --tw-ring-shadow: 0 0 #0000; --tw-shadow: 0 0 #0000; --tw-shadow-colored: 0 0 #0000; --tw-blur: ; --tw-brightness: ; --tw-contrast: ; --tw-grayscale: ; --tw-hue-rotate: ; --tw-invert: ; --tw-saturate: ; --tw-sepia: ; --tw-drop-shadow: ; --tw-backdrop-blur: ; --tw-backdrop-brightness: ; --tw-backdrop-contrast: ; --tw-backdrop-grayscale: ; --tw-backdrop-hue-rotate: ; --tw-backdrop-invert: ; --tw-backdrop-opacity: ; --tw-backdrop-saturate: ; --tw-backdrop-sepia: ; --tw-contain-size: ; --tw-contain-layout: ; --tw-contain-paint: ; --tw-contain-style: ; border-width: 0px; border-style: solid; border-color: rgb(229, 231, 235); display: flex; height: 2.5rem; width: 2.5rem; flex-shrink: 0; align-items: center; justify-content: center; border-radius: 9999px; --tw-bg-opacity: 1; background-color: rgb(59, 105, 52); font-weight: 700; --tw-text-opacity: 1; color: rgb(255, 255, 255);">1</div><div style="--tw-border-spacing-x: 0; --tw-border-spacing-y: 0; --tw-translate-x: 0; --tw-translate-y: 0; --tw-rotate: 0; --tw-skew-x: 0; --tw-skew-y: 0; --tw-scale-x: 1; --tw-scale-y: 1; --tw-pan-x: ; --tw-pan-y: ; --tw-pinch-zoom: ; --tw-scroll-snap-strictness: proximity; --tw-gradient-from-position: ; --tw-gradient-via-position: ; --tw-gradient-to-position: ; --tw-ordinal: ; --tw-slashed-zero: ; --tw-numeric-figure: ; --tw-numeric-spacing: ; --tw-numeric-fraction: ; --tw-ring-inset: ; --tw-ring-offset-width: 0px; --tw-ring-offset-color: #fff; --tw-ring-color: rgb(59 130 246 / 0.5); --tw-ring-offset-shadow: 0 0 #0000; --tw-ring-shadow: 0 0 #0000; --tw-shadow: 0 0 #0000; --tw-shadow-colored: 0 0 #0000; --tw-blur: ; --tw-brightness: ; --tw-contrast: ; --tw-grayscale: ; --tw-hue-rotate: ; --tw-invert: ; --tw-saturate: ; --tw-sepia: ; --tw-drop-shadow: ; --tw-backdrop-blur: ; --tw-backdrop-brightness: ; --tw-backdrop-contrast: ; --tw-backdrop-grayscale: ; --tw-backdrop-hue-rotate: ; --tw-backdrop-invert: ; --tw-backdrop-opacity: ; --tw-backdrop-saturate: ; --tw-backdrop-sepia: ; --tw-contain-size: ; --tw-contain-layout: ; --tw-contain-paint: ; --tw-contain-style: ; border-width: 0px; border-style: solid; border-color: rgb(229, 231, 235);"><h4 class="font-bold text-on-surface text-xl mb-2" style="--tw-border-spacing-x: 0; --tw-border-spacing-y: 0; --tw-translate-x: 0; --tw-translate-y: 0; --tw-rotate: 0; --tw-skew-x: 0; --tw-skew-y: 0; --tw-scale-x: 1; --tw-scale-y: 1; --tw-pan-x: ; --tw-pan-y: ; --tw-pinch-zoom: ; --tw-scroll-snap-strictness: proximity; --tw-gradient-from-position: ; --tw-gradient-via-position: ; --tw-gradient-to-position: ; --tw-ordinal: ; --tw-slashed-zero: ; --tw-numeric-figure: ; --tw-numeric-spacing: ; --tw-numeric-fraction: ; --tw-ring-inset: ; --tw-ring-offset-width: 0px; --tw-ring-offset-color: #fff; --tw-ring-color: rgb(59 130 246 / 0.5); --tw-ring-offset-shadow: 0 0 #0000; --tw-ring-shadow: 0 0 #0000; --tw-shadow: 0 0 #0000; --tw-shadow-colored: 0 0 #0000; --tw-blur: ; --tw-brightness: ; --tw-contrast: ; --tw-grayscale: ; --tw-hue-rotate: ; --tw-invert: ; --tw-saturate: ; --tw-sepia: ; --tw-drop-shadow: ; --tw-backdrop-blur: ; --tw-backdrop-brightness: ; --tw-backdrop-contrast: ; --tw-backdrop-grayscale: ; --tw-backdrop-hue-rotate: ; --tw-backdrop-invert: ; --tw-backdrop-opacity: ; --tw-backdrop-saturate: ; --tw-backdrop-sepia: ; --tw-contain-size: ; --tw-contain-layout: ; --tw-contain-paint: ; --tw-contain-style: ; border-width: 0px; border-style: solid; border-color: rgb(229, 231, 235); font-size: 1.25rem; margin-bottom: 0.5rem; line-height: 1.75rem; --tw-text-opacity: 1; color: rgb(26, 28, 28);">Phân ủ hữu cơ (Compost)</h4><p style="--tw-border-spacing-x: 0; --tw-border-spacing-y: 0; --tw-translate-x: 0; --tw-translate-y: 0; --tw-rotate: 0; --tw-skew-x: 0; --tw-skew-y: 0; --tw-scale-x: 1; --tw-scale-y: 1; --tw-pan-x: ; --tw-pan-y: ; --tw-pinch-zoom: ; --tw-scroll-snap-strictness: proximity; --tw-gradient-from-position: ; --tw-gradient-via-position: ; --tw-gradient-to-position: ; --tw-ordinal: ; --tw-slashed-zero: ; --tw-numeric-figure: ; --tw-numeric-spacing: ; --tw-numeric-fraction: ; --tw-ring-inset: ; --tw-ring-offset-width: 0px; --tw-ring-offset-color: #fff; --tw-ring-color: rgb(59 130 246 / 0.5); --tw-ring-offset-shadow: 0 0 #0000; --tw-ring-shadow: 0 0 #0000; --tw-shadow: 0 0 #0000; --tw-shadow-colored: 0 0 #0000; --tw-blur: ; --tw-brightness: ; --tw-contrast: ; --tw-grayscale: ; --tw-hue-rotate: ; --tw-invert: ; --tw-saturate: ; --tw-sepia: ; --tw-drop-shadow: ; --tw-backdrop-blur: ; --tw-backdrop-brightness: ; --tw-backdrop-contrast: ; --tw-backdrop-grayscale: ; --tw-backdrop-hue-rotate: ; --tw-backdrop-invert: ; --tw-backdrop-opacity: ; --tw-backdrop-saturate: ; --tw-backdrop-sepia: ; --tw-contain-size: ; --tw-contain-layout: ; --tw-contain-paint: ; --tw-contain-style: ; border-width: 0px; border-style: solid; border-color: rgb(229, 231, 235); margin-top: 0px; margin-bottom: 0px;">Đây là "vàng đen" của nông nghiệp. Phân ủ cung cấp nguồn vi sinh vật phong phú và cải thiện độ phì nhiêu một cách bền vững.</p></div></div><div class="flex gap-6 items-start" style="--tw-border-spacing-x: 0; --tw-border-spacing-y: 0; --tw-translate-x: 0; --tw-translate-y: 0; --tw-rotate: 0; --tw-skew-x: 0; --tw-skew-y: 0; --tw-scale-x: 1; --tw-scale-y: 1; --tw-pan-x: ; --tw-pan-y: ; --tw-pinch-zoom: ; --tw-scroll-snap-strictness: proximity; --tw-gradient-from-position: ; --tw-gradient-via-position: ; --tw-gradient-to-position: ; --tw-ordinal: ; --tw-slashed-zero: ; --tw-numeric-figure: ; --tw-numeric-spacing: ; --tw-numeric-fraction: ; --tw-ring-inset: ; --tw-ring-offset-width: 0px; --tw-ring-offset-color: #fff; --tw-ring-color: rgb(59 130 246 / 0.5); --tw-ring-offset-shadow: 0 0 #0000; --tw-ring-shadow: 0 0 #0000; --tw-shadow: 0 0 #0000; --tw-shadow-colored: 0 0 #0000; --tw-blur: ; --tw-brightness: ; --tw-contrast: ; --tw-grayscale: ; --tw-hue-rotate: ; --tw-invert: ; --tw-saturate: ; --tw-sepia: ; --tw-drop-shadow: ; --tw-backdrop-blur: ; --tw-backdrop-brightness: ; --tw-backdrop-contrast: ; --tw-backdrop-grayscale: ; --tw-backdrop-hue-rotate: ; --tw-backdrop-invert: ; --tw-backdrop-opacity: ; --tw-backdrop-saturate: ; --tw-backdrop-sepia: ; --tw-contain-size: ; --tw-contain-layout: ; --tw-contain-paint: ; --tw-contain-style: ; border-width: 0px; border-style: solid; border-color: rgb(229, 231, 235); display: flex; align-items: flex-start; gap: 1.5rem; --tw-space-y-reverse: 0; margin-top: 24px;"><div class="bg-primary text-on-primary w-10 h-10 rounded-full flex items-center justify-center font-bold flex-shrink-0" style="--tw-border-spacing-x: 0; --tw-border-spacing-y: 0; --tw-translate-x: 0; --tw-translate-y: 0; --tw-rotate: 0; --tw-skew-x: 0; --tw-skew-y: 0; --tw-scale-x: 1; --tw-scale-y: 1; --tw-pan-x: ; --tw-pan-y: ; --tw-pinch-zoom: ; --tw-scroll-snap-strictness: proximity; --tw-gradient-from-position: ; --tw-gradient-via-position: ; --tw-gradient-to-position: ; --tw-ordinal: ; --tw-slashed-zero: ; --tw-numeric-figure: ; --tw-numeric-spacing: ; --tw-numeric-fraction: ; --tw-ring-inset: ; --tw-ring-offset-width: 0px; --tw-ring-offset-color: #fff; --tw-ring-color: rgb(59 130 246 / 0.5); --tw-ring-offset-shadow: 0 0 #0000; --tw-ring-shadow: 0 0 #0000; --tw-shadow: 0 0 #0000; --tw-shadow-colored: 0 0 #0000; --tw-blur: ; --tw-brightness: ; --tw-contrast: ; --tw-grayscale: ; --tw-hue-rotate: ; --tw-invert: ; --tw-saturate: ; --tw-sepia: ; --tw-drop-shadow: ; --tw-backdrop-blur: ; --tw-backdrop-brightness: ; --tw-backdrop-contrast: ; --tw-backdrop-grayscale: ; --tw-backdrop-hue-rotate: ; --tw-backdrop-invert: ; --tw-backdrop-opacity: ; --tw-backdrop-saturate: ; --tw-backdrop-sepia: ; --tw-contain-size: ; --tw-contain-layout: ; --tw-contain-paint: ; --tw-contain-style: ; border-width: 0px; border-style: solid; border-color: rgb(229, 231, 235); display: flex; height: 2.5rem; width: 2.5rem; flex-shrink: 0; align-items: center; justify-content: center; border-radius: 9999px; --tw-bg-opacity: 1; background-color: rgb(59, 105, 52); font-weight: 700; --tw-text-opacity: 1; color: rgb(255, 255, 255);">2</div><div style="--tw-border-spacing-x: 0; --tw-border-spacing-y: 0; --tw-translate-x: 0; --tw-translate-y: 0; --tw-rotate: 0; --tw-skew-x: 0; --tw-skew-y: 0; --tw-scale-x: 1; --tw-scale-y: 1; --tw-pan-x: ; --tw-pan-y: ; --tw-pinch-zoom: ; --tw-scroll-snap-strictness: proximity; --tw-gradient-from-position: ; --tw-gradient-via-position: ; --tw-gradient-to-position: ; --tw-ordinal: ; --tw-slashed-zero: ; --tw-numeric-figure: ; --tw-numeric-spacing: ; --tw-numeric-fraction: ; --tw-ring-inset: ; --tw-ring-offset-width: 0px; --tw-ring-offset-color: #fff; --tw-ring-color: rgb(59 130 246 / 0.5); --tw-ring-offset-shadow: 0 0 #0000; --tw-ring-shadow: 0 0 #0000; --tw-shadow: 0 0 #0000; --tw-shadow-colored: 0 0 #0000; --tw-blur: ; --tw-brightness: ; --tw-contrast: ; --tw-grayscale: ; --tw-hue-rotate: ; --tw-invert: ; --tw-saturate: ; --tw-sepia: ; --tw-drop-shadow: ; --tw-backdrop-blur: ; --tw-backdrop-brightness: ; --tw-backdrop-contrast: ; --tw-backdrop-grayscale: ; --tw-backdrop-hue-rotate: ; --tw-backdrop-invert: ; --tw-backdrop-opacity: ; --tw-backdrop-saturate: ; --tw-backdrop-sepia: ; --tw-contain-size: ; --tw-contain-layout: ; --tw-contain-paint: ; --tw-contain-style: ; border-width: 0px; border-style: solid; border-color: rgb(229, 231, 235);"><h4 class="font-bold text-on-surface text-xl mb-2" style="--tw-border-spacing-x: 0; --tw-border-spacing-y: 0; --tw-translate-x: 0; --tw-translate-y: 0; --tw-rotate: 0; --tw-skew-x: 0; --tw-skew-y: 0; --tw-scale-x: 1; --tw-scale-y: 1; --tw-pan-x: ; --tw-pan-y: ; --tw-pinch-zoom: ; --tw-scroll-snap-strictness: proximity; --tw-gradient-from-position: ; --tw-gradient-via-position: ; --tw-gradient-to-position: ; --tw-ordinal: ; --tw-slashed-zero: ; --tw-numeric-figure: ; --tw-numeric-spacing: ; --tw-numeric-fraction: ; --tw-ring-inset: ; --tw-ring-offset-width: 0px; --tw-ring-offset-color: #fff; --tw-ring-color: rgb(59 130 246 / 0.5); --tw-ring-offset-shadow: 0 0 #0000; --tw-ring-shadow: 0 0 #0000; --tw-shadow: 0 0 #0000; --tw-shadow-colored: 0 0 #0000; --tw-blur: ; --tw-brightness: ; --tw-contrast: ; --tw-grayscale: ; --tw-hue-rotate: ; --tw-invert: ; --tw-saturate: ; --tw-sepia: ; --tw-drop-shadow: ; --tw-backdrop-blur: ; --tw-backdrop-brightness: ; --tw-backdrop-contrast: ; --tw-backdrop-grayscale: ; --tw-backdrop-hue-rotate: ; --tw-backdrop-invert: ; --tw-backdrop-opacity: ; --tw-backdrop-saturate: ; --tw-backdrop-sepia: ; --tw-contain-size: ; --tw-contain-layout: ; --tw-contain-paint: ; --tw-contain-style: ; border-width: 0px; border-style: solid; border-color: rgb(229, 231, 235); font-size: 1.25rem; margin-bottom: 0.5rem; line-height: 1.75rem; --tw-text-opacity: 1; color: rgb(26, 28, 28);">Che phủ đất (Mulching)</h4><p style="--tw-border-spacing-x: 0; --tw-border-spacing-y: 0; --tw-translate-x: 0; --tw-translate-y: 0; --tw-rotate: 0; --tw-skew-x: 0; --tw-skew-y: 0; --tw-scale-x: 1; --tw-scale-y: 1; --tw-pan-x: ; --tw-pan-y: ; --tw-pinch-zoom: ; --tw-scroll-snap-strictness: proximity; --tw-gradient-from-position: ; --tw-gradient-via-position: ; --tw-gradient-to-position: ; --tw-ordinal: ; --tw-slashed-zero: ; --tw-numeric-figure: ; --tw-numeric-spacing: ; --tw-numeric-fraction: ; --tw-ring-inset: ; --tw-ring-offset-width: 0px; --tw-ring-offset-color: #fff; --tw-ring-color: rgb(59 130 246 / 0.5); --tw-ring-offset-shadow: 0 0 #0000; --tw-ring-shadow: 0 0 #0000; --tw-shadow: 0 0 #0000; --tw-shadow-colored: 0 0 #0000; --tw-blur: ; --tw-brightness: ; --tw-contrast: ; --tw-grayscale: ; --tw-hue-rotate: ; --tw-invert: ; --tw-saturate: ; --tw-sepia: ; --tw-drop-shadow: ; --tw-backdrop-blur: ; --tw-backdrop-brightness: ; --tw-backdrop-contrast: ; --tw-backdrop-grayscale: ; --tw-backdrop-hue-rotate: ; --tw-backdrop-invert: ; --tw-backdrop-opacity: ; --tw-backdrop-saturate: ; --tw-backdrop-sepia: ; --tw-contain-size: ; --tw-contain-layout: ; --tw-contain-paint: ; --tw-contain-style: ; border-width: 0px; border-style: solid; border-color: rgb(229, 231, 235); margin-top: 0px; margin-bottom: 0px;">Sử dụng rơm rạ, lá khô hoặc cây phân xanh để che phủ mặt đất, giúp giữ ẩm, ổn định nhiệt độ và bảo vệ vi sinh vật khỏi tia cực tím.</p></div></div><div class="flex gap-6 items-start" style="--tw-border-spacing-x: 0; --tw-border-spacing-y: 0; --tw-translate-x: 0; --tw-translate-y: 0; --tw-rotate: 0; --tw-skew-x: 0; --tw-skew-y: 0; --tw-scale-x: 1; --tw-scale-y: 1; --tw-pan-x: ; --tw-pan-y: ; --tw-pinch-zoom: ; --tw-scroll-snap-strictness: proximity; --tw-gradient-from-position: ; --tw-gradient-via-position: ; --tw-gradient-to-position: ; --tw-ordinal: ; --tw-slashed-zero: ; --tw-numeric-figure: ; --tw-numeric-spacing: ; --tw-numeric-fraction: ; --tw-ring-inset: ; --tw-ring-offset-width: 0px; --tw-ring-offset-color: #fff; --tw-ring-color: rgb(59 130 246 / 0.5); --tw-ring-offset-shadow: 0 0 #0000; --tw-ring-shadow: 0 0 #0000; --tw-shadow: 0 0 #0000; --tw-shadow-colored: 0 0 #0000; --tw-blur: ; --tw-brightness: ; --tw-contrast: ; --tw-grayscale: ; --tw-hue-rotate: ; --tw-invert: ; --tw-saturate: ; --tw-sepia: ; --tw-drop-shadow: ; --tw-backdrop-blur: ; --tw-backdrop-brightness: ; --tw-backdrop-contrast: ; --tw-backdrop-grayscale: ; --tw-backdrop-hue-rotate: ; --tw-backdrop-invert: ; --tw-backdrop-opacity: ; --tw-backdrop-saturate: ; --tw-backdrop-sepia: ; --tw-contain-size: ; --tw-contain-layout: ; --tw-contain-paint: ; --tw-contain-style: ; border-width: 0px; border-style: solid; border-color: rgb(229, 231, 235); display: flex; align-items: flex-start; gap: 1.5rem; --tw-space-y-reverse: 0; margin-top: 24px;"><div class="bg-primary text-on-primary w-10 h-10 rounded-full flex items-center justify-center font-bold flex-shrink-0" style="--tw-border-spacing-x: 0; --tw-border-spacing-y: 0; --tw-translate-x: 0; --tw-translate-y: 0; --tw-rotate: 0; --tw-skew-x: 0; --tw-skew-y: 0; --tw-scale-x: 1; --tw-scale-y: 1; --tw-pan-x: ; --tw-pan-y: ; --tw-pinch-zoom: ; --tw-scroll-snap-strictness: proximity; --tw-gradient-from-position: ; --tw-gradient-via-position: ; --tw-gradient-to-position: ; --tw-ordinal: ; --tw-slashed-zero: ; --tw-numeric-figure: ; --tw-numeric-spacing: ; --tw-numeric-fraction: ; --tw-ring-inset: ; --tw-ring-offset-width: 0px; --tw-ring-offset-color: #fff; --tw-ring-color: rgb(59 130 246 / 0.5); --tw-ring-offset-shadow: 0 0 #0000; --tw-ring-shadow: 0 0 #0000; --tw-shadow: 0 0 #0000; --tw-shadow-colored: 0 0 #0000; --tw-blur: ; --tw-brightness: ; --tw-contrast: ; --tw-grayscale: ; --tw-hue-rotate: ; --tw-invert: ; --tw-saturate: ; --tw-sepia: ; --tw-drop-shadow: ; --tw-backdrop-blur: ; --tw-backdrop-brightness: ; --tw-backdrop-contrast: ; --tw-backdrop-grayscale: ; --tw-backdrop-hue-rotate: ; --tw-backdrop-invert: ; --tw-backdrop-opacity: ; --tw-backdrop-saturate: ; --tw-backdrop-sepia: ; --tw-contain-size: ; --tw-contain-layout: ; --tw-contain-paint: ; --tw-contain-style: ; border-width: 0px; border-style: solid; border-color: rgb(229, 231, 235); display: flex; height: 2.5rem; width: 2.5rem; flex-shrink: 0; align-items: center; justify-content: center; border-radius: 9999px; --tw-bg-opacity: 1; background-color: rgb(59, 105, 52); font-weight: 700; --tw-text-opacity: 1; color: rgb(255, 255, 255);">3</div><div style="--tw-border-spacing-x: 0; --tw-border-spacing-y: 0; --tw-translate-x: 0; --tw-translate-y: 0; --tw-rotate: 0; --tw-skew-x: 0; --tw-skew-y: 0; --tw-scale-x: 1; --tw-scale-y: 1; --tw-pan-x: ; --tw-pan-y: ; --tw-pinch-zoom: ; --tw-scroll-snap-strictness: proximity; --tw-gradient-from-position: ; --tw-gradient-via-position: ; --tw-gradient-to-position: ; --tw-ordinal: ; --tw-slashed-zero: ; --tw-numeric-figure: ; --tw-numeric-spacing: ; --tw-numeric-fraction: ; --tw-ring-inset: ; --tw-ring-offset-width: 0px; --tw-ring-offset-color: #fff; --tw-ring-color: rgb(59 130 246 / 0.5); --tw-ring-offset-shadow: 0 0 #0000; --tw-ring-shadow: 0 0 #0000; --tw-shadow: 0 0 #0000; --tw-shadow-colored: 0 0 #0000; --tw-blur: ; --tw-brightness: ; --tw-contrast: ; --tw-grayscale: ; --tw-hue-rotate: ; --tw-invert: ; --tw-saturate: ; --tw-sepia: ; --tw-drop-shadow: ; --tw-backdrop-blur: ; --tw-backdrop-brightness: ; --tw-backdrop-contrast: ; --tw-backdrop-grayscale: ; --tw-backdrop-hue-rotate: ; --tw-backdrop-invert: ; --tw-backdrop-opacity: ; --tw-backdrop-saturate: ; --tw-backdrop-sepia: ; --tw-contain-size: ; --tw-contain-layout: ; --tw-contain-paint: ; --tw-contain-style: ; border-width: 0px; border-style: solid; border-color: rgb(229, 231, 235);"><h4 class="font-bold text-on-surface text-xl mb-2" style="--tw-border-spacing-x: 0; --tw-border-spacing-y: 0; --tw-translate-x: 0; --tw-translate-y: 0; --tw-rotate: 0; --tw-skew-x: 0; --tw-skew-y: 0; --tw-scale-x: 1; --tw-scale-y: 1; --tw-pan-x: ; --tw-pan-y: ; --tw-pinch-zoom: ; --tw-scroll-snap-strictness: proximity; --tw-gradient-from-position: ; --tw-gradient-via-position: ; --tw-gradient-to-position: ; --tw-ordinal: ; --tw-slashed-zero: ; --tw-numeric-figure: ; --tw-numeric-spacing: ; --tw-numeric-fraction: ; --tw-ring-inset: ; --tw-ring-offset-width: 0px; --tw-ring-offset-color: #fff; --tw-ring-color: rgb(59 130 246 / 0.5); --tw-ring-offset-shadow: 0 0 #0000; --tw-ring-shadow: 0 0 #0000; --tw-shadow: 0 0 #0000; --tw-shadow-colored: 0 0 #0000; --tw-blur: ; --tw-brightness: ; --tw-contrast: ; --tw-grayscale: ; --tw-hue-rotate: ; --tw-invert: ; --tw-saturate: ; --tw-sepia: ; --tw-drop-shadow: ; --tw-backdrop-blur: ; --tw-backdrop-brightness: ; --tw-backdrop-contrast: ; --tw-backdrop-grayscale: ; --tw-backdrop-hue-rotate: ; --tw-backdrop-invert: ; --tw-backdrop-opacity: ; --tw-backdrop-saturate: ; --tw-backdrop-sepia: ; --tw-contain-size: ; --tw-contain-layout: ; --tw-contain-paint: ; --tw-contain-style: ; border-width: 0px; border-style: solid; border-color: rgb(229, 231, 235); font-size: 1.25rem; margin-bottom: 0.5rem; line-height: 1.75rem; --tw-text-opacity: 1; color: rgb(26, 28, 28);">Luân canh và Xen canh</h4><p style="--tw-border-spacing-x: 0; --tw-border-spacing-y: 0; --tw-translate-x: 0; --tw-translate-y: 0; --tw-rotate: 0; --tw-skew-x: 0; --tw-skew-y: 0; --tw-scale-x: 1; --tw-scale-y: 1; --tw-pan-x: ; --tw-pan-y: ; --tw-pinch-zoom: ; --tw-scroll-snap-strictness: proximity; --tw-gradient-from-position: ; --tw-gradient-via-position: ; --tw-gradient-to-position: ; --tw-ordinal: ; --tw-slashed-zero: ; --tw-numeric-figure: ; --tw-numeric-spacing: ; --tw-numeric-fraction: ; --tw-ring-inset: ; --tw-ring-offset-width: 0px; --tw-ring-offset-color: #fff; --tw-ring-color: rgb(59 130 246 / 0.5); --tw-ring-offset-shadow: 0 0 #0000; --tw-ring-shadow: 0 0 #0000; --tw-shadow: 0 0 #0000; --tw-shadow-colored: 0 0 #0000; --tw-blur: ; --tw-brightness: ; --tw-contrast: ; --tw-grayscale: ; --tw-hue-rotate: ; --tw-invert: ; --tw-saturate: ; --tw-sepia: ; --tw-drop-shadow: ; --tw-backdrop-blur: ; --tw-backdrop-brightness: ; --tw-backdrop-contrast: ; --tw-backdrop-grayscale: ; --tw-backdrop-hue-rotate: ; --tw-backdrop-invert: ; --tw-backdrop-opacity: ; --tw-backdrop-saturate: ; --tw-backdrop-sepia: ; --tw-contain-size: ; --tw-contain-layout: ; --tw-contain-paint: ; --tw-contain-style: ; border-width: 0px; border-style: solid; border-color: rgb(229, 231, 235); margin-top: 0px; margin-bottom: 0px;">Việc thay đổi các loại cây trồng giúp đa dạng hóa nguồn thức ăn cho vi sinh vật và ngăn ngừa sự tích tụ của sâu bệnh.</p></div></div></div><div class="flex flex-col md:flex-row gap-8 items-center my-16 bg-secondary-container/20 rounded-2xl p-8 overflow-hidden" style="--tw-border-spacing-x: 0; --tw-border-spacing-y: 0; --tw-translate-x: 0; --tw-translate-y: 0; --tw-rotate: 0; --tw-skew-x: 0; --tw-skew-y: 0; --tw-scale-x: 1; --tw-scale-y: 1; --tw-pan-x: ; --tw-pan-y: ; --tw-pinch-zoom: ; --tw-scroll-snap-strictness: proximity; --tw-gradient-from-position: ; --tw-gradient-via-position: ; --tw-gradient-to-position: ; --tw-ordinal: ; --tw-slashed-zero: ; --tw-numeric-figure: ; --tw-numeric-spacing: ; --tw-numeric-fraction: ; --tw-ring-inset: ; --tw-ring-offset-width: 0px; --tw-ring-offset-color: #fff; --tw-ring-color: rgb(59 130 246 / 0.5); --tw-ring-offset-shadow: 0 0 #0000; --tw-ring-shadow: 0 0 #0000; --tw-shadow: 0 0 #0000; --tw-shadow-colored: 0 0 #0000; --tw-blur: ; --tw-brightness: ; --tw-contrast: ; --tw-grayscale: ; --tw-hue-rotate: ; --tw-invert: ; --tw-saturate: ; --tw-sepia: ; --tw-drop-shadow: ; --tw-backdrop-blur: ; --tw-backdrop-brightness: ; --tw-backdrop-contrast: ; --tw-backdrop-grayscale: ; --tw-backdrop-hue-rotate: ; --tw-backdrop-invert: ; --tw-backdrop-opacity: ; --tw-backdrop-saturate: ; --tw-backdrop-sepia: ; --tw-contain-size: ; --tw-contain-layout: ; --tw-contain-paint: ; --tw-contain-style: ; border-width: 0px; border-style: solid; border-color: rgb(229, 231, 235); margin-top: 32px; display: flex; flex-direction: row; align-items: center; gap: 2rem; overflow: hidden; border-radius: 1rem; background-color: rgba(253, 195, 154, 0.2); padding: 2rem; --tw-space-y-reverse: 0; color: rgb(62, 74, 62); font-family: Manrope; font-weight: 400;"><div class="w-full md:w-1/2 rounded-lg overflow-hidden shadow-xl" style="--tw-border-spacing-x: 0; --tw-border-spacing-y: 0; --tw-translate-x: 0; --tw-translate-y: 0; --tw-rotate: 0; --tw-skew-x: 0; --tw-skew-y: 0; --tw-scale-x: 1; --tw-scale-y: 1; --tw-pan-x: ; --tw-pan-y: ; --tw-pinch-zoom: ; --tw-scroll-snap-strictness: proximity; --tw-gradient-from-position: ; --tw-gradient-via-position: ; --tw-gradient-to-position: ; --tw-ordinal: ; --tw-slashed-zero: ; --tw-numeric-figure: ; --tw-numeric-spacing: ; --tw-numeric-fraction: ; --tw-ring-inset: ; --tw-ring-offset-width: 0px; --tw-ring-offset-color: #fff; --tw-ring-color: rgb(59 130 246 / 0.5); --tw-ring-offset-shadow: 0 0 #0000; --tw-ring-shadow: 0 0 #0000; --tw-shadow: 0 20px 25px -5px rgb(0 0 0 / 0.1), 0 8px 10px -6px rgb(0 0 0 / 0.1); --tw-shadow-colored: 0 20px 25px -5px var(--tw-shadow-color), 0 8px 10px -6px var(--tw-shadow-color); --tw-blur: ; --tw-brightness: ; --tw-contrast: ; --tw-grayscale: ; --tw-hue-rotate: ; --tw-invert: ; --tw-saturate: ; --tw-sepia: ; --tw-drop-shadow: ; --tw-backdrop-blur: ; --tw-backdrop-brightness: ; --tw-backdrop-contrast: ; --tw-backdrop-grayscale: ; --tw-backdrop-hue-rotate: ; --tw-backdrop-invert: ; --tw-backdrop-opacity: ; --tw-backdrop-saturate: ; --tw-backdrop-sepia: ; --tw-contain-size: ; --tw-contain-layout: ; --tw-contain-paint: ; --tw-contain-style: ; border-width: 0px; border-style: solid; border-color: rgb(229, 231, 235); width: 376px; overflow: hidden; border-radius: 0.5rem; box-shadow: rgba(0, 0, 0, 0) 0px 0px 0px 0px, rgba(0, 0, 0, 0) 0px 0px 0px 0px, rgba(0, 0, 0, 0.1) 0px 20px 25px -5px, rgba(0, 0, 0, 0.1) 0px 8px 10px -6px;"><img class="w-full h-full object-cover" data-alt="a farmer''s hands holding a pile of rich dark crumbly earth with a tiny plant starting to grow, bright natural light, earthy tones" src="https://lh3.googleusercontent.com/aida-public/AB6AXuB17kPOkFnsXSHKQ7lf87k93eVmoB4Dgj_NOTq-CCLRHdHm60rO2j0RSZzk9Gk9FWP9juTt6dlcTEAOhhCP3_Iv8z4eublSdfFoIA_NCoyFWnwL-UmT9Y8ZkFMqt1BOdxpN3hZbrfOm0mCYBWpwOtEyieuVLIPI4-2Rsfukj0Zuhrfzri-jPhIR5APdOLawJ-AljNbY-AKfNk_QAeXnND5JVoLKVAgjTFgY2PhmeGWRmwnrgcZpDOEatYmeoOVZmFPlt79zI3lm2gU" style="--tw-border-spacing-x: 0; --tw-border-spacing-y: 0; --tw-translate-x: 0; --tw-translate-y: 0; --tw-rotate: 0; --tw-skew-x: 0; --tw-skew-y: 0; --tw-scale-x: 1; --tw-scale-y: 1; --tw-pan-x: ; --tw-pan-y: ; --tw-pinch-zoom: ; --tw-scroll-snap-strictness: proximity; --tw-gradient-from-position: ; --tw-gradient-via-position: ; --tw-gradient-to-position: ; --tw-ordinal: ; --tw-slashed-zero: ; --tw-numeric-figure: ; --tw-numeric-spacing: ; --tw-numeric-fraction: ; --tw-ring-inset: ; --tw-ring-offset-width: 0px; --tw-ring-offset-color: #fff; --tw-ring-color: rgb(59 130 246 / 0.5); --tw-ring-offset-shadow: 0 0 #0000; --tw-ring-shadow: 0 0 #0000; --tw-shadow: 0 0 #0000; --tw-shadow-colored: 0 0 #0000; --tw-blur: ; --tw-brightness: ; --tw-contrast: ; --tw-grayscale: ; --tw-hue-rotate: ; --tw-invert: ; --tw-saturate: ; --tw-sepia: ; --tw-drop-shadow: ; --tw-backdrop-blur: ; --tw-backdrop-brightness: ; --tw-backdrop-contrast: ; --tw-backdrop-grayscale: ; --tw-backdrop-hue-rotate: ; --tw-backdrop-invert: ; --tw-backdrop-opacity: ; --tw-backdrop-saturate: ; --tw-backdrop-sepia: ; --tw-contain-size: ; --tw-contain-layout: ; --tw-contain-paint: ; --tw-contain-style: ; border-width: 0px; border-style: solid; border-color: rgb(229, 231, 235); vertical-align: middle; height: 376px; width: 376px; object-fit: cover;"></div><div class="w-full md:w-1/2 space-y-4" style="--tw-border-spacing-x: 0; --tw-border-spacing-y: 0; --tw-translate-x: 0; --tw-translate-y: 0; --tw-rotate: 0; --tw-skew-x: 0; --tw-skew-y: 0; --tw-scale-x: 1; --tw-scale-y: 1; --tw-pan-x: ; --tw-pan-y: ; --tw-pinch-zoom: ; --tw-scroll-snap-strictness: proximity; --tw-gradient-from-position: ; --tw-gradient-via-position: ; --tw-gradient-to-position: ; --tw-ordinal: ; --tw-slashed-zero: ; --tw-numeric-figure: ; --tw-numeric-spacing: ; --tw-numeric-fraction: ; --tw-ring-inset: ; --tw-ring-offset-width: 0px; --tw-ring-offset-color: #fff; --tw-ring-color: rgb(59 130 246 / 0.5); --tw-ring-offset-shadow: 0 0 #0000; --tw-ring-shadow: 0 0 #0000; --tw-shadow: 0 0 #0000; --tw-shadow-colored: 0 0 #0000; --tw-blur: ; --tw-brightness: ; --tw-contrast: ; --tw-grayscale: ; --tw-hue-rotate: ; --tw-invert: ; --tw-saturate: ; --tw-sepia: ; --tw-drop-shadow: ; --tw-backdrop-blur: ; --tw-backdrop-brightness: ; --tw-backdrop-contrast: ; --tw-backdrop-grayscale: ; --tw-backdrop-hue-rotate: ; --tw-backdrop-invert: ; --tw-backdrop-opacity: ; --tw-backdrop-saturate: ; --tw-backdrop-sepia: ; --tw-contain-size: ; --tw-contain-layout: ; --tw-contain-paint: ; --tw-contain-style: ; border-width: 0px; border-style: solid; border-color: rgb(229, 231, 235); width: 376px;"><h2 class="text-3xl font-extrabold text-secondary tracking-tight" style="--tw-border-spacing-x: 0; --tw-border-spacing-y: 0; --tw-translate-x: 0; --tw-translate-y: 0; --tw-rotate: 0; --tw-skew-x: 0; --tw-skew-y: 0; --tw-scale-x: 1; --tw-scale-y: 1; --tw-pan-x: ; --tw-pan-y: ; --tw-pinch-zoom: ; --tw-scroll-snap-strictness: proximity; --tw-gradient-from-position: ; --tw-gradient-via-position: ; --tw-gradient-to-position: ; --tw-ordinal: ; --tw-slashed-zero: ; --tw-numeric-figure: ; --tw-numeric-spacing: ; --tw-numeric-fraction: ; --tw-ring-inset: ; --tw-ring-offset-width: 0px; --tw-ring-offset-color: #fff; --tw-ring-color: rgb(59 130 246 / 0.5); --tw-ring-offset-shadow: 0 0 #0000; --tw-ring-shadow: 0 0 #0000; --tw-shadow: 0 0 #0000; --tw-shadow-colored: 0 0 #0000; --tw-blur: ; --tw-brightness: ; --tw-contrast: ; --tw-grayscale: ; --tw-hue-rotate: ; --tw-invert: ; --tw-saturate: ; --tw-sepia: ; --tw-drop-shadow: ; --tw-backdrop-blur: ; --tw-backdrop-brightness: ; --tw-backdrop-contrast: ; --tw-backdrop-grayscale: ; --tw-backdrop-hue-rotate: ; --tw-backdrop-invert: ; --tw-backdrop-opacity: ; --tw-backdrop-saturate: ; --tw-backdrop-sepia: ; --tw-contain-size: ; --tw-contain-layout: ; --tw-contain-paint: ; --tw-contain-style: ; border-width: 0px; border-style: solid; border-color: rgb(229, 231, 235); font-family: &quot;Plus Jakarta Sans&quot;, sans-serif; font-size: 1.875rem; line-height: 2.25rem; letter-spacing: -0.025em; --tw-text-opacity: 1; color: rgb(128, 85, 51);">Mối liên hệ giữa đất khỏe và thực phẩm sạch</h2><p class="text-on-secondary-container" style="--tw-border-spacing-x: 0; --tw-border-spacing-y: 0; --tw-translate-x: 0; --tw-translate-y: 0; --tw-rotate: 0; --tw-skew-x: 0; --tw-skew-y: 0; --tw-scale-x: 1; --tw-scale-y: 1; --tw-pan-x: ; --tw-pan-y: ; --tw-pinch-zoom: ; --tw-scroll-snap-strictness: proximity; --tw-gradient-from-position: ; --tw-gradient-via-position: ; --tw-gradient-to-position: ; --tw-ordinal: ; --tw-slashed-zero: ; --tw-numeric-figure: ; --tw-numeric-spacing: ; --tw-numeric-fraction: ; --tw-ring-inset: ; --tw-ring-offset-width: 0px; --tw-ring-offset-color: #fff; --tw-ring-color: rgb(59 130 246 / 0.5); --tw-ring-offset-shadow: 0 0 #0000; --tw-ring-shadow: 0 0 #0000; --tw-shadow: 0 0 #0000; --tw-shadow-colored: 0 0 #0000; --tw-blur: ; --tw-brightness: ; --tw-contrast: ; --tw-grayscale: ; --tw-hue-rotate: ; --tw-invert: ; --tw-saturate: ; --tw-sepia: ; --tw-drop-shadow: ; --tw-backdrop-blur: ; --tw-backdrop-brightness: ; --tw-backdrop-contrast: ; --tw-backdrop-grayscale: ; --tw-backdrop-hue-rotate: ; --tw-backdrop-invert: ; --tw-backdrop-opacity: ; --tw-backdrop-saturate: ; --tw-backdrop-sepia: ; --tw-contain-size: ; --tw-contain-layout: ; --tw-contain-paint: ; --tw-contain-style: ; border-width: 0px; border-style: solid; border-color: rgb(229, 231, 235); margin-top: 16px; margin-bottom: 0px; --tw-text-opacity: 1; color: rgb(121, 78, 46); --tw-space-y-reverse: 0;">Một cây trồng mọc trên nền đất giàu dinh dưỡng và đầy ắp sự sống sẽ tự tổng hợp được nhiều vitamin, khoáng chất và các hợp chất chống oxy hóa hơn.</p><p class="text-on-secondary-container italic font-medium" style="--tw-border-spacing-x: 0; --tw-border-spacing-y: 0; --tw-translate-x: 0; --tw-translate-y: 0; --tw-rotate: 0; --tw-skew-x: 0; --tw-skew-y: 0; --tw-scale-x: 1; --tw-scale-y: 1; --tw-pan-x: ; --tw-pan-y: ; --tw-pinch-zoom: ; --tw-scroll-snap-strictness: proximity; --tw-gradient-from-position: ; --tw-gradient-via-position: ; --tw-gradient-to-position: ; --tw-ordinal: ; --tw-slashed-zero: ; --tw-numeric-figure: ; --tw-numeric-spacing: ; --tw-numeric-fraction: ; --tw-ring-inset: ; --tw-ring-offset-width: 0px; --tw-ring-offset-color: #fff; --tw-ring-color: rgb(59 130 246 / 0.5); --tw-ring-offset-shadow: 0 0 #0000; --tw-ring-shadow: 0 0 #0000; --tw-shadow: 0 0 #0000; --tw-shadow-colored: 0 0 #0000; --tw-blur: ; --tw-brightness: ; --tw-contrast: ; --tw-grayscale: ; --tw-hue-rotate: ; --tw-invert: ; --tw-saturate: ; --tw-sepia: ; --tw-drop-shadow: ; --tw-backdrop-blur: ; --tw-backdrop-brightness: ; --tw-backdrop-contrast: ; --tw-backdrop-grayscale: ; --tw-backdrop-hue-rotate: ; --tw-backdrop-invert: ; --tw-backdrop-opacity: ; --tw-backdrop-saturate: ; --tw-backdrop-sepia: ; --tw-contain-size: ; --tw-contain-layout: ; --tw-contain-paint: ; --tw-contain-style: ; border-width: 0px; border-style: solid; border-color: rgb(229, 231, 235); margin-top: 16px; margin-bottom: 0px; font-style: italic; --tw-text-opacity: 1; color: rgb(121, 78, 46); --tw-space-y-reverse: 0;">"Khi bạn ăn một quả cà chua hữu cơ, bạn không chỉ ăn thực phẩm, bạn đang hấp thụ năng lượng và tinh túy từ một hệ sinh thái đất khỏe mạnh."</p></div></div><h2 class="text-3xl font-bold text-primary tracking-tight mt-12 mb-6" style="--tw-border-spacing-x: 0; --tw-border-spacing-y: 0; --tw-translate-x: 0; --tw-translate-y: 0; --tw-rotate: 0; --tw-skew-x: 0; --tw-skew-y: 0; --tw-scale-x: 1; --tw-scale-y: 1; --tw-pan-x: ; --tw-pan-y: ; --tw-pinch-zoom: ; --tw-scroll-snap-strictness: proximity; --tw-gradient-from-position: ; --tw-gradient-via-position: ; --tw-gradient-to-position: ; --tw-ordinal: ; --tw-slashed-zero: ; --tw-numeric-figure: ; --tw-numeric-spacing: ; --tw-numeric-fraction: ; --tw-ring-inset: ; --tw-ring-offset-width: 0px; --tw-ring-offset-color: #fff; --tw-ring-color: rgb(59 130 246 / 0.5); --tw-ring-offset-shadow: 0 0 #0000; --tw-ring-shadow: 0 0 #0000; --tw-shadow: 0 0 #0000; --tw-shadow-colored: 0 0 #0000; --tw-blur: ; --tw-brightness: ; --tw-contrast: ; --tw-grayscale: ; --tw-hue-rotate: ; --tw-invert: ; --tw-saturate: ; --tw-sepia: ; --tw-drop-shadow: ; --tw-backdrop-blur: ; --tw-backdrop-brightness: ; --tw-backdrop-contrast: ; --tw-backdrop-grayscale: ; --tw-backdrop-hue-rotate: ; --tw-backdrop-invert: ; --tw-backdrop-opacity: ; --tw-backdrop-saturate: ; --tw-backdrop-sepia: ; --tw-contain-size: ; --tw-contain-layout: ; --tw-contain-paint: ; --tw-contain-style: ; border-width: 0px; border-style: solid; border-color: rgb(229, 231, 235); font-family: &quot;Plus Jakarta Sans&quot;, sans-serif; font-size: 1.875rem; margin-top: 32px; line-height: 2.25rem; letter-spacing: -0.025em; --tw-text-opacity: 1; color: rgb(59, 105, 52); --tw-space-y-reverse: 0; background-color: rgb(250, 249, 248);">Kết luận</h2><p style="--tw-border-spacing-x: 0; --tw-border-spacing-y: 0; --tw-translate-x: 0; --tw-translate-y: 0; --tw-rotate: 0; --tw-skew-x: 0; --tw-skew-y: 0; --tw-scale-x: 1; --tw-scale-y: 1; --tw-pan-x: ; --tw-pan-y: ; --tw-pinch-zoom: ; --tw-scroll-snap-strictness: proximity; --tw-gradient-from-position: ; --tw-gradient-via-position: ; --tw-gradient-to-position: ; --tw-ordinal: ; --tw-slashed-zero: ; --tw-numeric-figure: ; --tw-numeric-spacing: ; --tw-numeric-fraction: ; --tw-ring-inset: ; --tw-ring-offset-width: 0px; --tw-ring-offset-color: #fff; --tw-ring-color: rgb(59 130 246 / 0.5); --tw-ring-offset-shadow: 0 0 #0000; --tw-ring-shadow: 0 0 #0000; --tw-shadow: 0 0 #0000; --tw-shadow-colored: 0 0 #0000; --tw-blur: ; --tw-brightness: ; --tw-contrast: ; --tw-grayscale: ; --tw-hue-rotate: ; --tw-invert: ; --tw-saturate: ; --tw-sepia: ; --tw-drop-shadow: ; --tw-backdrop-blur: ; --tw-backdrop-brightness: ; --tw-backdrop-contrast: ; --tw-backdrop-grayscale: ; --tw-backdrop-hue-rotate: ; --tw-backdrop-invert: ; --tw-backdrop-opacity: ; --tw-backdrop-saturate: ; --tw-backdrop-sepia: ; --tw-contain-size: ; --tw-contain-layout: ; --tw-contain-paint: ; --tw-contain-style: ; border-width: 0px; border-style: solid; border-color: rgb(229, 231, 235); margin-top: 32px; margin-bottom: 0px; --tw-space-y-reverse: 0; color: rgb(62, 74, 62); font-family: Manrope; font-weight: 400; background-color: rgb(250, 249, 248);">Cải tạo đất là một hành trình kiên nhẫn. Bằng cách tôn trọng quy luật của tự nhiên và nuôi dưỡng các vi sinh vật dưới lòng đất, chúng ta không chỉ tạo ra thực phẩm sạch mà còn đang góp phần chữa lành cho hành tinh xanh.</p>', N'/blog-covers/bbd0fbca3382461fb2e1f6d56af5d011.png', 1, CAST(N'2026-04-08T20:27:00.0000000' AS DateTime2), CAST(N'2026-04-09T10:27:29.8128378' AS DateTime2), CAST(N'2026-04-10T07:46:24.8268433' AS DateTime2), 25)
INSERT [dbo].[BlogPosts] ([BlogPostID], [Title], [Slug], [Excerpt], [Content], [CoverImageUrl], [IsPublished], [PublishedAt], [CreatedAt], [UpdatedAt], [ViewCount]) VALUES (3, N'Tại sao ủng hộ nông sản địa phương là bảo vệ tương lai?', N'tai-sao-ung-ho-nong-san-dia-phuong-la-bao-vẹ-tuong-lai', N'Mỗi lựa chọn mua sắm của bạn đều là một lá phiếu cho thế giới bạn muốn sống', N'<div class="prose prose-lg prose-primary max-w-none" style="--tw-border-spacing-x: 0; --tw-border-spacing-y: 0; --tw-translate-x: 0; --tw-translate-y: 0; --tw-rotate: 0; --tw-skew-x: 0; --tw-skew-y: 0; --tw-scale-x: 1; --tw-scale-y: 1; --tw-pan-x: ; --tw-pan-y: ; --tw-pinch-zoom: ; --tw-scroll-snap-strictness: proximity; --tw-gradient-from-position: ; --tw-gradient-via-position: ; --tw-gradient-to-position: ; --tw-ordinal: ; --tw-slashed-zero: ; --tw-numeric-figure: ; --tw-numeric-spacing: ; --tw-numeric-fraction: ; --tw-ring-inset: ; --tw-ring-offset-width: 0px; --tw-ring-offset-color: #fff; --tw-ring-color: rgb(59 130 246 / 0.5); --tw-ring-offset-shadow: 0 0 #0000; --tw-ring-shadow: 0 0 #0000; --tw-shadow: 0 0 #0000; --tw-shadow-colored: 0 0 #0000; --tw-blur: ; --tw-brightness: ; --tw-contrast: ; --tw-grayscale: ; --tw-hue-rotate: ; --tw-invert: ; --tw-saturate: ; --tw-sepia: ; --tw-drop-shadow: ; --tw-backdrop-blur: ; --tw-backdrop-brightness: ; --tw-backdrop-contrast: ; --tw-backdrop-grayscale: ; --tw-backdrop-hue-rotate: ; --tw-backdrop-invert: ; --tw-backdrop-opacity: ; --tw-backdrop-saturate: ; --tw-backdrop-sepia: ; --tw-contain-size: ; --tw-contain-layout: ; --tw-contain-paint: ; --tw-contain-style: ; border-width: 0px; border-style: solid; border-color: rgb(229, 231, 235); grid-column: 2; max-width: none; color: rgb(26, 28, 28); font-family: Manrope; font-weight: 400; background-color: rgb(250, 249, 248);"><p class="text-xl leading-relaxed text-on-surface-variant first-letter:text-7xl first-letter:font-headline first-letter:font-bold first-letter:text-primary first-letter:mr-3 first-letter:float-left mb-10" style="--tw-border-spacing-x: 0; --tw-border-spacing-y: 0; --tw-translate-x: 0; --tw-translate-y: 0; --tw-rotate: 0; --tw-skew-x: 0; --tw-skew-y: 0; --tw-scale-x: 1; --tw-scale-y: 1; --tw-pan-x: ; --tw-pan-y: ; --tw-pinch-zoom: ; --tw-scroll-snap-strictness: proximity; --tw-gradient-from-position: ; --tw-gradient-via-position: ; --tw-gradient-to-position: ; --tw-ordinal: ; --tw-slashed-zero: ; --tw-numeric-figure: ; --tw-numeric-spacing: ; --tw-numeric-fraction: ; --tw-ring-inset: ; --tw-ring-offset-width: 0px; --tw-ring-offset-color: #fff; --tw-ring-color: rgb(59 130 246 / 0.5); --tw-ring-offset-shadow: 0 0 #0000; --tw-ring-shadow: 0 0 #0000; --tw-shadow: 0 0 #0000; --tw-shadow-colored: 0 0 #0000; --tw-blur: ; --tw-brightness: ; --tw-contrast: ; --tw-grayscale: ; --tw-hue-rotate: ; --tw-invert: ; --tw-saturate: ; --tw-sepia: ; --tw-drop-shadow: ; --tw-backdrop-blur: ; --tw-backdrop-brightness: ; --tw-backdrop-contrast: ; --tw-backdrop-grayscale: ; --tw-backdrop-hue-rotate: ; --tw-backdrop-invert: ; --tw-backdrop-opacity: ; --tw-backdrop-saturate: ; --tw-backdrop-sepia: ; --tw-contain-size: ; --tw-contain-layout: ; --tw-contain-paint: ; --tw-contain-style: ; border-width: 0px; border-style: solid; border-color: rgb(229, 231, 235); margin-top: 0px; margin-bottom: 2.5rem; font-size: 1.25rem; line-height: 1.625; --tw-text-opacity: 1; color: rgb(62, 74, 62);">Trong một thế giới toàn cầu hóa, nơi chúng ta có thể ăn táo từ Mỹ hay nho từ Úc vào bất kỳ mùa nào trong năm, khái niệm "địa phương" dường như trở nên xa xỉ. Tuy nhiên, đằng sau sự tiện lợi ấy là một cái giá đắt đỏ mà môi trường và cộng đồng đang phải gánh chịu. Việc quay trở lại với nông sản địa phương không chỉ là một xu hướng ẩm thực, mà là một hành động bảo vệ tương lai bền vững.</p></div><div class="mt-16 bg-surface-container-low rounded-xl p-8 md:p-12 mb-16 break-out" style="--tw-border-spacing-x: 0; --tw-border-spacing-y: 0; --tw-translate-x: 0; --tw-translate-y: 0; --tw-rotate: 0; --tw-skew-x: 0; --tw-skew-y: 0; --tw-scale-x: 1; --tw-scale-y: 1; --tw-pan-x: ; --tw-pan-y: ; --tw-pinch-zoom: ; --tw-scroll-snap-strictness: proximity; --tw-gradient-from-position: ; --tw-gradient-via-position: ; --tw-gradient-to-position: ; --tw-ordinal: ; --tw-slashed-zero: ; --tw-numeric-figure: ; --tw-numeric-spacing: ; --tw-numeric-fraction: ; --tw-ring-inset: ; --tw-ring-offset-width: 0px; --tw-ring-offset-color: #fff; --tw-ring-color: rgb(59 130 246 / 0.5); --tw-ring-offset-shadow: 0 0 #0000; --tw-ring-shadow: 0 0 #0000; --tw-shadow: 0 0 #0000; --tw-shadow-colored: 0 0 #0000; --tw-blur: ; --tw-brightness: ; --tw-contrast: ; --tw-grayscale: ; --tw-hue-rotate: ; --tw-invert: ; --tw-saturate: ; --tw-sepia: ; --tw-drop-shadow: ; --tw-backdrop-blur: ; --tw-backdrop-brightness: ; --tw-backdrop-contrast: ; --tw-backdrop-grayscale: ; --tw-backdrop-hue-rotate: ; --tw-backdrop-invert: ; --tw-backdrop-opacity: ; --tw-backdrop-saturate: ; --tw-backdrop-sepia: ; --tw-contain-size: ; --tw-contain-layout: ; --tw-contain-paint: ; --tw-contain-style: ; border-width: 0px; border-style: solid; border-color: rgb(229, 231, 235); grid-column: 1 / 4; margin-bottom: 4rem; margin-top: 4rem; border-radius: 0.75rem; --tw-bg-opacity: 1; background-color: rgb(244, 243, 242); padding: 3rem; padding-inline: 4rem; color: rgb(26, 28, 28); font-family: Manrope; font-weight: 400;"><div class="grid md:grid-cols-2 gap-12 items-center" style="--tw-border-spacing-x: 0; --tw-border-spacing-y: 0; --tw-translate-x: 0; --tw-translate-y: 0; --tw-rotate: 0; --tw-skew-x: 0; --tw-skew-y: 0; --tw-scale-x: 1; --tw-scale-y: 1; --tw-pan-x: ; --tw-pan-y: ; --tw-pinch-zoom: ; --tw-scroll-snap-strictness: proximity; --tw-gradient-from-position: ; --tw-gradient-via-position: ; --tw-gradient-to-position: ; --tw-ordinal: ; --tw-slashed-zero: ; --tw-numeric-figure: ; --tw-numeric-spacing: ; --tw-numeric-fraction: ; --tw-ring-inset: ; --tw-ring-offset-width: 0px; --tw-ring-offset-color: #fff; --tw-ring-color: rgb(59 130 246 / 0.5); --tw-ring-offset-shadow: 0 0 #0000; --tw-ring-shadow: 0 0 #0000; --tw-shadow: 0 0 #0000; --tw-shadow-colored: 0 0 #0000; --tw-blur: ; --tw-brightness: ; --tw-contrast: ; --tw-grayscale: ; --tw-hue-rotate: ; --tw-invert: ; --tw-saturate: ; --tw-sepia: ; --tw-drop-shadow: ; --tw-backdrop-blur: ; --tw-backdrop-brightness: ; --tw-backdrop-contrast: ; --tw-backdrop-grayscale: ; --tw-backdrop-hue-rotate: ; --tw-backdrop-invert: ; --tw-backdrop-opacity: ; --tw-backdrop-saturate: ; --tw-backdrop-sepia: ; --tw-contain-size: ; --tw-contain-layout: ; --tw-contain-paint: ; --tw-contain-style: ; border-width: 0px; border-style: solid; border-color: rgb(229, 231, 235); align-items: center; gap: 3rem; grid-template-columns: repeat(2, minmax(0px, 1fr));"><div style="--tw-border-spacing-x: 0; --tw-border-spacing-y: 0; --tw-translate-x: 0; --tw-translate-y: 0; --tw-rotate: 0; --tw-skew-x: 0; --tw-skew-y: 0; --tw-scale-x: 1; --tw-scale-y: 1; --tw-pan-x: ; --tw-pan-y: ; --tw-pinch-zoom: ; --tw-scroll-snap-strictness: proximity; --tw-gradient-from-position: ; --tw-gradient-via-position: ; --tw-gradient-to-position: ; --tw-ordinal: ; --tw-slashed-zero: ; --tw-numeric-figure: ; --tw-numeric-spacing: ; --tw-numeric-fraction: ; --tw-ring-inset: ; --tw-ring-offset-width: 0px; --tw-ring-offset-color: #fff; --tw-ring-color: rgb(59 130 246 / 0.5); --tw-ring-offset-shadow: 0 0 #0000; --tw-ring-shadow: 0 0 #0000; --tw-shadow: 0 0 #0000; --tw-shadow-colored: 0 0 #0000; --tw-blur: ; --tw-brightness: ; --tw-contrast: ; --tw-grayscale: ; --tw-hue-rotate: ; --tw-invert: ; --tw-saturate: ; --tw-sepia: ; --tw-drop-shadow: ; --tw-backdrop-blur: ; --tw-backdrop-brightness: ; --tw-backdrop-contrast: ; --tw-backdrop-grayscale: ; --tw-backdrop-hue-rotate: ; --tw-backdrop-invert: ; --tw-backdrop-opacity: ; --tw-backdrop-saturate: ; --tw-backdrop-sepia: ; --tw-contain-size: ; --tw-contain-layout: ; --tw-contain-paint: ; --tw-contain-style: ; border-width: 0px; border-style: solid; border-color: rgb(229, 231, 235);"><h2 class="font-headline text-3xl font-bold text-primary mb-6 tracking-tight" style="--tw-border-spacing-x: 0; --tw-border-spacing-y: 0; --tw-translate-x: 0; --tw-translate-y: 0; --tw-rotate: 0; --tw-skew-x: 0; --tw-skew-y: 0; --tw-scale-x: 1; --tw-scale-y: 1; --tw-pan-x: ; --tw-pan-y: ; --tw-pinch-zoom: ; --tw-scroll-snap-strictness: proximity; --tw-gradient-from-position: ; --tw-gradient-via-position: ; --tw-gradient-to-position: ; --tw-ordinal: ; --tw-slashed-zero: ; --tw-numeric-figure: ; --tw-numeric-spacing: ; --tw-numeric-fraction: ; --tw-ring-inset: ; --tw-ring-offset-width: 0px; --tw-ring-offset-color: #fff; --tw-ring-color: rgb(59 130 246 / 0.5); --tw-ring-offset-shadow: 0 0 #0000; --tw-ring-shadow: 0 0 #0000; --tw-shadow: 0 0 #0000; --tw-shadow-colored: 0 0 #0000; --tw-blur: ; --tw-brightness: ; --tw-contrast: ; --tw-grayscale: ; --tw-hue-rotate: ; --tw-invert: ; --tw-saturate: ; --tw-sepia: ; --tw-drop-shadow: ; --tw-backdrop-blur: ; --tw-backdrop-brightness: ; --tw-backdrop-contrast: ; --tw-backdrop-grayscale: ; --tw-backdrop-hue-rotate: ; --tw-backdrop-invert: ; --tw-backdrop-opacity: ; --tw-backdrop-saturate: ; --tw-backdrop-sepia: ; --tw-contain-size: ; --tw-contain-layout: ; --tw-contain-paint: ; --tw-contain-style: ; border-width: 0px; border-style: solid; border-color: rgb(229, 231, 235); font-size: 1.875rem; margin-bottom: 1.5rem; font-family: &quot;Plus Jakarta Sans&quot;; line-height: 2.25rem; letter-spacing: -0.025em; --tw-text-opacity: 1; color: rgb(59, 105, 52);">Giảm thiểu dấu chân Carbon</h2><p class="text-on-surface-variant leading-relaxed mb-6" style="--tw-border-spacing-x: 0; --tw-border-spacing-y: 0; --tw-translate-x: 0; --tw-translate-y: 0; --tw-rotate: 0; --tw-skew-x: 0; --tw-skew-y: 0; --tw-scale-x: 1; --tw-scale-y: 1; --tw-pan-x: ; --tw-pan-y: ; --tw-pinch-zoom: ; --tw-scroll-snap-strictness: proximity; --tw-gradient-from-position: ; --tw-gradient-via-position: ; --tw-gradient-to-position: ; --tw-ordinal: ; --tw-slashed-zero: ; --tw-numeric-figure: ; --tw-numeric-spacing: ; --tw-numeric-fraction: ; --tw-ring-inset: ; --tw-ring-offset-width: 0px; --tw-ring-offset-color: #fff; --tw-ring-color: rgb(59 130 246 / 0.5); --tw-ring-offset-shadow: 0 0 #0000; --tw-ring-shadow: 0 0 #0000; --tw-shadow: 0 0 #0000; --tw-shadow-colored: 0 0 #0000; --tw-blur: ; --tw-brightness: ; --tw-contrast: ; --tw-grayscale: ; --tw-hue-rotate: ; --tw-invert: ; --tw-saturate: ; --tw-sepia: ; --tw-drop-shadow: ; --tw-backdrop-blur: ; --tw-backdrop-brightness: ; --tw-backdrop-contrast: ; --tw-backdrop-grayscale: ; --tw-backdrop-hue-rotate: ; --tw-backdrop-invert: ; --tw-backdrop-opacity: ; --tw-backdrop-saturate: ; --tw-backdrop-sepia: ; --tw-contain-size: ; --tw-contain-layout: ; --tw-contain-paint: ; --tw-contain-style: ; border-width: 0px; border-style: solid; border-color: rgb(229, 231, 235); margin-top: 0px; margin-bottom: 1.5rem; line-height: 1.625; --tw-text-opacity: 1; color: rgb(62, 74, 62);">Mỗi thực phẩm nhập khẩu phải trải qua hành trình hàng ngàn cây số bằng đường hàng không hoặc đường thủy. Quy trình này tiêu tốn lượng nhiên liệu hóa thạch khổng lồ và thải ra bầu khí quyển lượng khí CO2 báo động.</p><div class="flex items-start gap-4" style="--tw-border-spacing-x: 0; --tw-border-spacing-y: 0; --tw-translate-x: 0; --tw-translate-y: 0; --tw-rotate: 0; --tw-skew-x: 0; --tw-skew-y: 0; --tw-scale-x: 1; --tw-scale-y: 1; --tw-pan-x: ; --tw-pan-y: ; --tw-pinch-zoom: ; --tw-scroll-snap-strictness: proximity; --tw-gradient-from-position: ; --tw-gradient-via-position: ; --tw-gradient-to-position: ; --tw-ordinal: ; --tw-slashed-zero: ; --tw-numeric-figure: ; --tw-numeric-spacing: ; --tw-numeric-fraction: ; --tw-ring-inset: ; --tw-ring-offset-width: 0px; --tw-ring-offset-color: #fff; --tw-ring-color: rgb(59 130 246 / 0.5); --tw-ring-offset-shadow: 0 0 #0000; --tw-ring-shadow: 0 0 #0000; --tw-shadow: 0 0 #0000; --tw-shadow-colored: 0 0 #0000; --tw-blur: ; --tw-brightness: ; --tw-contrast: ; --tw-grayscale: ; --tw-hue-rotate: ; --tw-invert: ; --tw-saturate: ; --tw-sepia: ; --tw-drop-shadow: ; --tw-backdrop-blur: ; --tw-backdrop-brightness: ; --tw-backdrop-contrast: ; --tw-backdrop-grayscale: ; --tw-backdrop-hue-rotate: ; --tw-backdrop-invert: ; --tw-backdrop-opacity: ; --tw-backdrop-saturate: ; --tw-backdrop-sepia: ; --tw-contain-size: ; --tw-contain-layout: ; --tw-contain-paint: ; --tw-contain-style: ; border-width: 0px; border-style: solid; border-color: rgb(229, 231, 235); display: flex; align-items: flex-start; gap: 1rem;"><span class="material-symbols-outlined text-primary scale-125" style="--tw-border-spacing-x: 0; --tw-border-spacing-y: 0; --tw-translate-x: 0; --tw-translate-y: 0; --tw-rotate: 0; --tw-skew-x: 0; --tw-skew-y: 0; --tw-scale-x: 1.25; --tw-scale-y: 1.25; --tw-pan-x: ; --tw-pan-y: ; --tw-pinch-zoom: ; --tw-scroll-snap-strictness: proximity; --tw-gradient-from-position: ; --tw-gradient-via-position: ; --tw-gradient-to-position: ; --tw-ordinal: ; --tw-slashed-zero: ; --tw-numeric-figure: ; --tw-numeric-spacing: ; --tw-numeric-fraction: ; --tw-ring-inset: ; --tw-ring-offset-width: 0px; --tw-ring-offset-color: #fff; --tw-ring-color: rgb(59 130 246 / 0.5); --tw-ring-offset-shadow: 0 0 #0000; --tw-ring-shadow: 0 0 #0000; --tw-shadow: 0 0 #0000; --tw-shadow-colored: 0 0 #0000; --tw-blur: ; --tw-brightness: ; --tw-contrast: ; --tw-grayscale: ; --tw-hue-rotate: ; --tw-invert: ; --tw-saturate: ; --tw-sepia: ; --tw-drop-shadow: ; --tw-backdrop-blur: ; --tw-backdrop-brightness: ; --tw-backdrop-contrast: ; --tw-backdrop-grayscale: ; --tw-backdrop-hue-rotate: ; --tw-backdrop-invert: ; --tw-backdrop-opacity: ; --tw-backdrop-saturate: ; --tw-backdrop-sepia: ; --tw-contain-size: ; --tw-contain-layout: ; --tw-contain-paint: ; --tw-contain-style: ; border-width: 0px; border-style: solid; border-color: rgb(229, 231, 235); font-family: &quot;Material Symbols Outlined&quot;; font-size: 24px; line-height: 1; display: inline-block; text-wrap-mode: nowrap; overflow-wrap: normal; direction: ltr; font-feature-settings: &quot;liga&quot;; -webkit-font-smoothing: antialiased; font-variation-settings: &quot;FILL&quot; 1; transform: translate(0px) rotate(0deg) skewX(0deg) skewY(0deg) scaleX(1.25) scaleY(1.25); --tw-text-opacity: 1; color: rgb(59, 105, 52);">eco</span><p class="font-label text-sm font-semibold text-on-surface" style="--tw-border-spacing-x: 0; --tw-border-spacing-y: 0; --tw-translate-x: 0; --tw-translate-y: 0; --tw-rotate: 0; --tw-skew-x: 0; --tw-skew-y: 0; --tw-scale-x: 1; --tw-scale-y: 1; --tw-pan-x: ; --tw-pan-y: ; --tw-pinch-zoom: ; --tw-scroll-snap-strictness: proximity; --tw-gradient-from-position: ; --tw-gradient-via-position: ; --tw-gradient-to-position: ; --tw-ordinal: ; --tw-slashed-zero: ; --tw-numeric-figure: ; --tw-numeric-spacing: ; --tw-numeric-fraction: ; --tw-ring-inset: ; --tw-ring-offset-width: 0px; --tw-ring-offset-color: #fff; --tw-ring-color: rgb(59 130 246 / 0.5); --tw-ring-offset-shadow: 0 0 #0000; --tw-ring-shadow: 0 0 #0000; --tw-shadow: 0 0 #0000; --tw-shadow-colored: 0 0 #0000; --tw-blur: ; --tw-brightness: ; --tw-contrast: ; --tw-grayscale: ; --tw-hue-rotate: ; --tw-invert: ; --tw-saturate: ; --tw-sepia: ; --tw-drop-shadow: ; --tw-backdrop-blur: ; --tw-backdrop-brightness: ; --tw-backdrop-contrast: ; --tw-backdrop-grayscale: ; --tw-backdrop-hue-rotate: ; --tw-backdrop-invert: ; --tw-backdrop-opacity: ; --tw-backdrop-saturate: ; --tw-backdrop-sepia: ; --tw-contain-size: ; --tw-contain-layout: ; --tw-contain-paint: ; --tw-contain-style: ; border-width: 0px; border-style: solid; border-color: rgb(229, 231, 235); margin-top: 0px; margin-bottom: 0px; font-size: 0.875rem; line-height: 1.25rem; font-weight: 600; --tw-text-opacity: 1;">Bằng cách chọn nông sản trong bán kính 100km, bạn đang trực tiếp cắt giảm đến 70% lượng phát thải vận chuyển cho bữa ăn của mình.</p></div></div><div class="aspect-square rounded-xl overflow-hidden shadow-2xl" style="--tw-border-spacing-x: 0; --tw-border-spacing-y: 0; --tw-translate-x: 0; --tw-translate-y: 0; --tw-rotate: 0; --tw-skew-x: 0; --tw-skew-y: 0; --tw-scale-x: 1; --tw-scale-y: 1; --tw-pan-x: ; --tw-pan-y: ; --tw-pinch-zoom: ; --tw-scroll-snap-strictness: proximity; --tw-gradient-from-position: ; --tw-gradient-via-position: ; --tw-gradient-to-position: ; --tw-ordinal: ; --tw-slashed-zero: ; --tw-numeric-figure: ; --tw-numeric-spacing: ; --tw-numeric-fraction: ; --tw-ring-inset: ; --tw-ring-offset-width: 0px; --tw-ring-offset-color: #fff; --tw-ring-color: rgb(59 130 246 / 0.5); --tw-ring-offset-shadow: 0 0 #0000; --tw-ring-shadow: 0 0 #0000; --tw-shadow: 0 25px 50px -12px rgb(0 0 0 / 0.25); --tw-shadow-colored: 0 25px 50px -12px var(--tw-shadow-color); --tw-blur: ; --tw-brightness: ; --tw-contrast: ; --tw-grayscale: ; --tw-hue-rotate: ; --tw-invert: ; --tw-saturate: ; --tw-sepia: ; --tw-drop-shadow: ; --tw-backdrop-blur: ; --tw-backdrop-brightness: ; --tw-backdrop-contrast: ; --tw-backdrop-grayscale: ; --tw-backdrop-hue-rotate: ; --tw-backdrop-invert: ; --tw-backdrop-opacity: ; --tw-backdrop-saturate: ; --tw-backdrop-sepia: ; --tw-contain-size: ; --tw-contain-layout: ; --tw-contain-paint: ; --tw-contain-style: ; border-width: 0px; border-style: solid; border-color: rgb(229, 231, 235); aspect-ratio: 1 / 1; overflow: hidden; border-radius: 0.75rem; box-shadow: rgba(0, 0, 0, 0) 0px 0px 0px 0px, rgba(0, 0, 0, 0) 0px 0px 0px 0px, rgba(0, 0, 0, 0.25) 0px 25px 50px -12px;"><img class="w-full h-full object-cover" data-alt="vibrant fresh vegetables in a wooden crate including red tomatoes, green peppers, and leafy greens with soft window light" src="https://lh3.googleusercontent.com/aida-public/AB6AXuAnTcByU5Dcroya9luXuypF52pPeV6DbaGywaKV0HnkQ5D2Iz-HHqhpLF2c63sXr3Nijam6SzAEFws2EaGr5Th-uy1OcpIEoH5zyTLNYcIbbQsYmxJjPFvSwHWeMnH--j6JRk1Z3qSD_EonUSgNANOsrM9UB7-k3mDHaI7vILWrBKNiatfIV8mP3w2MBTyL-YzCCw1TwmETqgZYT8hgH8Ek4RhiDDCwqTF1xwmlxDTDTZX_SQcxaThxBR68LqwjQyciemanxoDxQNw" style="--tw-border-spacing-x: 0; --tw-border-spacing-y: 0; --tw-translate-x: 0; --tw-translate-y: 0; --tw-rotate: 0; --tw-skew-x: 0; --tw-skew-y: 0; --tw-scale-x: 1; --tw-scale-y: 1; --tw-pan-x: ; --tw-pan-y: ; --tw-pinch-zoom: ; --tw-scroll-snap-strictness: proximity; --tw-gradient-from-position: ; --tw-gradient-via-position: ; --tw-gradient-to-position: ; --tw-ordinal: ; --tw-slashed-zero: ; --tw-numeric-figure: ; --tw-numeric-spacing: ; --tw-numeric-fraction: ; --tw-ring-inset: ; --tw-ring-offset-width: 0px; --tw-ring-offset-color: #fff; --tw-ring-color: rgb(59 130 246 / 0.5); --tw-ring-offset-shadow: 0 0 #0000; --tw-ring-shadow: 0 0 #0000; --tw-shadow: 0 0 #0000; --tw-shadow-colored: 0 0 #0000; --tw-blur: ; --tw-brightness: ; --tw-contrast: ; --tw-grayscale: ; --tw-hue-rotate: ; --tw-invert: ; --tw-saturate: ; --tw-sepia: ; --tw-drop-shadow: ; --tw-backdrop-blur: ; --tw-backdrop-brightness: ; --tw-backdrop-contrast: ; --tw-backdrop-grayscale: ; --tw-backdrop-hue-rotate: ; --tw-backdrop-invert: ; --tw-backdrop-opacity: ; --tw-backdrop-saturate: ; --tw-backdrop-sepia: ; --tw-contain-size: ; --tw-contain-layout: ; --tw-contain-paint: ; --tw-contain-style: ; border-width: 0px; border-style: solid; border-color: rgb(229, 231, 235); vertical-align: middle; height: 552px; width: 552px; object-fit: cover;"></div></div></div><div class="my-20 text-center px-4" style="--tw-border-spacing-x: 0; --tw-border-spacing-y: 0; --tw-translate-x: 0; --tw-translate-y: 0; --tw-rotate: 0; --tw-skew-x: 0; --tw-skew-y: 0; --tw-scale-x: 1; --tw-scale-y: 1; --tw-pan-x: ; --tw-pan-y: ; --tw-pinch-zoom: ; --tw-scroll-snap-strictness: proximity; --tw-gradient-from-position: ; --tw-gradient-via-position: ; --tw-gradient-to-position: ; --tw-ordinal: ; --tw-slashed-zero: ; --tw-numeric-figure: ; --tw-numeric-spacing: ; --tw-numeric-fraction: ; --tw-ring-inset: ; --tw-ring-offset-width: 0px; --tw-ring-offset-color: #fff; --tw-ring-color: rgb(59 130 246 / 0.5); --tw-ring-offset-shadow: 0 0 #0000; --tw-ring-shadow: 0 0 #0000; --tw-shadow: 0 0 #0000; --tw-shadow-colored: 0 0 #0000; --tw-blur: ; --tw-brightness: ; --tw-contrast: ; --tw-grayscale: ; --tw-hue-rotate: ; --tw-invert: ; --tw-saturate: ; --tw-sepia: ; --tw-drop-shadow: ; --tw-backdrop-blur: ; --tw-backdrop-brightness: ; --tw-backdrop-contrast: ; --tw-backdrop-grayscale: ; --tw-backdrop-hue-rotate: ; --tw-backdrop-invert: ; --tw-backdrop-opacity: ; --tw-backdrop-saturate: ; --tw-backdrop-sepia: ; --tw-contain-size: ; --tw-contain-layout: ; --tw-contain-paint: ; --tw-contain-style: ; border-width: 0px; border-style: solid; border-color: rgb(229, 231, 235); grid-column: 2; margin-top: 5rem; margin-bottom: 5rem; padding-left: 1rem; padding-right: 1rem; text-align: center; color: rgb(26, 28, 28); font-family: Manrope; font-weight: 400; background-color: rgb(250, 249, 248);"><span class="material-symbols-outlined text-primary-container text-6xl mb-4" style="--tw-border-spacing-x: 0; --tw-border-spacing-y: 0; --tw-translate-x: 0; --tw-translate-y: 0; --tw-rotate: 0; --tw-skew-x: 0; --tw-skew-y: 0; --tw-scale-x: 1; --tw-scale-y: 1; --tw-pan-x: ; --tw-pan-y: ; --tw-pinch-zoom: ; --tw-scroll-snap-strictness: proximity; --tw-gradient-from-position: ; --tw-gradient-via-position: ; --tw-gradient-to-position: ; --tw-ordinal: ; --tw-slashed-zero: ; --tw-numeric-figure: ; --tw-numeric-spacing: ; --tw-numeric-fraction: ; --tw-ring-inset: ; --tw-ring-offset-width: 0px; --tw-ring-offset-color: #fff; --tw-ring-color: rgb(59 130 246 / 0.5); --tw-ring-offset-shadow: 0 0 #0000; --tw-ring-shadow: 0 0 #0000; --tw-shadow: 0 0 #0000; --tw-shadow-colored: 0 0 #0000; --tw-blur: ; --tw-brightness: ; --tw-contrast: ; --tw-grayscale: ; --tw-hue-rotate: ; --tw-invert: ; --tw-saturate: ; --tw-sepia: ; --tw-drop-shadow: ; --tw-backdrop-blur: ; --tw-backdrop-brightness: ; --tw-backdrop-contrast: ; --tw-backdrop-grayscale: ; --tw-backdrop-hue-rotate: ; --tw-backdrop-invert: ; --tw-backdrop-opacity: ; --tw-backdrop-saturate: ; --tw-backdrop-sepia: ; --tw-contain-size: ; --tw-contain-layout: ; --tw-contain-paint: ; --tw-contain-style: ; border-width: 0px; border-style: solid; border-color: rgb(229, 231, 235); font-family: &quot;Material Symbols Outlined&quot;; font-size: 3.75rem; line-height: 1; display: inline-block; text-wrap-mode: nowrap; overflow-wrap: normal; direction: ltr; font-feature-settings: &quot;liga&quot;; -webkit-font-smoothing: antialiased; font-variation-settings: &quot;FILL&quot; 1; margin-bottom: 1rem; --tw-text-opacity: 1; color: rgb(111, 160, 101);">format_quote</span><blockquote class="font-headline text-2xl md:text-4xl font-bold italic text-on-surface leading-tight tracking-tighter" style="--tw-border-spacing-x: 0; --tw-border-spacing-y: 0; --tw-translate-x: 0; --tw-translate-y: 0; --tw-rotate: 0; --tw-skew-x: 0; --tw-skew-y: 0; --tw-scale-x: 1; --tw-scale-y: 1; --tw-pan-x: ; --tw-pan-y: ; --tw-pinch-zoom: ; --tw-scroll-snap-strictness: proximity; --tw-gradient-from-position: ; --tw-gradient-via-position: ; --tw-gradient-to-position: ; --tw-ordinal: ; --tw-slashed-zero: ; --tw-numeric-figure: ; --tw-numeric-spacing: ; --tw-numeric-fraction: ; --tw-ring-inset: ; --tw-ring-offset-width: 0px; --tw-ring-offset-color: #fff; --tw-ring-color: rgb(59 130 246 / 0.5); --tw-ring-offset-shadow: 0 0 #0000; --tw-ring-shadow: 0 0 #0000; --tw-shadow: 0 0 #0000; --tw-shadow-colored: 0 0 #0000; --tw-blur: ; --tw-brightness: ; --tw-contrast: ; --tw-grayscale: ; --tw-hue-rotate: ; --tw-invert: ; --tw-saturate: ; --tw-sepia: ; --tw-drop-shadow: ; --tw-backdrop-blur: ; --tw-backdrop-brightness: ; --tw-backdrop-contrast: ; --tw-backdrop-grayscale: ; --tw-backdrop-hue-rotate: ; --tw-backdrop-invert: ; --tw-backdrop-opacity: ; --tw-backdrop-saturate: ; --tw-backdrop-sepia: ; --tw-contain-size: ; --tw-contain-layout: ; --tw-contain-paint: ; --tw-contain-style: ; border-width: 0px; border-style: solid; border-color: rgb(229, 231, 235); font-family: &quot;Plus Jakarta Sans&quot;; font-size: 2.25rem; line-height: 2.5rem; font-weight: 700; font-style: italic; letter-spacing: -0.05em; --tw-text-opacity: 1;">"Ăn thực phẩm địa phương là cách đơn giản và hiệu quả nhất để kết nối lại với nhịp điệu của thiên nhiên và nhịp đập của cộng đồng."</blockquote><cite class="block mt-6 font-label text-primary font-bold not-italic" style="--tw-border-spacing-x: 0; --tw-border-spacing-y: 0; --tw-translate-x: 0; --tw-translate-y: 0; --tw-rotate: 0; --tw-skew-x: 0; --tw-skew-y: 0; --tw-scale-x: 1; --tw-scale-y: 1; --tw-pan-x: ; --tw-pan-y: ; --tw-pinch-zoom: ; --tw-scroll-snap-strictness: proximity; --tw-gradient-from-position: ; --tw-gradient-via-position: ; --tw-gradient-to-position: ; --tw-ordinal: ; --tw-slashed-zero: ; --tw-numeric-figure: ; --tw-numeric-spacing: ; --tw-numeric-fraction: ; --tw-ring-inset: ; --tw-ring-offset-width: 0px; --tw-ring-offset-color: #fff; --tw-ring-color: rgb(59 130 246 / 0.5); --tw-ring-offset-shadow: 0 0 #0000; --tw-ring-shadow: 0 0 #0000; --tw-shadow: 0 0 #0000; --tw-shadow-colored: 0 0 #0000; --tw-blur: ; --tw-brightness: ; --tw-contrast: ; --tw-grayscale: ; --tw-hue-rotate: ; --tw-invert: ; --tw-saturate: ; --tw-sepia: ; --tw-drop-shadow: ; --tw-backdrop-blur: ; --tw-backdrop-brightness: ; --tw-backdrop-contrast: ; --tw-backdrop-grayscale: ; --tw-backdrop-hue-rotate: ; --tw-backdrop-invert: ; --tw-backdrop-opacity: ; --tw-backdrop-saturate: ; --tw-backdrop-sepia: ; --tw-contain-size: ; --tw-contain-layout: ; --tw-contain-paint: ; --tw-contain-style: ; border-width: 0px; border-style: solid; border-color: rgb(229, 231, 235); margin-top: 1.5rem; display: block; font-weight: 700; font-style: normal; --tw-text-opacity: 1; color: rgb(59, 105, 52);">— Giáo sư thực phẩm bền vững, Dr. Elena Vogt</cite></div><div class="prose prose-lg max-w-none mb-16" style="--tw-border-spacing-x: 0; --tw-border-spacing-y: 0; --tw-translate-x: 0; --tw-translate-y: 0; --tw-rotate: 0; --tw-skew-x: 0; --tw-skew-y: 0; --tw-scale-x: 1; --tw-scale-y: 1; --tw-pan-x: ; --tw-pan-y: ; --tw-pinch-zoom: ; --tw-scroll-snap-strictness: proximity; --tw-gradient-from-position: ; --tw-gradient-via-position: ; --tw-gradient-to-position: ; --tw-ordinal: ; --tw-slashed-zero: ; --tw-numeric-figure: ; --tw-numeric-spacing: ; --tw-numeric-fraction: ; --tw-ring-inset: ; --tw-ring-offset-width: 0px; --tw-ring-offset-color: #fff; --tw-ring-color: rgb(59 130 246 / 0.5); --tw-ring-offset-shadow: 0 0 #0000; --tw-ring-shadow: 0 0 #0000; --tw-shadow: 0 0 #0000; --tw-shadow-colored: 0 0 #0000; --tw-blur: ; --tw-brightness: ; --tw-contrast: ; --tw-grayscale: ; --tw-hue-rotate: ; --tw-invert: ; --tw-saturate: ; --tw-sepia: ; --tw-drop-shadow: ; --tw-backdrop-blur: ; --tw-backdrop-brightness: ; --tw-backdrop-contrast: ; --tw-backdrop-grayscale: ; --tw-backdrop-hue-rotate: ; --tw-backdrop-invert: ; --tw-backdrop-opacity: ; --tw-backdrop-saturate: ; --tw-backdrop-sepia: ; --tw-contain-size: ; --tw-contain-layout: ; --tw-contain-paint: ; --tw-contain-style: ; border-width: 0px; border-style: solid; border-color: rgb(229, 231, 235); grid-column: 2; margin-bottom: 4rem; max-width: none; color: rgb(26, 28, 28); font-family: Manrope; font-weight: 400; background-color: rgb(250, 249, 248);"><h2 class="font-headline text-3xl font-bold text-on-surface mb-8" style="--tw-border-spacing-x: 0; --tw-border-spacing-y: 0; --tw-translate-x: 0; --tw-translate-y: 0; --tw-rotate: 0; --tw-skew-x: 0; --tw-skew-y: 0; --tw-scale-x: 1; --tw-scale-y: 1; --tw-pan-x: ; --tw-pan-y: ; --tw-pinch-zoom: ; --tw-scroll-snap-strictness: proximity; --tw-gradient-from-position: ; --tw-gradient-via-position: ; --tw-gradient-to-position: ; --tw-ordinal: ; --tw-slashed-zero: ; --tw-numeric-figure: ; --tw-numeric-spacing: ; --tw-numeric-fraction: ; --tw-ring-inset: ; --tw-ring-offset-width: 0px; --tw-ring-offset-color: #fff; --tw-ring-color: rgb(59 130 246 / 0.5); --tw-ring-offset-shadow: 0 0 #0000; --tw-ring-shadow: 0 0 #0000; --tw-shadow: 0 0 #0000; --tw-shadow-colored: 0 0 #0000; --tw-blur: ; --tw-brightness: ; --tw-contrast: ; --tw-grayscale: ; --tw-hue-rotate: ; --tw-invert: ; --tw-saturate: ; --tw-sepia: ; --tw-drop-shadow: ; --tw-backdrop-blur: ; --tw-backdrop-brightness: ; --tw-backdrop-contrast: ; --tw-backdrop-grayscale: ; --tw-backdrop-hue-rotate: ; --tw-backdrop-invert: ; --tw-backdrop-opacity: ; --tw-backdrop-saturate: ; --tw-backdrop-sepia: ; --tw-contain-size: ; --tw-contain-layout: ; --tw-contain-paint: ; --tw-contain-style: ; border-width: 0px; border-style: solid; border-color: rgb(229, 231, 235); font-size: 1.875rem; margin-bottom: 2rem; font-family: &quot;Plus Jakarta Sans&quot;; line-height: 2.25rem; --tw-text-opacity: 1;">Hỗ trợ sinh kế cho nông dân bản địa</h2><p class="text-on-surface-variant leading-relaxed mb-8" style="--tw-border-spacing-x: 0; --tw-border-spacing-y: 0; --tw-translate-x: 0; --tw-translate-y: 0; --tw-rotate: 0; --tw-skew-x: 0; --tw-skew-y: 0; --tw-scale-x: 1; --tw-scale-y: 1; --tw-pan-x: ; --tw-pan-y: ; --tw-pinch-zoom: ; --tw-scroll-snap-strictness: proximity; --tw-gradient-from-position: ; --tw-gradient-via-position: ; --tw-gradient-to-position: ; --tw-ordinal: ; --tw-slashed-zero: ; --tw-numeric-figure: ; --tw-numeric-spacing: ; --tw-numeric-fraction: ; --tw-ring-inset: ; --tw-ring-offset-width: 0px; --tw-ring-offset-color: #fff; --tw-ring-color: rgb(59 130 246 / 0.5); --tw-ring-offset-shadow: 0 0 #0000; --tw-ring-shadow: 0 0 #0000; --tw-shadow: 0 0 #0000; --tw-shadow-colored: 0 0 #0000; --tw-blur: ; --tw-brightness: ; --tw-contrast: ; --tw-grayscale: ; --tw-hue-rotate: ; --tw-invert: ; --tw-saturate: ; --tw-sepia: ; --tw-drop-shadow: ; --tw-backdrop-blur: ; --tw-backdrop-brightness: ; --tw-backdrop-contrast: ; --tw-backdrop-grayscale: ; --tw-backdrop-hue-rotate: ; --tw-backdrop-invert: ; --tw-backdrop-opacity: ; --tw-backdrop-saturate: ; --tw-backdrop-sepia: ; --tw-contain-size: ; --tw-contain-layout: ; --tw-contain-paint: ; --tw-contain-style: ; border-width: 0px; border-style: solid; border-color: rgb(229, 231, 235); margin-top: 0px; margin-bottom: 2rem; line-height: 1.625; --tw-text-opacity: 1; color: rgb(62, 74, 62);">Khi bạn mua hàng từ các siêu thị lớn nhập khẩu, chỉ một phần nhỏ doanh thu thực sự đến tay người sản xuất. Ngược lại, việc ủng hộ nông sản địa phương giúp dòng tiền luân chuyển trực tiếp trong cộng đồng, giúp các nông hộ nhỏ lẻ có thêm kinh phí để tái đầu tư vào các phương thức canh tác sạch và bảo tồn các giống cây bản địa quý hiếm.</p><div class="grid grid-cols-1 md:grid-cols-2 gap-8 my-12" style="--tw-border-spacing-x: 0; --tw-border-spacing-y: 0; --tw-translate-x: 0; --tw-translate-y: 0; --tw-rotate: 0; --tw-skew-x: 0; --tw-skew-y: 0; --tw-scale-x: 1; --tw-scale-y: 1; --tw-pan-x: ; --tw-pan-y: ; --tw-pinch-zoom: ; --tw-scroll-snap-strictness: proximity; --tw-gradient-from-position: ; --tw-gradient-via-position: ; --tw-gradient-to-position: ; --tw-ordinal: ; --tw-slashed-zero: ; --tw-numeric-figure: ; --tw-numeric-spacing: ; --tw-numeric-fraction: ; --tw-ring-inset: ; --tw-ring-offset-width: 0px; --tw-ring-offset-color: #fff; --tw-ring-color: rgb(59 130 246 / 0.5); --tw-ring-offset-shadow: 0 0 #0000; --tw-ring-shadow: 0 0 #0000; --tw-shadow: 0 0 #0000; --tw-shadow-colored: 0 0 #0000; --tw-blur: ; --tw-brightness: ; --tw-contrast: ; --tw-grayscale: ; --tw-hue-rotate: ; --tw-invert: ; --tw-saturate: ; --tw-sepia: ; --tw-drop-shadow: ; --tw-backdrop-blur: ; --tw-backdrop-brightness: ; --tw-backdrop-contrast: ; --tw-backdrop-grayscale: ; --tw-backdrop-hue-rotate: ; --tw-backdrop-invert: ; --tw-backdrop-opacity: ; --tw-backdrop-saturate: ; --tw-backdrop-sepia: ; --tw-contain-size: ; --tw-contain-layout: ; --tw-contain-paint: ; --tw-contain-style: ; border-width: 0px; border-style: solid; border-color: rgb(229, 231, 235); margin-top: 3rem; margin-bottom: 3rem; grid-template-columns: repeat(2, minmax(0px, 1fr)); gap: 2rem;"><img class="rounded-xl object-cover h-64 w-full" data-alt="weathered hands of an elderly farmer holding a handful of rich dark soil with small green seedlings sprouting" src="https://lh3.googleusercontent.com/aida-public/AB6AXuCgZRIyzVk2_hdsL7czY1Qh9syBT7fiQJ-61QxRu1vE5I98onSxiveazjlGVlWvxoHN1sTANe5_0BmolWffvaevj3XcJjh05fygVNdYvWOQ0uhuLIdSS7ytMddbHPIdf9aonjeuSWKjsO1wTQnAGRWIYCsigP0dJvWVTSzaaaYWdEbhpRmrpJTItgo2woTQaedDT_RRNOD7cSP985VNpU1pKhGETMUuJ3U2-4JdsG4g86ycAFcceGrhGlKP8EkvaiDdzAjkBXg27To" style="--tw-border-spacing-x: 0; --tw-border-spacing-y: 0; --tw-translate-x: 0; --tw-translate-y: 0; --tw-rotate: 0; --tw-skew-x: 0; --tw-skew-y: 0; --tw-scale-x: 1; --tw-scale-y: 1; --tw-pan-x: ; --tw-pan-y: ; --tw-pinch-zoom: ; --tw-scroll-snap-strictness: proximity; --tw-gradient-from-position: ; --tw-gradient-via-position: ; --tw-gradient-to-position: ; --tw-ordinal: ; --tw-slashed-zero: ; --tw-numeric-figure: ; --tw-numeric-spacing: ; --tw-numeric-fraction: ; --tw-ring-inset: ; --tw-ring-offset-width: 0px; --tw-ring-offset-color: #fff; --tw-ring-color: rgb(59 130 246 / 0.5); --tw-ring-offset-shadow: 0 0 #0000; --tw-ring-shadow: 0 0 #0000; --tw-shadow: 0 0 #0000; --tw-shadow-colored: 0 0 #0000; --tw-blur: ; --tw-brightness: ; --tw-contrast: ; --tw-grayscale: ; --tw-hue-rotate: ; --tw-invert: ; --tw-saturate: ; --tw-sepia: ; --tw-drop-shadow: ; --tw-backdrop-blur: ; --tw-backdrop-brightness: ; --tw-backdrop-contrast: ; --tw-backdrop-grayscale: ; --tw-backdrop-hue-rotate: ; --tw-backdrop-invert: ; --tw-backdrop-opacity: ; --tw-backdrop-saturate: ; --tw-backdrop-sepia: ; --tw-contain-size: ; --tw-contain-layout: ; --tw-contain-paint: ; --tw-contain-style: ; border-width: 0px; border-style: solid; border-color: rgb(229, 231, 235); vertical-align: middle; height: 16rem; width: 301.2px; border-radius: 0.75rem; object-fit: cover;"><img class="rounded-xl object-cover h-64 w-full" data-alt="colorful farmers market stall with neatly arranged boxes of seasonal fruits and handwritten wooden price signs" src="https://lh3.googleusercontent.com/aida-public/AB6AXuBXVvsdcGFnc5UA0z-hPEZ67avE5o-Q_hQzMozS7bfMroxa3MV5D0PgbQBa4ckT8AIC2iCAjEDMQ9JGj4E2nlgD7r0D-d8F4UQd3WWi9h7ywvP1MVenJsjR46IM7EGVVa8wnKgCKc8yET3WKm7MtXNTt_8cKTyYe2h83zL-7uokoL6z-qeQczmUMlgWR8IdfXQMbNQ-BdsGcwCtwKNzWranaLRy5e76djeMVvdZjcGLw8wbk5U3lq6LlioKyOtJNK_2sN1ArVebrTg" style="--tw-border-spacing-x: 0; --tw-border-spacing-y: 0; --tw-translate-x: 0; --tw-translate-y: 0; --tw-rotate: 0; --tw-skew-x: 0; --tw-skew-y: 0; --tw-scale-x: 1; --tw-scale-y: 1; --tw-pan-x: ; --tw-pan-y: ; --tw-pinch-zoom: ; --tw-scroll-snap-strictness: proximity; --tw-gradient-from-position: ; --tw-gradient-via-position: ; --tw-gradient-to-position: ; --tw-ordinal: ; --tw-slashed-zero: ; --tw-numeric-figure: ; --tw-numeric-spacing: ; --tw-numeric-fraction: ; --tw-ring-inset: ; --tw-ring-offset-width: 0px; --tw-ring-offset-color: #fff; --tw-ring-color: rgb(59 130 246 / 0.5); --tw-ring-offset-shadow: 0 0 #0000; --tw-ring-shadow: 0 0 #0000; --tw-shadow: 0 0 #0000; --tw-shadow-colored: 0 0 #0000; --tw-blur: ; --tw-brightness: ; --tw-contrast: ; --tw-grayscale: ; --tw-hue-rotate: ; --tw-invert: ; --tw-saturate: ; --tw-sepia: ; --tw-drop-shadow: ; --tw-backdrop-blur: ; --tw-backdrop-brightness: ; --tw-backdrop-contrast: ; --tw-backdrop-grayscale: ; --tw-backdrop-hue-rotate: ; --tw-backdrop-invert: ; --tw-backdrop-opacity: ; --tw-backdrop-saturate: ; --tw-backdrop-sepia: ; --tw-contain-size: ; --tw-contain-layout: ; --tw-contain-paint: ; --tw-contain-style: ; border-width: 0px; border-style: solid; border-color: rgb(229, 231, 235); vertical-align: middle; height: 16rem; width: 301.2px; border-radius: 0.75rem; object-fit: cover;"></div></div><div class="mb-20" style="--tw-border-spacing-x: 0; --tw-border-spacing-y: 0; --tw-translate-x: 0; --tw-translate-y: 0; --tw-rotate: 0; --tw-skew-x: 0; --tw-skew-y: 0; --tw-scale-x: 1; --tw-scale-y: 1; --tw-pan-x: ; --tw-pan-y: ; --tw-pinch-zoom: ; --tw-scroll-snap-strictness: proximity; --tw-gradient-from-position: ; --tw-gradient-via-position: ; --tw-gradient-to-position: ; --tw-ordinal: ; --tw-slashed-zero: ; --tw-numeric-figure: ; --tw-numeric-spacing: ; --tw-numeric-fraction: ; --tw-ring-inset: ; --tw-ring-offset-width: 0px; --tw-ring-offset-color: #fff; --tw-ring-color: rgb(59 130 246 / 0.5); --tw-ring-offset-shadow: 0 0 #0000; --tw-ring-shadow: 0 0 #0000; --tw-shadow: 0 0 #0000; --tw-shadow-colored: 0 0 #0000; --tw-blur: ; --tw-brightness: ; --tw-contrast: ; --tw-grayscale: ; --tw-hue-rotate: ; --tw-invert: ; --tw-saturate: ; --tw-sepia: ; --tw-drop-shadow: ; --tw-backdrop-blur: ; --tw-backdrop-brightness: ; --tw-backdrop-contrast: ; --tw-backdrop-grayscale: ; --tw-backdrop-hue-rotate: ; --tw-backdrop-invert: ; --tw-backdrop-opacity: ; --tw-backdrop-saturate: ; --tw-backdrop-sepia: ; --tw-contain-size: ; --tw-contain-layout: ; --tw-contain-paint: ; --tw-contain-style: ; border-width: 0px; border-style: solid; border-color: rgb(229, 231, 235); grid-column: 2; margin-bottom: 5rem; color: rgb(26, 28, 28); font-family: Manrope; font-weight: 400; background-color: rgb(250, 249, 248);"><div class="flex flex-col md:flex-row gap-12 items-center" style="--tw-border-spacing-x: 0; --tw-border-spacing-y: 0; --tw-translate-x: 0; --tw-translate-y: 0; --tw-rotate: 0; --tw-skew-x: 0; --tw-skew-y: 0; --tw-scale-x: 1; --tw-scale-y: 1; --tw-pan-x: ; --tw-pan-y: ; --tw-pinch-zoom: ; --tw-scroll-snap-strictness: proximity; --tw-gradient-from-position: ; --tw-gradient-via-position: ; --tw-gradient-to-position: ; --tw-ordinal: ; --tw-slashed-zero: ; --tw-numeric-figure: ; --tw-numeric-spacing: ; --tw-numeric-fraction: ; --tw-ring-inset: ; --tw-ring-offset-width: 0px; --tw-ring-offset-color: #fff; --tw-ring-color: rgb(59 130 246 / 0.5); --tw-ring-offset-shadow: 0 0 #0000; --tw-ring-shadow: 0 0 #0000; --tw-shadow: 0 0 #0000; --tw-shadow-colored: 0 0 #0000; --tw-blur: ; --tw-brightness: ; --tw-contrast: ; --tw-grayscale: ; --tw-hue-rotate: ; --tw-invert: ; --tw-saturate: ; --tw-sepia: ; --tw-drop-shadow: ; --tw-backdrop-blur: ; --tw-backdrop-brightness: ; --tw-backdrop-contrast: ; --tw-backdrop-grayscale: ; --tw-backdrop-hue-rotate: ; --tw-backdrop-invert: ; --tw-backdrop-opacity: ; --tw-backdrop-saturate: ; --tw-backdrop-sepia: ; --tw-contain-size: ; --tw-contain-layout: ; --tw-contain-paint: ; --tw-contain-style: ; border-width: 0px; border-style: solid; border-color: rgb(229, 231, 235); display: flex; flex-direction: row; align-items: center; gap: 3rem;"><div class="md:w-1/2 order-2 md:order-1" style="--tw-border-spacing-x: 0; --tw-border-spacing-y: 0; --tw-translate-x: 0; --tw-translate-y: 0; --tw-rotate: 0; --tw-skew-x: 0; --tw-skew-y: 0; --tw-scale-x: 1; --tw-scale-y: 1; --tw-pan-x: ; --tw-pan-y: ; --tw-pinch-zoom: ; --tw-scroll-snap-strictness: proximity; --tw-gradient-from-position: ; --tw-gradient-via-position: ; --tw-gradient-to-position: ; --tw-ordinal: ; --tw-slashed-zero: ; --tw-numeric-figure: ; --tw-numeric-spacing: ; --tw-numeric-fraction: ; --tw-ring-inset: ; --tw-ring-offset-width: 0px; --tw-ring-offset-color: #fff; --tw-ring-color: rgb(59 130 246 / 0.5); --tw-ring-offset-shadow: 0 0 #0000; --tw-ring-shadow: 0 0 #0000; --tw-shadow: 0 0 #0000; --tw-shadow-colored: 0 0 #0000; --tw-blur: ; --tw-brightness: ; --tw-contrast: ; --tw-grayscale: ; --tw-hue-rotate: ; --tw-invert: ; --tw-saturate: ; --tw-sepia: ; --tw-drop-shadow: ; --tw-backdrop-blur: ; --tw-backdrop-brightness: ; --tw-backdrop-contrast: ; --tw-backdrop-grayscale: ; --tw-backdrop-hue-rotate: ; --tw-backdrop-invert: ; --tw-backdrop-opacity: ; --tw-backdrop-saturate: ; --tw-backdrop-sepia: ; --tw-contain-size: ; --tw-contain-layout: ; --tw-contain-paint: ; --tw-contain-style: ; border-width: 0px; border-style: solid; border-color: rgb(229, 231, 235); order: 1; width: 291.925px;"><h2 class="font-headline text-3xl font-bold text-on-surface mb-6" style="--tw-border-spacing-x: 0; --tw-border-spacing-y: 0; --tw-translate-x: 0; --tw-translate-y: 0; --tw-rotate: 0; --tw-skew-x: 0; --tw-skew-y: 0; --tw-scale-x: 1; --tw-scale-y: 1; --tw-pan-x: ; --tw-pan-y: ; --tw-pinch-zoom: ; --tw-scroll-snap-strictness: proximity; --tw-gradient-from-position: ; --tw-gradient-via-position: ; --tw-gradient-to-position: ; --tw-ordinal: ; --tw-slashed-zero: ; --tw-numeric-figure: ; --tw-numeric-spacing: ; --tw-numeric-fraction: ; --tw-ring-inset: ; --tw-ring-offset-width: 0px; --tw-ring-offset-color: #fff; --tw-ring-color: rgb(59 130 246 / 0.5); --tw-ring-offset-shadow: 0 0 #0000; --tw-ring-shadow: 0 0 #0000; --tw-shadow: 0 0 #0000; --tw-shadow-colored: 0 0 #0000; --tw-blur: ; --tw-brightness: ; --tw-contrast: ; --tw-grayscale: ; --tw-hue-rotate: ; --tw-invert: ; --tw-saturate: ; --tw-sepia: ; --tw-drop-shadow: ; --tw-backdrop-blur: ; --tw-backdrop-brightness: ; --tw-backdrop-contrast: ; --tw-backdrop-grayscale: ; --tw-backdrop-hue-rotate: ; --tw-backdrop-invert: ; --tw-backdrop-opacity: ; --tw-backdrop-saturate: ; --tw-backdrop-sepia: ; --tw-contain-size: ; --tw-contain-layout: ; --tw-contain-paint: ; --tw-contain-style: ; border-width: 0px; border-style: solid; border-color: rgb(229, 231, 235); font-size: 1.875rem; margin-bottom: 1.5rem; font-family: &quot;Plus Jakarta Sans&quot;; line-height: 2.25rem; --tw-text-opacity: 1;">Sức khỏe từ sự tươi nguyên</h2><p class="text-on-surface-variant leading-relaxed" style="--tw-border-spacing-x: 0; --tw-border-spacing-y: 0; --tw-translate-x: 0; --tw-translate-y: 0; --tw-rotate: 0; --tw-skew-x: 0; --tw-skew-y: 0; --tw-scale-x: 1; --tw-scale-y: 1; --tw-pan-x: ; --tw-pan-y: ; --tw-pinch-zoom: ; --tw-scroll-snap-strictness: proximity; --tw-gradient-from-position: ; --tw-gradient-via-position: ; --tw-gradient-to-position: ; --tw-ordinal: ; --tw-slashed-zero: ; --tw-numeric-figure: ; --tw-numeric-spacing: ; --tw-numeric-fraction: ; --tw-ring-inset: ; --tw-ring-offset-width: 0px; --tw-ring-offset-color: #fff; --tw-ring-color: rgb(59 130 246 / 0.5); --tw-ring-offset-shadow: 0 0 #0000; --tw-ring-shadow: 0 0 #0000; --tw-shadow: 0 0 #0000; --tw-shadow-colored: 0 0 #0000; --tw-blur: ; --tw-brightness: ; --tw-contrast: ; --tw-grayscale: ; --tw-hue-rotate: ; --tw-invert: ; --tw-saturate: ; --tw-sepia: ; --tw-drop-shadow: ; --tw-backdrop-blur: ; --tw-backdrop-brightness: ; --tw-backdrop-contrast: ; --tw-backdrop-grayscale: ; --tw-backdrop-hue-rotate: ; --tw-backdrop-invert: ; --tw-backdrop-opacity: ; --tw-backdrop-saturate: ; --tw-backdrop-sepia: ; --tw-contain-size: ; --tw-contain-layout: ; --tw-contain-paint: ; --tw-contain-style: ; border-width: 0px; border-style: solid; border-color: rgb(229, 231, 235); margin-top: 0px; margin-bottom: 0px; line-height: 1.625; --tw-text-opacity: 1; color: rgb(62, 74, 62);">Thực phẩm nhập khẩu thường được thu hoạch khi còn xanh và xử lý bằng các chất bảo quản để chịu được quá trình vận chuyển dài ngày. Nông sản địa phương được hái khi đã chín muồi trên cây, giữ trọn vẹn hàm lượng vitamin và khoáng chất.<br style="--tw-border-spacing-x: 0; --tw-border-spacing-y: 0; --tw-translate-x: 0; --tw-translate-y: 0; --tw-rotate: 0; --tw-skew-x: 0; --tw-skew-y: 0; --tw-scale-x: 1; --tw-scale-y: 1; --tw-pan-x: ; --tw-pan-y: ; --tw-pinch-zoom: ; --tw-scroll-snap-strictness: proximity; --tw-gradient-from-position: ; --tw-gradient-via-position: ; --tw-gradient-to-position: ; --tw-ordinal: ; --tw-slashed-zero: ; --tw-numeric-figure: ; --tw-numeric-spacing: ; --tw-numeric-fraction: ; --tw-ring-inset: ; --tw-ring-offset-width: 0px; --tw-ring-offset-color: #fff; --tw-ring-color: rgb(59 130 246 / 0.5); --tw-ring-offset-shadow: 0 0 #0000; --tw-ring-shadow: 0 0 #0000; --tw-shadow: 0 0 #0000; --tw-shadow-colored: 0 0 #0000; --tw-blur: ; --tw-brightness: ; --tw-contrast: ; --tw-grayscale: ; --tw-hue-rotate: ; --tw-invert: ; --tw-saturate: ; --tw-sepia: ; --tw-drop-shadow: ; --tw-backdrop-blur: ; --tw-backdrop-brightness: ; --tw-backdrop-contrast: ; --tw-backdrop-grayscale: ; --tw-backdrop-hue-rotate: ; --tw-backdrop-invert: ; --tw-backdrop-opacity: ; --tw-backdrop-saturate: ; --tw-backdrop-sepia: ; --tw-contain-size: ; --tw-contain-layout: ; --tw-contain-paint: ; --tw-contain-style: ; border-width: 0px; border-style: solid; border-color: rgb(229, 231, 235);"><br style="--tw-border-spacing-x: 0; --tw-border-spacing-y: 0; --tw-translate-x: 0; --tw-translate-y: 0; --tw-rotate: 0; --tw-skew-x: 0; --tw-skew-y: 0; --tw-scale-x: 1; --tw-scale-y: 1; --tw-pan-x: ; --tw-pan-y: ; --tw-pinch-zoom: ; --tw-scroll-snap-strictness: proximity; --tw-gradient-from-position: ; --tw-gradient-via-position: ; --tw-gradient-to-position: ; --tw-ordinal: ; --tw-slashed-zero: ; --tw-numeric-figure: ; --tw-numeric-spacing: ; --tw-numeric-fraction: ; --tw-ring-inset: ; --tw-ring-offset-width: 0px; --tw-ring-offset-color: #fff; --tw-ring-color: rgb(59 130 246 / 0.5); --tw-ring-offset-shadow: 0 0 #0000; --tw-ring-shadow: 0 0 #0000; --tw-shadow: 0 0 #0000; --tw-shadow-colored: 0 0 #0000; --tw-blur: ; --tw-brightness: ; --tw-contrast: ; --tw-grayscale: ; --tw-hue-rotate: ; --tw-invert: ; --tw-saturate: ; --tw-sepia: ; --tw-drop-shadow: ; --tw-backdrop-blur: ; --tw-backdrop-brightness: ; --tw-backdrop-contrast: ; --tw-backdrop-grayscale: ; --tw-backdrop-hue-rotate: ; --tw-backdrop-invert: ; --tw-backdrop-opacity: ; --tw-backdrop-saturate: ; --tw-backdrop-sepia: ; --tw-contain-size: ; --tw-contain-layout: ; --tw-contain-paint: ; --tw-contain-style: ; border-width: 0px; border-style: solid; border-color: rgb(229, 231, 235);">Hương vị của một quả cà chua được hái tại vườn sáng nay hoàn toàn khác biệt với quả cà chua đã nằm trong container lạnh suốt hai tuần. Đó là hương vị của sự sống và nắng gió thật sự.</p></div><div class="md:w-1/2 order-1 md:order-2 bg-secondary-container/20 p-4 rounded-3xl" style="--tw-border-spacing-x: 0; --tw-border-spacing-y: 0; --tw-translate-x: 0; --tw-translate-y: 0; --tw-rotate: 0; --tw-skew-x: 0; --tw-skew-y: 0; --tw-scale-x: 1; --tw-scale-y: 1; --tw-pan-x: ; --tw-pan-y: ; --tw-pinch-zoom: ; --tw-scroll-snap-strictness: proximity; --tw-gradient-from-position: ; --tw-gradient-via-position: ; --tw-gradient-to-position: ; --tw-ordinal: ; --tw-slashed-zero: ; --tw-numeric-figure: ; --tw-numeric-spacing: ; --tw-numeric-fraction: ; --tw-ring-inset: ; --tw-ring-offset-width: 0px; --tw-ring-offset-color: #fff; --tw-ring-color: rgb(59 130 246 / 0.5); --tw-ring-offset-shadow: 0 0 #0000; --tw-ring-shadow: 0 0 #0000; --tw-shadow: 0 0 #0000; --tw-shadow-colored: 0 0 #0000; --tw-blur: ; --tw-brightness: ; --tw-contrast: ; --tw-grayscale: ; --tw-hue-rotate: ; --tw-invert: ; --tw-saturate: ; --tw-sepia: ; --tw-drop-shadow: ; --tw-backdrop-blur: ; --tw-backdrop-brightness: ; --tw-backdrop-contrast: ; --tw-backdrop-grayscale: ; --tw-backdrop-hue-rotate: ; --tw-backdrop-invert: ; --tw-backdrop-opacity: ; --tw-backdrop-saturate: ; --tw-backdrop-sepia: ; --tw-contain-size: ; --tw-contain-layout: ; --tw-contain-paint: ; --tw-contain-style: ; border-width: 0px; border-style: solid; border-color: rgb(229, 231, 235); order: 2; border-radius: 1.5rem; background-color: rgba(253, 195, 154, 0.2); padding: 1rem; width: 294.475px;"><img class="rounded-2xl shadow-lg" data-alt="macro close-up of fresh strawberries with water droplets showing vibrant red color and detailed seed texture" src="https://lh3.googleusercontent.com/aida-public/AB6AXuBpK80TYstNJkhpviDqvKKGFsgaAQjsYlFva9THluFXsaeF0LkMBOC7-TDuMZWpR9rmMLS-g_srOyXmmT0XKlXK6YerCG9FpJZg94c8Z-dEx-fMD0m7RbEe3EhGXkvTPtmxsRvKEIRMljpOSRz6gTrehu76bjc-CEFwhxoF_aea7_pW4XnAPORYqGkPuCNrnTnZXKvSmosAOaTwOf9zs2kYdXH-6tNNVSzrLLrxHNWbwYCHQYXXqjY5AQG7a_5qHImjNy4E0MK7TYg" style="--tw-border-spacing-x: 0; --tw-border-spacing-y: 0; --tw-translate-x: 0; --tw-translate-y: 0; --tw-rotate: 0; --tw-skew-x: 0; --tw-skew-y: 0; --tw-scale-x: 1; --tw-scale-y: 1; --tw-pan-x: ; --tw-pan-y: ; --tw-pinch-zoom: ; --tw-scroll-snap-strictness: proximity; --tw-gradient-from-position: ; --tw-gradient-via-position: ; --tw-gradient-to-position: ; --tw-ordinal: ; --tw-slashed-zero: ; --tw-numeric-figure: ; --tw-numeric-spacing: ; --tw-numeric-fraction: ; --tw-ring-inset: ; --tw-ring-offset-width: 0px; --tw-ring-offset-color: #fff; --tw-ring-color: rgb(59 130 246 / 0.5); --tw-ring-offset-shadow: 0 0 #0000; --tw-ring-shadow: 0 0 #0000; --tw-shadow: 0 10px 15px -3px rgb(0 0 0 / 0.1), 0 4px 6px -4px rgb(0 0 0 / 0.1); --tw-shadow-colored: 0 10px 15px -3px var(--tw-shadow-color), 0 4px 6px -4px var(--tw-shadow-color); --tw-blur: ; --tw-brightness: ; --tw-contrast: ; --tw-grayscale: ; --tw-hue-rotate: ; --tw-invert: ; --tw-saturate: ; --tw-sepia: ; --tw-drop-shadow: ; --tw-backdrop-blur: ; --tw-backdrop-brightness: ; --tw-backdrop-contrast: ; --tw-backdrop-grayscale: ; --tw-backdrop-hue-rotate: ; --tw-backdrop-invert: ; --tw-backdrop-opacity: ; --tw-backdrop-saturate: ; --tw-backdrop-sepia: ; --tw-contain-size: ; --tw-contain-layout: ; --tw-contain-paint: ; --tw-contain-style: ; border-width: 0px; border-style: solid; border-color: rgb(229, 231, 235); vertical-align: middle; border-radius: 1rem; box-shadow: rgba(0, 0, 0, 0) 0px 0px 0px 0px, rgba(0, 0, 0, 0) 0px 0px 0px 0px, rgba(0, 0, 0, 0.1) 0px 10px 15px -3px, rgba(0, 0, 0, 0.1) 0px 4px 6px -4px;"></div></div></div><div class="break-out grid grid-cols-1 md:grid-cols-3 gap-6 mb-20" style="--tw-border-spacing-x: 0; --tw-border-spacing-y: 0; --tw-translate-x: 0; --tw-translate-y: 0; --tw-rotate: 0; --tw-skew-x: 0; --tw-skew-y: 0; --tw-scale-x: 1; --tw-scale-y: 1; --tw-pan-x: ; --tw-pan-y: ; --tw-pinch-zoom: ; --tw-scroll-snap-strictness: proximity; --tw-gradient-from-position: ; --tw-gradient-via-position: ; --tw-gradient-to-position: ; --tw-ordinal: ; --tw-slashed-zero: ; --tw-numeric-figure: ; --tw-numeric-spacing: ; --tw-numeric-fraction: ; --tw-ring-inset: ; --tw-ring-offset-width: 0px; --tw-ring-offset-color: #fff; --tw-ring-color: rgb(59 130 246 / 0.5); --tw-ring-offset-shadow: 0 0 #0000; --tw-ring-shadow: 0 0 #0000; --tw-shadow: 0 0 #0000; --tw-shadow-colored: 0 0 #0000; --tw-blur: ; --tw-brightness: ; --tw-contrast: ; --tw-grayscale: ; --tw-hue-rotate: ; --tw-invert: ; --tw-saturate: ; --tw-sepia: ; --tw-drop-shadow: ; --tw-backdrop-blur: ; --tw-backdrop-brightness: ; --tw-backdrop-contrast: ; --tw-backdrop-grayscale: ; --tw-backdrop-hue-rotate: ; --tw-backdrop-invert: ; --tw-backdrop-opacity: ; --tw-backdrop-saturate: ; --tw-backdrop-sepia: ; --tw-contain-size: ; --tw-contain-layout: ; --tw-contain-paint: ; --tw-contain-style: ; border-width: 0px; border-style: solid; border-color: rgb(229, 231, 235); grid-column: 1 / 4; margin-bottom: 5rem; grid-template-columns: repeat(3, minmax(0px, 1fr)); padding-inline: 4rem; color: rgb(26, 28, 28); font-family: Manrope; font-weight: 400; background-color: rgb(250, 249, 248);"><div class="md:col-span-2 bg-primary text-on-primary p-10 rounded-3xl flex flex-col justify-center" style="--tw-border-spacing-x: 0; --tw-border-spacing-y: 0; --tw-translate-x: 0; --tw-translate-y: 0; --tw-rotate: 0; --tw-skew-x: 0; --tw-skew-y: 0; --tw-scale-x: 1; --tw-scale-y: 1; --tw-pan-x: ; --tw-pan-y: ; --tw-pinch-zoom: ; --tw-scroll-snap-strictness: proximity; --tw-gradient-from-position: ; --tw-gradient-via-position: ; --tw-gradient-to-position: ; --tw-ordinal: ; --tw-slashed-zero: ; --tw-numeric-figure: ; --tw-numeric-spacing: ; --tw-numeric-fraction: ; --tw-ring-inset: ; --tw-ring-offset-width: 0px; --tw-ring-offset-color: #fff; --tw-ring-color: rgb(59 130 246 / 0.5); --tw-ring-offset-shadow: 0 0 #0000; --tw-ring-shadow: 0 0 #0000; --tw-shadow: 0 0 #0000; --tw-shadow-colored: 0 0 #0000; --tw-blur: ; --tw-brightness: ; --tw-contrast: ; --tw-grayscale: ; --tw-hue-rotate: ; --tw-invert: ; --tw-saturate: ; --tw-sepia: ; --tw-drop-shadow: ; --tw-backdrop-blur: ; --tw-backdrop-brightness: ; --tw-backdrop-contrast: ; --tw-backdrop-grayscale: ; --tw-backdrop-hue-rotate: ; --tw-backdrop-invert: ; --tw-backdrop-opacity: ; --tw-backdrop-saturate: ; --tw-backdrop-sepia: ; --tw-contain-size: ; --tw-contain-layout: ; --tw-contain-paint: ; --tw-contain-style: ; border-width: 0px; border-style: solid; border-color: rgb(229, 231, 235); display: flex; flex-direction: column; justify-content: center; border-radius: 1.5rem; --tw-bg-opacity: 1; background-color: rgb(59, 105, 52); padding: 2.5rem; --tw-text-opacity: 1; color: rgb(255, 255, 255); grid-column: span 2 / span 2;"><h3 class="font-headline text-3xl font-bold mb-4" style="--tw-border-spacing-x: 0; --tw-border-spacing-y: 0; --tw-translate-x: 0; --tw-translate-y: 0; --tw-rotate: 0; --tw-skew-x: 0; --tw-skew-y: 0; --tw-scale-x: 1; --tw-scale-y: 1; --tw-pan-x: ; --tw-pan-y: ; --tw-pinch-zoom: ; --tw-scroll-snap-strictness: proximity; --tw-gradient-from-position: ; --tw-gradient-via-position: ; --tw-gradient-to-position: ; --tw-ordinal: ; --tw-slashed-zero: ; --tw-numeric-figure: ; --tw-numeric-spacing: ; --tw-numeric-fraction: ; --tw-ring-inset: ; --tw-ring-offset-width: 0px; --tw-ring-offset-color: #fff; --tw-ring-color: rgb(59 130 246 / 0.5); --tw-ring-offset-shadow: 0 0 #0000; --tw-ring-shadow: 0 0 #0000; --tw-shadow: 0 0 #0000; --tw-shadow-colored: 0 0 #0000; --tw-blur: ; --tw-brightness: ; --tw-contrast: ; --tw-grayscale: ; --tw-hue-rotate: ; --tw-invert: ; --tw-saturate: ; --tw-sepia: ; --tw-drop-shadow: ; --tw-backdrop-blur: ; --tw-backdrop-brightness: ; --tw-backdrop-contrast: ; --tw-backdrop-grayscale: ; --tw-backdrop-hue-rotate: ; --tw-backdrop-invert: ; --tw-backdrop-opacity: ; --tw-backdrop-saturate: ; --tw-backdrop-sepia: ; --tw-contain-size: ; --tw-contain-layout: ; --tw-contain-paint: ; --tw-contain-style: ; border-width: 0px; border-style: solid; border-color: rgb(229, 231, 235); font-size: 1.875rem; margin-bottom: 1rem; font-family: &quot;Plus Jakarta Sans&quot;; line-height: 2.25rem;">Kết luận</h3><p class="text-primary-fixed leading-relaxed opacity-90 text-lg" style="--tw-border-spacing-x: 0; --tw-border-spacing-y: 0; --tw-translate-x: 0; --tw-translate-y: 0; --tw-rotate: 0; --tw-skew-x: 0; --tw-skew-y: 0; --tw-scale-x: 1; --tw-scale-y: 1; --tw-pan-x: ; --tw-pan-y: ; --tw-pinch-zoom: ; --tw-scroll-snap-strictness: proximity; --tw-gradient-from-position: ; --tw-gradient-via-position: ; --tw-gradient-to-position: ; --tw-ordinal: ; --tw-slashed-zero: ; --tw-numeric-figure: ; --tw-numeric-spacing: ; --tw-numeric-fraction: ; --tw-ring-inset: ; --tw-ring-offset-width: 0px; --tw-ring-offset-color: #fff; --tw-ring-color: rgb(59 130 246 / 0.5); --tw-ring-offset-shadow: 0 0 #0000; --tw-ring-shadow: 0 0 #0000; --tw-shadow: 0 0 #0000; --tw-shadow-colored: 0 0 #0000; --tw-blur: ; --tw-brightness: ; --tw-contrast: ; --tw-grayscale: ; --tw-hue-rotate: ; --tw-invert: ; --tw-saturate: ; --tw-sepia: ; --tw-drop-shadow: ; --tw-backdrop-blur: ; --tw-backdrop-brightness: ; --tw-backdrop-contrast: ; --tw-backdrop-grayscale: ; --tw-backdrop-hue-rotate: ; --tw-backdrop-invert: ; --tw-backdrop-opacity: ; --tw-backdrop-saturate: ; --tw-backdrop-sepia: ; --tw-contain-size: ; --tw-contain-layout: ; --tw-contain-paint: ; --tw-contain-style: ; border-width: 0px; border-style: solid; border-color: rgb(229, 231, 235); margin-top: 0px; margin-bottom: 0px; font-size: 1.125rem; line-height: 1.625; --tw-text-opacity: 1; color: rgb(188, 240, 174); opacity: 0.9;">Mỗi lần lựa chọn sản phẩm địa phương là bạn đang bỏ một phiếu bầu cho một thế giới xanh hơn, một nền kinh tế công bằng hơn và một sức khỏe dẻo dai hơn. Tương lai của hành tinh bắt đầu ngay từ chiếc giỏ đi chợ của bạn ngày hôm nay.</p></div><div class="bg-surface-container-highest p-10 rounded-3xl flex flex-col items-center justify-center text-center" style="--tw-border-spacing-x: 0; --tw-border-spacing-y: 0; --tw-translate-x: 0; --tw-translate-y: 0; --tw-rotate: 0; --tw-skew-x: 0; --tw-skew-y: 0; --tw-scale-x: 1; --tw-scale-y: 1; --tw-pan-x: ; --tw-pan-y: ; --tw-pinch-zoom: ; --tw-scroll-snap-strictness: proximity; --tw-gradient-from-position: ; --tw-gradient-via-position: ; --tw-gradient-to-position: ; --tw-ordinal: ; --tw-slashed-zero: ; --tw-numeric-figure: ; --tw-numeric-spacing: ; --tw-numeric-fraction: ; --tw-ring-inset: ; --tw-ring-offset-width: 0px; --tw-ring-offset-color: #fff; --tw-ring-color: rgb(59 130 246 / 0.5); --tw-ring-offset-shadow: 0 0 #0000; --tw-ring-shadow: 0 0 #0000; --tw-shadow: 0 0 #0000; --tw-shadow-colored: 0 0 #0000; --tw-blur: ; --tw-brightness: ; --tw-contrast: ; --tw-grayscale: ; --tw-hue-rotate: ; --tw-invert: ; --tw-saturate: ; --tw-sepia: ; --tw-drop-shadow: ; --tw-backdrop-blur: ; --tw-backdrop-brightness: ; --tw-backdrop-contrast: ; --tw-backdrop-grayscale: ; --tw-backdrop-hue-rotate: ; --tw-backdrop-invert: ; --tw-backdrop-opacity: ; --tw-backdrop-saturate: ; --tw-backdrop-sepia: ; --tw-contain-size: ; --tw-contain-layout: ; --tw-contain-paint: ; --tw-contain-style: ; border-width: 0px; border-style: solid; border-color: rgb(229, 231, 235); display: flex; flex-direction: column; align-items: center; justify-content: center; border-radius: 1.5rem; --tw-bg-opacity: 1; background-color: rgb(227, 226, 225); padding: 2.5rem; text-align: center;"><span class="material-symbols-outlined text-5xl text-primary mb-4" style="--tw-border-spacing-x: 0; --tw-border-spacing-y: 0; --tw-translate-x: 0; --tw-translate-y: 0; --tw-rotate: 0; --tw-skew-x: 0; --tw-skew-y: 0; --tw-scale-x: 1; --tw-scale-y: 1; --tw-pan-x: ; --tw-pan-y: ; --tw-pinch-zoom: ; --tw-scroll-snap-strictness: proximity; --tw-gradient-from-position: ; --tw-gradient-via-position: ; --tw-gradient-to-position: ; --tw-ordinal: ; --tw-slashed-zero: ; --tw-numeric-figure: ; --tw-numeric-spacing: ; --tw-numeric-fraction: ; --tw-ring-inset: ; --tw-ring-offset-width: 0px; --tw-ring-offset-color: #fff; --tw-ring-color: rgb(59 130 246 / 0.5); --tw-ring-offset-shadow: 0 0 #0000; --tw-ring-shadow: 0 0 #0000; --tw-shadow: 0 0 #0000; --tw-shadow-colored: 0 0 #0000; --tw-blur: ; --tw-brightness: ; --tw-contrast: ; --tw-grayscale: ; --tw-hue-rotate: ; --tw-invert: ; --tw-saturate: ; --tw-sepia: ; --tw-drop-shadow: ; --tw-backdrop-blur: ; --tw-backdrop-brightness: ; --tw-backdrop-contrast: ; --tw-backdrop-grayscale: ; --tw-backdrop-hue-rotate: ; --tw-backdrop-invert: ; --tw-backdrop-opacity: ; --tw-backdrop-saturate: ; --tw-backdrop-sepia: ; --tw-contain-size: ; --tw-contain-layout: ; --tw-contain-paint: ; --tw-contain-style: ; border-width: 0px; border-style: solid; border-color: rgb(229, 231, 235); font-family: &quot;Material Symbols Outlined&quot;; font-size: 3rem; line-height: 1; display: inline-block; text-wrap-mode: nowrap; overflow-wrap: normal; direction: ltr; font-feature-settings: &quot;liga&quot;; -webkit-font-smoothing: antialiased; font-variation-settings: &quot;FILL&quot; 1; margin-bottom: 1rem; --tw-text-opacity: 1; color: rgb(59, 105, 52);">volunteer_activism</span><h4 class="font-headline font-bold text-xl mb-2" style="--tw-border-spacing-x: 0; --tw-border-spacing-y: 0; --tw-translate-x: 0; --tw-translate-y: 0; --tw-rotate: 0; --tw-skew-x: 0; --tw-skew-y: 0; --tw-scale-x: 1; --tw-scale-y: 1; --tw-pan-x: ; --tw-pan-y: ; --tw-pinch-zoom: ; --tw-scroll-snap-strictness: proximity; --tw-gradient-from-position: ; --tw-gradient-via-position: ; --tw-gradient-to-position: ; --tw-ordinal: ; --tw-slashed-zero: ; --tw-numeric-figure: ; --tw-numeric-spacing: ; --tw-numeric-fraction: ; --tw-ring-inset: ; --tw-ring-offset-width: 0px; --tw-ring-offset-color: #fff; --tw-ring-color: rgb(59 130 246 / 0.5); --tw-ring-offset-shadow: 0 0 #0000; --tw-ring-shadow: 0 0 #0000; --tw-shadow: 0 0 #0000; --tw-shadow-colored: 0 0 #0000; --tw-blur: ; --tw-brightness: ; --tw-contrast: ; --tw-grayscale: ; --tw-hue-rotate: ; --tw-invert: ; --tw-saturate: ; --tw-sepia: ; --tw-drop-shadow: ; --tw-backdrop-blur: ; --tw-backdrop-brightness: ; --tw-backdrop-contrast: ; --tw-backdrop-grayscale: ; --tw-backdrop-hue-rotate: ; --tw-backdrop-invert: ; --tw-backdrop-opacity: ; --tw-backdrop-saturate: ; --tw-backdrop-sepia: ; --tw-contain-size: ; --tw-contain-layout: ; --tw-contain-paint: ; --tw-contain-style: ; border-width: 0px; border-style: solid; border-color: rgb(229, 231, 235); font-size: 1.25rem; margin-bottom: 0.5rem; font-family: &quot;Plus Jakarta Sans&quot;; line-height: 1.75rem;">Tham gia cùng chúng tôi</h4><p class="text-sm text-on-surface-variant mb-6" style="--tw-border-spacing-x: 0; --tw-border-spacing-y: 0; --tw-translate-x: 0; --tw-translate-y: 0; --tw-rotate: 0; --tw-skew-x: 0; --tw-skew-y: 0; --tw-scale-x: 1; --tw-scale-y: 1; --tw-pan-x: ; --tw-pan-y: ; --tw-pinch-zoom: ; --tw-scroll-snap-strictness: proximity; --tw-gradient-from-position: ; --tw-gradient-via-position: ; --tw-gradient-to-position: ; --tw-ordinal: ; --tw-slashed-zero: ; --tw-numeric-figure: ; --tw-numeric-spacing: ; --tw-numeric-fraction: ; --tw-ring-inset: ; --tw-ring-offset-width: 0px; --tw-ring-offset-color: #fff; --tw-ring-color: rgb(59 130 246 / 0.5); --tw-ring-offset-shadow: 0 0 #0000; --tw-ring-shadow: 0 0 #0000; --tw-shadow: 0 0 #0000; --tw-shadow-colored: 0 0 #0000; --tw-blur: ; --tw-brightness: ; --tw-contrast: ; --tw-grayscale: ; --tw-hue-rotate: ; --tw-invert: ; --tw-saturate: ; --tw-sepia: ; --tw-drop-shadow: ; --tw-backdrop-blur: ; --tw-backdrop-brightness: ; --tw-backdrop-contrast: ; --tw-backdrop-grayscale: ; --tw-backdrop-hue-rotate: ; --tw-backdrop-invert: ; --tw-backdrop-opacity: ; --tw-backdrop-saturate: ; --tw-backdrop-sepia: ; --tw-contain-size: ; --tw-contain-layout: ; --tw-contain-paint: ; --tw-contain-style: ; border-width: 0px; border-style: solid; border-color: rgb(229, 231, 235); margin-top: 0px; margin-bottom: 1.5rem; font-size: 0.875rem; line-height: 1.25rem; --tw-text-opacity: 1; color: rgb(62, 74, 62);">Chia sẻ bài viết này để lan tỏa lối sống bền vững.</p><div class="flex gap-4" style="--tw-border-spacing-x: 0; --tw-border-spacing-y: 0; --tw-translate-x: 0; --tw-translate-y: 0; --tw-rotate: 0; --tw-skew-x: 0; --tw-skew-y: 0; --tw-scale-x: 1; --tw-scale-y: 1; --tw-pan-x: ; --tw-pan-y: ; --tw-pinch-zoom: ; --tw-scroll-snap-strictness: proximity; --tw-gradient-from-position: ; --tw-gradient-via-position: ; --tw-gradient-to-position: ; --tw-ordinal: ; --tw-slashed-zero: ; --tw-numeric-figure: ; --tw-numeric-spacing: ; --tw-numeric-fraction: ; --tw-ring-inset: ; --tw-ring-offset-width: 0px; --tw-ring-offset-color: #fff; --tw-ring-color: rgb(59 130 246 / 0.5); --tw-ring-offset-shadow: 0 0 #0000; --tw-ring-shadow: 0 0 #0000; --tw-shadow: 0 0 #0000; --tw-shadow-colored: 0 0 #0000; --tw-blur: ; --tw-brightness: ; --tw-contrast: ; --tw-grayscale: ; --tw-hue-rotate: ; --tw-invert: ; --tw-saturate: ; --tw-sepia: ; --tw-drop-shadow: ; --tw-backdrop-blur: ; --tw-backdrop-brightness: ; --tw-backdrop-contrast: ; --tw-backdrop-grayscale: ; --tw-backdrop-hue-rotate: ; --tw-backdrop-invert: ; --tw-backdrop-opacity: ; --tw-backdrop-saturate: ; --tw-backdrop-sepia: ; --tw-contain-size: ; --tw-contain-layout: ; --tw-contain-paint: ; --tw-contain-style: ; border-width: 0px; border-style: solid; border-color: rgb(229, 231, 235); display: flex; gap: 1rem;"><button class="w-10 h-10 rounded-full bg-surface-container-lowest flex items-center justify-center hover:bg-primary hover:text-white transition-all" style="--tw-border-spacing-x: 0; --tw-border-spacing-y: 0; --tw-translate-x: 0; --tw-translate-y: 0; --tw-rotate: 0; --tw-skew-x: 0; --tw-skew-y: 0; --tw-scale-x: 1; --tw-scale-y: 1; --tw-pan-x: ; --tw-pan-y: ; --tw-pinch-zoom: ; --tw-scroll-snap-strictness: proximity; --tw-gradient-from-position: ; --tw-gradient-via-position: ; --tw-gradient-to-position: ; --tw-ordinal: ; --tw-slashed-zero: ; --tw-numeric-figure: ; --tw-numeric-spacing: ; --tw-numeric-fraction: ; --tw-ring-inset: ; --tw-ring-offset-width: 0px; --tw-ring-offset-color: #fff; --tw-ring-color: rgb(59 130 246 / 0.5); --tw-ring-offset-shadow: 0 0 #0000; --tw-ring-shadow: 0 0 #0000; --tw-shadow: 0 0 #0000; --tw-shadow-colored: 0 0 #0000; --tw-blur: ; --tw-brightness: ; --tw-contrast: ; --tw-grayscale: ; --tw-hue-rotate: ; --tw-invert: ; --tw-saturate: ; --tw-sepia: ; --tw-drop-shadow: ; --tw-backdrop-blur: ; --tw-backdrop-brightness: ; --tw-backdrop-contrast: ; --tw-backdrop-grayscale: ; --tw-backdrop-hue-rotate: ; --tw-backdrop-invert: ; --tw-backdrop-opacity: ; --tw-backdrop-saturate: ; --tw-backdrop-sepia: ; --tw-contain-size: ; --tw-contain-layout: ; --tw-contain-paint: ; --tw-contain-style: ; border-width: 0px; border-style: solid; border-color: rgb(229, 231, 235); font-family: inherit; font-feature-settings: inherit; font-variation-settings: inherit; font-size: 16px; font-weight: inherit; line-height: inherit; letter-spacing: inherit; appearance: button; background-color: rgb(255, 255, 255); background-image: none; cursor: pointer; display: flex; height: 2.5rem; width: 2.5rem; align-items: center; justify-content: center; border-radius: 9999px; --tw-bg-opacity: 1; transition-property: all; transition-timing-function: cubic-bezier(0.4, 0, 0.2, 1); transition-duration: 150ms;"><span class="material-symbols-outlined text-sm" style="--tw-border-spacing-x: 0; --tw-border-spacing-y: 0; --tw-translate-x: 0; --tw-translate-y: 0; --tw-rotate: 0; --tw-skew-x: 0; --tw-skew-y: 0; --tw-scale-x: 1; --tw-scale-y: 1; --tw-pan-x: ; --tw-pan-y: ; --tw-pinch-zoom: ; --tw-scroll-snap-strictness: proximity; --tw-gradient-from-position: ; --tw-gradient-via-position: ; --tw-gradient-to-position: ; --tw-ordinal: ; --tw-slashed-zero: ; --tw-numeric-figure: ; --tw-numeric-spacing: ; --tw-numeric-fraction: ; --tw-ring-inset: ; --tw-ring-offset-width: 0px; --tw-ring-offset-color: #fff; --tw-ring-color: rgb(59 130 246 / 0.5); --tw-ring-offset-shadow: 0 0 #0000; --tw-ring-shadow: 0 0 #0000; --tw-shadow: 0 0 #0000; --tw-shadow-colored: 0 0 #0000; --tw-blur: ; --tw-brightness: ; --tw-contrast: ; --tw-grayscale: ; --tw-hue-rotate: ; --tw-invert: ; --tw-saturate: ; --tw-sepia: ; --tw-drop-shadow: ; --tw-backdrop-blur: ; --tw-backdrop-brightness: ; --tw-backdrop-contrast: ; --tw-backdrop-grayscale: ; --tw-backdrop-hue-rotate: ; --tw-backdrop-invert: ; --tw-backdrop-opacity: ; --tw-backdrop-saturate: ; --tw-backdrop-sepia: ; --tw-contain-size: ; --tw-contain-layout: ; --tw-contain-paint: ; --tw-contain-style: ; border-width: 0px; border-style: solid; border-color: rgb(229, 231, 235); font-family: &quot;Material Symbols Outlined&quot;; font-size: 0.875rem; line-height: 1.25rem; display: inline-block; text-wrap-mode: nowrap; overflow-wrap: normal; direction: ltr; font-feature-settings: &quot;liga&quot;; -webkit-font-smoothing: antialiased; font-variation-settings: &quot;FILL&quot; 0, &quot;wght&quot; 400, &quot;GRAD&quot; 0, &quot;opsz&quot; 24;">share</span></button><button class="w-10 h-10 rounded-full bg-surface-container-lowest flex items-center justify-center hover:bg-primary hover:text-white transition-all" style="--tw-border-spacing-x: 0; --tw-border-spacing-y: 0; --tw-translate-x: 0; --tw-translate-y: 0; --tw-rotate: 0; --tw-skew-x: 0; --tw-skew-y: 0; --tw-scale-x: 1; --tw-scale-y: 1; --tw-pan-x: ; --tw-pan-y: ; --tw-pinch-zoom: ; --tw-scroll-snap-strictness: proximity; --tw-gradient-from-position: ; --tw-gradient-via-position: ; --tw-gradient-to-position: ; --tw-ordinal: ; --tw-slashed-zero: ; --tw-numeric-figure: ; --tw-numeric-spacing: ; --tw-numeric-fraction: ; --tw-ring-inset: ; --tw-ring-offset-width: 0px; --tw-ring-offset-color: #fff; --tw-ring-color: rgb(59 130 246 / 0.5); --tw-ring-offset-shadow: 0 0 #0000; --tw-ring-shadow: 0 0 #0000; --tw-shadow: 0 0 #0000; --tw-shadow-colored: 0 0 #0000; --tw-blur: ; --tw-brightness: ; --tw-contrast: ; --tw-grayscale: ; --tw-hue-rotate: ; --tw-invert: ; --tw-saturate: ; --tw-sepia: ; --tw-drop-shadow: ; --tw-backdrop-blur: ; --tw-backdrop-brightness: ; --tw-backdrop-contrast: ; --tw-backdrop-grayscale: ; --tw-backdrop-hue-rotate: ; --tw-backdrop-invert: ; --tw-backdrop-opacity: ; --tw-backdrop-saturate: ; --tw-backdrop-sepia: ; --tw-contain-size: ; --tw-contain-layout: ; --tw-contain-paint: ; --tw-contain-style: ; border-width: 0px; border-style: solid; border-color: rgb(229, 231, 235); font-family: inherit; font-feature-settings: inherit; font-variation-settings: inherit; font-size: 16px; font-weight: inherit; line-height: inherit; letter-spacing: inherit; appearance: button; background-color: rgb(255, 255, 255); background-image: none; cursor: pointer; display: flex; height: 2.5rem; width: 2.5rem; align-items: center; justify-content: center; border-radius: 9999px; --tw-bg-opacity: 1; transition-property: all; transition-timing-function: cubic-bezier(0.4, 0, 0.2, 1); transition-duration: 150ms;"><span class="material-symbols-outlined text-sm" style="--tw-border-spacing-x: 0; --tw-border-spacing-y: 0; --tw-translate-x: 0; --tw-translate-y: 0; --tw-rotate: 0; --tw-skew-x: 0; --tw-skew-y: 0; --tw-scale-x: 1; --tw-scale-y: 1; --tw-pan-x: ; --tw-pan-y: ; --tw-pinch-zoom: ; --tw-scroll-snap-strictness: proximity; --tw-gradient-from-position: ; --tw-gradient-via-position: ; --tw-gradient-to-position: ; --tw-ordinal: ; --tw-slashed-zero: ; --tw-numeric-figure: ; --tw-numeric-spacing: ; --tw-numeric-fraction: ; --tw-ring-inset: ; --tw-ring-offset-width: 0px; --tw-ring-offset-color: #fff; --tw-ring-color: rgb(59 130 246 / 0.5); --tw-ring-offset-shadow: 0 0 #0000; --tw-ring-shadow: 0 0 #0000; --tw-shadow: 0 0 #0000; --tw-shadow-colored: 0 0 #0000; --tw-blur: ; --tw-brightness: ; --tw-contrast: ; --tw-grayscale: ; --tw-hue-rotate: ; --tw-invert: ; --tw-saturate: ; --tw-sepia: ; --tw-drop-shadow: ; --tw-backdrop-blur: ; --tw-backdrop-brightness: ; --tw-backdrop-contrast: ; --tw-backdrop-grayscale: ; --tw-backdrop-hue-rotate: ; --tw-backdrop-invert: ; --tw-backdrop-opacity: ; --tw-backdrop-saturate: ; --tw-backdrop-sepia: ; --tw-contain-size: ; --tw-contain-layout: ; --tw-contain-paint: ; --tw-contain-style: ; border-width: 0px; border-style: solid; border-color: rgb(229, 231, 235); font-family: &quot;Material Symbols Outlined&quot;; font-size: 0.875rem; line-height: 1.25rem; display: inline-block; text-wrap-mode: nowrap; overflow-wrap: normal; direction: ltr; font-feature-settings: &quot;liga&quot;; -webkit-font-smoothing: antialiased; font-variation-settings: &quot;FILL&quot; 0, &quot;wght&quot; 400, &quot;GRAD&quot; 0, &quot;opsz&quot; 24;">favorite</span></button></div></div></div>', N'/blog-covers/474478a3299d47f487405ba38709664b.png', 1, CAST(N'2026-04-08T20:36:00.0000000' AS DateTime2), CAST(N'2026-04-09T10:36:23.6659358' AS DateTime2), CAST(N'2026-04-10T07:43:26.0011565' AS DateTime2), 1)
INSERT [dbo].[BlogPosts] ([BlogPostID], [Title], [Slug], [Excerpt], [Content], [CoverImageUrl], [IsPublished], [PublishedAt], [CreatedAt], [UpdatedAt], [ViewCount]) VALUES (4, N'BÍ QUYẾT BẢO QUẢN RAU XANH TƯƠI ĐẾN 2 TUẦN – ĐƠN GIẢN MÀ HIỆU QUẢ', N'bi-quyet-bao-quan-rau-xanh-tuoi-den-2-tuan-don-gian-ma-hieu-qua', N'Rau xanh là thực phẩm không thể thiếu trong bữa ăn hằng ngày, nhưng lại rất dễ bị héo, úng hoặc hư hỏng nếu không bảo quản đúng cách. Dưới đây là những bí quyết giúp bạn giữ rau tươi lâu đến 2 tuần mà vẫn đảm bảo dinh dưỡng và độ ngon.', N'Rau xanh là thực phẩm không thể thiếu trong bữa ăn hằng ngày, nhưng lại rất dễ bị héo, úng hoặc hư hỏng nếu không bảo quản đúng cách. Dưới đây là những bí quyết giúp bạn giữ rau tươi lâu đến 2 tuần mà vẫn đảm bảo dinh dưỡng và độ ngon.

1. Phân loại rau trước khi bảo quản
Không phải loại rau nào cũng bảo quản giống nhau. Bạn nên chia thành các nhóm:

Rau lá mềm (rau cải, rau muống, xà lách…): dễ héo, cần giữ ẩm tốt
Rau thân cứng (bông cải, cà rốt…): bảo quản dễ hơn
Rau gia vị (hành, mùi, rau thơm…): cần độ ẩm vừa phải

Việc phân loại giúp bạn chọn cách bảo quản phù hợp và kéo dài thời gian sử dụng.

2. Không rửa rau trước khi cho vào tủ lạnh
Nhiều người có thói quen rửa rau rồi mới cất, nhưng điều này khiến rau nhanh úng và thối hơn.

Chỉ nên:

Nhặt bỏ lá hỏng
Lau sạch đất bằng khăn khô nếu cần

Chỉ rửa rau ngay trước khi sử dụng.

3. Dùng giấy hoặc khăn để giữ độ ẩm
Đây là mẹo rất hiệu quả:

Bọc rau bằng khăn giấy hoặc khăn vải khô
Sau đó cho vào túi nilon hoặc hộp kín

Giấy sẽ hút ẩm dư thừa nhưng vẫn giữ độ ẩm cần thiết, giúp rau tươi lâu hơn.

4. Bảo quản trong ngăn mát đúng cách

Nhiệt độ lý tưởng: 3–5°C
Đặt rau vào ngăn chuyên dụng (ngăn rau củ)
Không để rau gần thực phẩm có mùi mạnh (thịt, cá)

Tránh làm rau bị ám mùi hoặc nhanh hỏng.

5. Với rau có rễ – bảo quản như hoa
Các loại như hành lá, rau mùi:

Cắt gốc nhẹ
Cắm vào ly nước như cắm hoa
Phủ túi nilon lên trên

Cách này giúp rau tươi từ 10–14 ngày.

6. Sử dụng hộp kín hoặc túi zip

Hạn chế không khí lọt vào
Giữ độ ẩm ổn định

Nếu có thể, dùng túi zip có khóa kéo sẽ hiệu quả hơn túi thường.

7. Kiểm tra rau định kỳ

Loại bỏ lá bị úng, thối ngay
Tránh lây sang các phần còn lại

Chỉ cần một lá hỏng cũng có thể làm cả bó rau nhanh hư.', N'/blog-covers/1446b7e45a574d21b883e69b3751b238.png', 1, CAST(N'2026-04-09T10:46:00.0000000' AS DateTime2), CAST(N'2026-04-09T10:47:09.0849140' AS DateTime2), NULL, 8)
INSERT [dbo].[BlogPosts] ([BlogPostID], [Title], [Slug], [Excerpt], [Content], [CoverImageUrl], [IsPublished], [PublishedAt], [CreatedAt], [UpdatedAt], [ViewCount]) VALUES (5, N'Tại sao nên chọn rau củ hữu cơ cho bữa ăn gia đình?', N'tai-sao-nen-chon-rau-cu-huu-co-cho-bua-an-gia-dinh', N'Khám phá những giá trị thực sự ẩn sau lớp vỏ mộc mạc của rau củ hữu cơ và cách chúng thay đổi sức khỏe của bạn từ bên trong.', N'<br><div><div class="prose prose-stone prose-lg max-w-none text-on-surface leading-relaxed font-body" style="--tw-border-spacing-x: 0; --tw-border-spacing-y: 0; --tw-translate-x: 0; --tw-translate-y: 0; --tw-rotate: 0; --tw-skew-x: 0; --tw-skew-y: 0; --tw-scale-x: 1; --tw-scale-y: 1; --tw-pan-x: ; --tw-pan-y: ; --tw-pinch-zoom: ; --tw-scroll-snap-strictness: proximity; --tw-gradient-from-position: ; --tw-gradient-via-position: ; --tw-gradient-to-position: ; --tw-ordinal: ; --tw-slashed-zero: ; --tw-numeric-figure: ; --tw-numeric-spacing: ; --tw-numeric-fraction: ; --tw-ring-inset: ; --tw-ring-offset-width: 0px; --tw-ring-offset-color: #fff; --tw-ring-color: rgb(59 130 246 / 0.5); --tw-ring-offset-shadow: 0 0 #0000; --tw-ring-shadow: 0 0 #0000; --tw-shadow: 0 0 #0000; --tw-shadow-colored: 0 0 #0000; --tw-blur: ; --tw-brightness: ; --tw-contrast: ; --tw-grayscale: ; --tw-hue-rotate: ; --tw-invert: ; --tw-saturate: ; --tw-sepia: ; --tw-drop-shadow: ; --tw-backdrop-blur: ; --tw-backdrop-brightness: ; --tw-backdrop-contrast: ; --tw-backdrop-grayscale: ; --tw-backdrop-hue-rotate: ; --tw-backdrop-invert: ; --tw-backdrop-opacity: ; --tw-backdrop-saturate: ; --tw-backdrop-sepia: ; --tw-contain-size: ; --tw-contain-layout: ; --tw-contain-paint: ; --tw-contain-style: ; border-width: 0px; border-style: solid; border-color: rgb(229, 231, 235); max-width: none; font-family: Manrope; line-height: 1.625; --tw-text-opacity: 1; color: rgb(26, 28, 28); font-weight: 400; background-color: rgb(250, 249, 248); cursor: crosshair !important;"><p class="text-xl text-on-surface-variant mb-10 leading-relaxed font-medium cursor-text" spellcheck="false" data-stitch-editable-idx="16" data-stitch-added-classes="cursor-text" style="--tw-border-spacing-x: 0; --tw-border-spacing-y: 0; --tw-translate-x: 0; --tw-translate-y: 0; --tw-rotate: 0; --tw-skew-x: 0; --tw-skew-y: 0; --tw-scale-x: 1; --tw-scale-y: 1; --tw-pan-x: ; --tw-pan-y: ; --tw-pinch-zoom: ; --tw-scroll-snap-strictness: proximity; --tw-gradient-from-position: ; --tw-gradient-via-position: ; --tw-gradient-to-position: ; --tw-ordinal: ; --tw-slashed-zero: ; --tw-numeric-figure: ; --tw-numeric-spacing: ; --tw-numeric-fraction: ; --tw-ring-inset: ; --tw-ring-offset-width: 0px; --tw-ring-offset-color: #fff; --tw-ring-color: rgb(59 130 246 / 0.5); --tw-ring-offset-shadow: 0 0 #0000; --tw-ring-shadow: 0 0 #0000; --tw-shadow: 0 0 #0000; --tw-shadow-colored: 0 0 #0000; --tw-blur: ; --tw-brightness: ; --tw-contrast: ; --tw-grayscale: ; --tw-hue-rotate: ; --tw-invert: ; --tw-saturate: ; --tw-sepia: ; --tw-drop-shadow: ; --tw-backdrop-blur: ; --tw-backdrop-brightness: ; --tw-backdrop-contrast: ; --tw-backdrop-grayscale: ; --tw-backdrop-hue-rotate: ; --tw-backdrop-invert: ; --tw-backdrop-opacity: ; --tw-backdrop-saturate: ; --tw-backdrop-sepia: ; --tw-contain-size: ; --tw-contain-layout: ; --tw-contain-paint: ; --tw-contain-style: ; border-width: 0px; border-style: solid; border-color: rgb(229, 231, 235); cursor: text; margin-top: 0px; margin-bottom: 2.5rem; font-size: 1.25rem; line-height: 1.625; --tw-text-opacity: 1; color: rgb(62, 74, 62);">Trong những năm gần đây, xu hướng sử dụng thực phẩm hữu cơ (organic) không chỉ là một trào lưu nhất thời mà đã trở thành một lựa chọn sống lành mạnh được nhiều gia đình Việt tin dùng. Nhưng điều gì thực sự khiến rau củ hữu cơ trở nên khác biệt?</p><h2 class="text-3xl font-bold text-primary mt-12 mb-6 cursor-text" spellcheck="false" data-stitch-editable-idx="17" data-stitch-added-classes="cursor-text" style="--tw-border-spacing-x: 0; --tw-border-spacing-y: 0; --tw-translate-x: 0; --tw-translate-y: 0; --tw-rotate: 0; --tw-skew-x: 0; --tw-skew-y: 0; --tw-scale-x: 1; --tw-scale-y: 1; --tw-pan-x: ; --tw-pan-y: ; --tw-pinch-zoom: ; --tw-scroll-snap-strictness: proximity; --tw-gradient-from-position: ; --tw-gradient-via-position: ; --tw-gradient-to-position: ; --tw-ordinal: ; --tw-slashed-zero: ; --tw-numeric-figure: ; --tw-numeric-spacing: ; --tw-numeric-fraction: ; --tw-ring-inset: ; --tw-ring-offset-width: 0px; --tw-ring-offset-color: #fff; --tw-ring-color: rgb(59 130 246 / 0.5); --tw-ring-offset-shadow: 0 0 #0000; --tw-ring-shadow: 0 0 #0000; --tw-shadow: 0 0 #0000; --tw-shadow-colored: 0 0 #0000; --tw-blur: ; --tw-brightness: ; --tw-contrast: ; --tw-grayscale: ; --tw-hue-rotate: ; --tw-invert: ; --tw-saturate: ; --tw-sepia: ; --tw-drop-shadow: ; --tw-backdrop-blur: ; --tw-backdrop-brightness: ; --tw-backdrop-contrast: ; --tw-backdrop-grayscale: ; --tw-backdrop-hue-rotate: ; --tw-backdrop-invert: ; --tw-backdrop-opacity: ; --tw-backdrop-saturate: ; --tw-backdrop-sepia: ; --tw-contain-size: ; --tw-contain-layout: ; --tw-contain-paint: ; --tw-contain-style: ; border-width: 0px; border-style: solid; border-color: rgb(229, 231, 235); cursor: text; font-family: &quot;Plus Jakarta Sans&quot;, sans-serif; font-size: 1.875rem; margin-top: 3rem; margin-bottom: 1.5rem; line-height: 2.25rem; --tw-text-opacity: 1; color: rgb(59, 105, 52);">1. Đảm bảo an toàn tuyệt đối cho sức khỏe</h2><p class="mb-6 cursor-text" spellcheck="false" data-stitch-editable-idx="18" data-stitch-added-classes="cursor-text" style="--tw-border-spacing-x: 0; --tw-border-spacing-y: 0; --tw-translate-x: 0; --tw-translate-y: 0; --tw-rotate: 0; --tw-skew-x: 0; --tw-skew-y: 0; --tw-scale-x: 1; --tw-scale-y: 1; --tw-pan-x: ; --tw-pan-y: ; --tw-pinch-zoom: ; --tw-scroll-snap-strictness: proximity; --tw-gradient-from-position: ; --tw-gradient-via-position: ; --tw-gradient-to-position: ; --tw-ordinal: ; --tw-slashed-zero: ; --tw-numeric-figure: ; --tw-numeric-spacing: ; --tw-numeric-fraction: ; --tw-ring-inset: ; --tw-ring-offset-width: 0px; --tw-ring-offset-color: #fff; --tw-ring-color: rgb(59 130 246 / 0.5); --tw-ring-offset-shadow: 0 0 #0000; --tw-ring-shadow: 0 0 #0000; --tw-shadow: 0 0 #0000; --tw-shadow-colored: 0 0 #0000; --tw-blur: ; --tw-brightness: ; --tw-contrast: ; --tw-grayscale: ; --tw-hue-rotate: ; --tw-invert: ; --tw-saturate: ; --tw-sepia: ; --tw-drop-shadow: ; --tw-backdrop-blur: ; --tw-backdrop-brightness: ; --tw-backdrop-contrast: ; --tw-backdrop-grayscale: ; --tw-backdrop-hue-rotate: ; --tw-backdrop-invert: ; --tw-backdrop-opacity: ; --tw-backdrop-saturate: ; --tw-backdrop-sepia: ; --tw-contain-size: ; --tw-contain-layout: ; --tw-contain-paint: ; --tw-contain-style: ; border-width: 0px; border-style: solid; border-color: rgb(229, 231, 235); cursor: text; margin-top: 0px; margin-bottom: 1.5rem;">Điểm khác biệt lớn nhất của rau củ hữu cơ chính là quy trình canh tác nghiêm ngặt. Không giống như rau canh tác thông thường, thực phẩm hữu cơ hoàn toàn không sử dụng thuốc trừ sâu hóa học, phân bón tổng hợp hay các sinh vật biến đổi gen (GMO).</p><div class="my-10 p-8 rounded-xl bg-surface-container-low border-l-4 border-primary italic text-on-surface-variant font-medium cursor-text" spellcheck="false" data-stitch-editable-idx="19" data-stitch-added-classes="cursor-text" style="--tw-border-spacing-x: 0; --tw-border-spacing-y: 0; --tw-translate-x: 0; --tw-translate-y: 0; --tw-rotate: 0; --tw-skew-x: 0; --tw-skew-y: 0; --tw-scale-x: 1; --tw-scale-y: 1; --tw-pan-x: ; --tw-pan-y: ; --tw-pinch-zoom: ; --tw-scroll-snap-strictness: proximity; --tw-gradient-from-position: ; --tw-gradient-via-position: ; --tw-gradient-to-position: ; --tw-ordinal: ; --tw-slashed-zero: ; --tw-numeric-figure: ; --tw-numeric-spacing: ; --tw-numeric-fraction: ; --tw-ring-inset: ; --tw-ring-offset-width: 0px; --tw-ring-offset-color: #fff; --tw-ring-color: rgb(59 130 246 / 0.5); --tw-ring-offset-shadow: 0 0 #0000; --tw-ring-shadow: 0 0 #0000; --tw-shadow: 0 0 #0000; --tw-shadow-colored: 0 0 #0000; --tw-blur: ; --tw-brightness: ; --tw-contrast: ; --tw-grayscale: ; --tw-hue-rotate: ; --tw-invert: ; --tw-saturate: ; --tw-sepia: ; --tw-drop-shadow: ; --tw-backdrop-blur: ; --tw-backdrop-brightness: ; --tw-backdrop-contrast: ; --tw-backdrop-grayscale: ; --tw-backdrop-hue-rotate: ; --tw-backdrop-invert: ; --tw-backdrop-opacity: ; --tw-backdrop-saturate: ; --tw-backdrop-sepia: ; --tw-contain-size: ; --tw-contain-layout: ; --tw-contain-paint: ; --tw-contain-style: ; border-width: 0px 0px 0px 4px; border-style: solid; border-color: rgb(59, 105, 52); cursor: text; margin-top: 2.5rem; margin-bottom: 2.5rem; border-radius: 0.75rem; --tw-border-opacity: 1; --tw-bg-opacity: 1; background-color: rgb(244, 243, 242); padding: 2rem; font-style: italic; --tw-text-opacity: 1; color: rgb(62, 74, 62);"><span class="material-symbols-outlined text-primary text-4xl mb-4 block" data-icon="format_quote" contenteditable="false" style="--tw-border-spacing-x: 0; --tw-border-spacing-y: 0; --tw-translate-x: 0; --tw-translate-y: 0; --tw-rotate: 0; --tw-skew-x: 0; --tw-skew-y: 0; --tw-scale-x: 1; --tw-scale-y: 1; --tw-pan-x: ; --tw-pan-y: ; --tw-pinch-zoom: ; --tw-scroll-snap-strictness: proximity; --tw-gradient-from-position: ; --tw-gradient-via-position: ; --tw-gradient-to-position: ; --tw-ordinal: ; --tw-slashed-zero: ; --tw-numeric-figure: ; --tw-numeric-spacing: ; --tw-numeric-fraction: ; --tw-ring-inset: ; --tw-ring-offset-width: 0px; --tw-ring-offset-color: #fff; --tw-ring-color: rgb(59 130 246 / 0.5); --tw-ring-offset-shadow: 0 0 #0000; --tw-ring-shadow: 0 0 #0000; --tw-shadow: 0 0 #0000; --tw-shadow-colored: 0 0 #0000; --tw-blur: ; --tw-brightness: ; --tw-contrast: ; --tw-grayscale: ; --tw-hue-rotate: ; --tw-invert: ; --tw-saturate: ; --tw-sepia: ; --tw-drop-shadow: ; --tw-backdrop-blur: ; --tw-backdrop-brightness: ; --tw-backdrop-contrast: ; --tw-backdrop-grayscale: ; --tw-backdrop-hue-rotate: ; --tw-backdrop-invert: ; --tw-backdrop-opacity: ; --tw-backdrop-saturate: ; --tw-backdrop-sepia: ; --tw-contain-size: ; --tw-contain-layout: ; --tw-contain-paint: ; --tw-contain-style: ; border-width: 0px; border-style: solid; border-color: rgb(229, 231, 235); font-family: &quot;Material Symbols Outlined&quot;; font-style: normal; font-size: 2.25rem; line-height: 2.5rem; display: block; text-wrap-mode: nowrap; overflow-wrap: normal; direction: ltr; font-feature-settings: &quot;liga&quot;; -webkit-font-smoothing: antialiased; font-variation-settings: &quot;FILL&quot; 0, &quot;wght&quot; 400, &quot;GRAD&quot; 0, &quot;opsz&quot; 24; margin-bottom: 1rem; --tw-text-opacity: 1; color: rgb(59, 105, 52); cursor: crosshair !important;">format_quote</span>"Sử dụng rau củ hữu cơ là cách đơn giản nhất để bạn bảo vệ gan và hệ tiêu hóa của các thành viên trong gia đình khỏi các dư lượng hóa chất độc hại tích tụ theo thời gian."</div><h3 class="text-2xl font-bold text-on-surface mt-10 mb-4 cursor-text" spellcheck="false" data-stitch-editable-idx="20" data-stitch-added-classes="cursor-text" style="--tw-border-spacing-x: 0; --tw-border-spacing-y: 0; --tw-translate-x: 0; --tw-translate-y: 0; --tw-rotate: 0; --tw-skew-x: 0; --tw-skew-y: 0; --tw-scale-x: 1; --tw-scale-y: 1; --tw-pan-x: ; --tw-pan-y: ; --tw-pinch-zoom: ; --tw-scroll-snap-strictness: proximity; --tw-gradient-from-position: ; --tw-gradient-via-position: ; --tw-gradient-to-position: ; --tw-ordinal: ; --tw-slashed-zero: ; --tw-numeric-figure: ; --tw-numeric-spacing: ; --tw-numeric-fraction: ; --tw-ring-inset: ; --tw-ring-offset-width: 0px; --tw-ring-offset-color: #fff; --tw-ring-color: rgb(59 130 246 / 0.5); --tw-ring-offset-shadow: 0 0 #0000; --tw-ring-shadow: 0 0 #0000; --tw-shadow: 0 0 #0000; --tw-shadow-colored: 0 0 #0000; --tw-blur: ; --tw-brightness: ; --tw-contrast: ; --tw-grayscale: ; --tw-hue-rotate: ; --tw-invert: ; --tw-saturate: ; --tw-sepia: ; --tw-drop-shadow: ; --tw-backdrop-blur: ; --tw-backdrop-brightness: ; --tw-backdrop-contrast: ; --tw-backdrop-grayscale: ; --tw-backdrop-hue-rotate: ; --tw-backdrop-invert: ; --tw-backdrop-opacity: ; --tw-backdrop-saturate: ; --tw-backdrop-sepia: ; --tw-contain-size: ; --tw-contain-layout: ; --tw-contain-paint: ; --tw-contain-style: ; border-width: 0px; border-style: solid; border-color: rgb(229, 231, 235); cursor: text; font-family: &quot;Plus Jakarta Sans&quot;, sans-serif; font-size: 1.5rem; margin-top: 2.5rem; margin-bottom: 1rem; line-height: 2rem; --tw-text-opacity: 1;">Hàm lượng dinh dưỡng vượt trội</h3><p class="mb-6 cursor-text" spellcheck="false" data-stitch-editable-idx="21" data-stitch-added-classes="cursor-text" style="--tw-border-spacing-x: 0; --tw-border-spacing-y: 0; --tw-translate-x: 0; --tw-translate-y: 0; --tw-rotate: 0; --tw-skew-x: 0; --tw-skew-y: 0; --tw-scale-x: 1; --tw-scale-y: 1; --tw-pan-x: ; --tw-pan-y: ; --tw-pinch-zoom: ; --tw-scroll-snap-strictness: proximity; --tw-gradient-from-position: ; --tw-gradient-via-position: ; --tw-gradient-to-position: ; --tw-ordinal: ; --tw-slashed-zero: ; --tw-numeric-figure: ; --tw-numeric-spacing: ; --tw-numeric-fraction: ; --tw-ring-inset: ; --tw-ring-offset-width: 0px; --tw-ring-offset-color: #fff; --tw-ring-color: rgb(59 130 246 / 0.5); --tw-ring-offset-shadow: 0 0 #0000; --tw-ring-shadow: 0 0 #0000; --tw-shadow: 0 0 #0000; --tw-shadow-colored: 0 0 #0000; --tw-blur: ; --tw-brightness: ; --tw-contrast: ; --tw-grayscale: ; --tw-hue-rotate: ; --tw-invert: ; --tw-saturate: ; --tw-sepia: ; --tw-drop-shadow: ; --tw-backdrop-blur: ; --tw-backdrop-brightness: ; --tw-backdrop-contrast: ; --tw-backdrop-grayscale: ; --tw-backdrop-hue-rotate: ; --tw-backdrop-invert: ; --tw-backdrop-opacity: ; --tw-backdrop-saturate: ; --tw-backdrop-sepia: ; --tw-contain-size: ; --tw-contain-layout: ; --tw-contain-paint: ; --tw-contain-style: ; border-width: 0px; border-style: solid; border-color: rgb(229, 231, 235); cursor: text; margin-top: 0px; margin-bottom: 1.5rem;">Nhiều nghiên cứu đã chỉ ra rằng rau củ hữu cơ chứa hàm lượng chất chống oxy hóa cao hơn từ 20-40% so với rau thông thường. Điều này là do cây trồng phải tự xây dựng hệ miễn dịch mạnh mẽ hơn để chống lại sâu bệnh trong môi trường tự nhiên.</p><div class="grid grid-cols-1 md:grid-cols-2 gap-8 my-12" style="--tw-border-spacing-x: 0; --tw-border-spacing-y: 0; --tw-translate-x: 0; --tw-translate-y: 0; --tw-rotate: 0; --tw-skew-x: 0; --tw-skew-y: 0; --tw-scale-x: 1; --tw-scale-y: 1; --tw-pan-x: ; --tw-pan-y: ; --tw-pinch-zoom: ; --tw-scroll-snap-strictness: proximity; --tw-gradient-from-position: ; --tw-gradient-via-position: ; --tw-gradient-to-position: ; --tw-ordinal: ; --tw-slashed-zero: ; --tw-numeric-figure: ; --tw-numeric-spacing: ; --tw-numeric-fraction: ; --tw-ring-inset: ; --tw-ring-offset-width: 0px; --tw-ring-offset-color: #fff; --tw-ring-color: rgb(59 130 246 / 0.5); --tw-ring-offset-shadow: 0 0 #0000; --tw-ring-shadow: 0 0 #0000; --tw-shadow: 0 0 #0000; --tw-shadow-colored: 0 0 #0000; --tw-blur: ; --tw-brightness: ; --tw-contrast: ; --tw-grayscale: ; --tw-hue-rotate: ; --tw-invert: ; --tw-saturate: ; --tw-sepia: ; --tw-drop-shadow: ; --tw-backdrop-blur: ; --tw-backdrop-brightness: ; --tw-backdrop-contrast: ; --tw-backdrop-grayscale: ; --tw-backdrop-hue-rotate: ; --tw-backdrop-invert: ; --tw-backdrop-opacity: ; --tw-backdrop-saturate: ; --tw-backdrop-sepia: ; --tw-contain-size: ; --tw-contain-layout: ; --tw-contain-paint: ; --tw-contain-style: ; border-width: 0px; border-style: solid; border-color: rgb(229, 231, 235); margin-top: 3rem; margin-bottom: 3rem; grid-template-columns: repeat(2, minmax(0px, 1fr)); gap: 2rem; cursor: crosshair !important;"><div class="rounded-xl overflow-hidden" style="--tw-border-spacing-x: 0; --tw-border-spacing-y: 0; --tw-translate-x: 0; --tw-translate-y: 0; --tw-rotate: 0; --tw-skew-x: 0; --tw-skew-y: 0; --tw-scale-x: 1; --tw-scale-y: 1; --tw-pan-x: ; --tw-pan-y: ; --tw-pinch-zoom: ; --tw-scroll-snap-strictness: proximity; --tw-gradient-from-position: ; --tw-gradient-via-position: ; --tw-gradient-to-position: ; --tw-ordinal: ; --tw-slashed-zero: ; --tw-numeric-figure: ; --tw-numeric-spacing: ; --tw-numeric-fraction: ; --tw-ring-inset: ; --tw-ring-offset-width: 0px; --tw-ring-offset-color: #fff; --tw-ring-color: rgb(59 130 246 / 0.5); --tw-ring-offset-shadow: 0 0 #0000; --tw-ring-shadow: 0 0 #0000; --tw-shadow: 0 0 #0000; --tw-shadow-colored: 0 0 #0000; --tw-blur: ; --tw-brightness: ; --tw-contrast: ; --tw-grayscale: ; --tw-hue-rotate: ; --tw-invert: ; --tw-saturate: ; --tw-sepia: ; --tw-drop-shadow: ; --tw-backdrop-blur: ; --tw-backdrop-brightness: ; --tw-backdrop-contrast: ; --tw-backdrop-grayscale: ; --tw-backdrop-hue-rotate: ; --tw-backdrop-invert: ; --tw-backdrop-opacity: ; --tw-backdrop-saturate: ; --tw-backdrop-sepia: ; --tw-contain-size: ; --tw-contain-layout: ; --tw-contain-paint: ; --tw-contain-style: ; border-width: 0px; border-style: solid; border-color: rgb(229, 231, 235); overflow: hidden; border-radius: 0.75rem; cursor: crosshair !important;"><img class="w-full h-64 object-cover" data-alt="close-up of vibrant red organic tomatoes on the vine with morning dew drops" src="https://lh3.googleusercontent.com/aida-public/AB6AXuBy_8pX2eD1X1Wfxlmc5TA3ZyDriEB_yuU1NBt4vz9VJWVxm_6augxFwpH_DBNVrkVW3c9PCHxv0PS2Z-Wbm0yB25DFaB3twJrfqvbAEAcblQ11Y23xnn3JpxwPEBVpNnwNJsIkDAHva7znsZO_-vylKZYWueMhQm2ekr1S-jC9utY-6v_IoSssG-_mEcfgsT_nP9S1Z8FY_CfanJ2KUSGAAw7SP0Pt50_gMkLABFkULFO4738k53dKfBec4gPTEpItyLZ-Xda80vM" data-stitch-swappable="2" data-stitch-swap-kind="img" tabindex="0" role="button" aria-label="Replace image" style="--tw-border-spacing-x: 0; --tw-border-spacing-y: 0; --tw-translate-x: 0; --tw-translate-y: 0; --tw-rotate: 0; --tw-skew-x: 0; --tw-skew-y: 0; --tw-scale-x: 1; --tw-scale-y: 1; --tw-pan-x: ; --tw-pan-y: ; --tw-pinch-zoom: ; --tw-scroll-snap-strictness: proximity; --tw-gradient-from-position: ; --tw-gradient-via-position: ; --tw-gradient-to-position: ; --tw-ordinal: ; --tw-slashed-zero: ; --tw-numeric-figure: ; --tw-numeric-spacing: ; --tw-numeric-fraction: ; --tw-ring-inset: ; --tw-ring-offset-width: 0px; --tw-ring-offset-color: #fff; --tw-ring-color: rgb(59 130 246 / 0.5); --tw-ring-offset-shadow: 0 0 #0000; --tw-ring-shadow: 0 0 #0000; --tw-shadow: 0 0 #0000; --tw-shadow-colored: 0 0 #0000; --tw-blur: ; --tw-brightness: ; --tw-contrast: ; --tw-grayscale: ; --tw-hue-rotate: ; --tw-invert: ; --tw-saturate: ; --tw-sepia: ; --tw-drop-shadow: ; --tw-backdrop-blur: ; --tw-backdrop-brightness: ; --tw-backdrop-contrast: ; --tw-backdrop-grayscale: ; --tw-backdrop-hue-rotate: ; --tw-backdrop-invert: ; --tw-backdrop-opacity: ; --tw-backdrop-saturate: ; --tw-backdrop-sepia: ; --tw-contain-size: ; --tw-contain-layout: ; --tw-contain-paint: ; --tw-contain-style: ; border-width: 0px; border-style: solid; border-color: rgb(229, 231, 235); cursor: pointer; vertical-align: middle; height: 16rem; width: 344px; object-fit: cover;"></div><div class="flex flex-col justify-center" style="--tw-border-spacing-x: 0; --tw-border-spacing-y: 0; --tw-translate-x: 0; --tw-translate-y: 0; --tw-rotate: 0; --tw-skew-x: 0; --tw-skew-y: 0; --tw-scale-x: 1; --tw-scale-y: 1; --tw-pan-x: ; --tw-pan-y: ; --tw-pinch-zoom: ; --tw-scroll-snap-strictness: proximity; --tw-gradient-from-position: ; --tw-gradient-via-position: ; --tw-gradient-to-position: ; --tw-ordinal: ; --tw-slashed-zero: ; --tw-numeric-figure: ; --tw-numeric-spacing: ; --tw-numeric-fraction: ; --tw-ring-inset: ; --tw-ring-offset-width: 0px; --tw-ring-offset-color: #fff; --tw-ring-color: rgb(59 130 246 / 0.5); --tw-ring-offset-shadow: 0 0 #0000; --tw-ring-shadow: 0 0 #0000; --tw-shadow: 0 0 #0000; --tw-shadow-colored: 0 0 #0000; --tw-blur: ; --tw-brightness: ; --tw-contrast: ; --tw-grayscale: ; --tw-hue-rotate: ; --tw-invert: ; --tw-saturate: ; --tw-sepia: ; --tw-drop-shadow: ; --tw-backdrop-blur: ; --tw-backdrop-brightness: ; --tw-backdrop-contrast: ; --tw-backdrop-grayscale: ; --tw-backdrop-hue-rotate: ; --tw-backdrop-invert: ; --tw-backdrop-opacity: ; --tw-backdrop-saturate: ; --tw-backdrop-sepia: ; --tw-contain-size: ; --tw-contain-layout: ; --tw-contain-paint: ; --tw-contain-style: ; border-width: 0px; border-style: solid; border-color: rgb(229, 231, 235); display: flex; flex-direction: column; justify-content: center; cursor: crosshair !important;"><h4 class="font-bold text-lg mb-2 cursor-text" spellcheck="false" data-stitch-editable-idx="22" data-stitch-added-classes="cursor-text" style="--tw-border-spacing-x: 0; --tw-border-spacing-y: 0; --tw-translate-x: 0; --tw-translate-y: 0; --tw-rotate: 0; --tw-skew-x: 0; --tw-skew-y: 0; --tw-scale-x: 1; --tw-scale-y: 1; --tw-pan-x: ; --tw-pan-y: ; --tw-pinch-zoom: ; --tw-scroll-snap-strictness: proximity; --tw-gradient-from-position: ; --tw-gradient-via-position: ; --tw-gradient-to-position: ; --tw-ordinal: ; --tw-slashed-zero: ; --tw-numeric-figure: ; --tw-numeric-spacing: ; --tw-numeric-fraction: ; --tw-ring-inset: ; --tw-ring-offset-width: 0px; --tw-ring-offset-color: #fff; --tw-ring-color: rgb(59 130 246 / 0.5); --tw-ring-offset-shadow: 0 0 #0000; --tw-ring-shadow: 0 0 #0000; --tw-shadow: 0 0 #0000; --tw-shadow-colored: 0 0 #0000; --tw-blur: ; --tw-brightness: ; --tw-contrast: ; --tw-grayscale: ; --tw-hue-rotate: ; --tw-invert: ; --tw-saturate: ; --tw-sepia: ; --tw-drop-shadow: ; --tw-backdrop-blur: ; --tw-backdrop-brightness: ; --tw-backdrop-contrast: ; --tw-backdrop-grayscale: ; --tw-backdrop-hue-rotate: ; --tw-backdrop-invert: ; --tw-backdrop-opacity: ; --tw-backdrop-saturate: ; --tw-backdrop-sepia: ; --tw-contain-size: ; --tw-contain-layout: ; --tw-contain-paint: ; --tw-contain-style: ; border-width: 0px; border-style: solid; border-color: rgb(229, 231, 235); cursor: text; font-size: 1.125rem; margin-bottom: 0.5rem; line-height: 1.75rem;">Hương vị nguyên bản</h4><p class="text-on-surface-variant text-sm leading-relaxed cursor-text" spellcheck="false" data-stitch-editable-idx="23" data-stitch-added-classes="cursor-text" style="--tw-border-spacing-x: 0; --tw-border-spacing-y: 0; --tw-translate-x: 0; --tw-translate-y: 0; --tw-rotate: 0; --tw-skew-x: 0; --tw-skew-y: 0; --tw-scale-x: 1; --tw-scale-y: 1; --tw-pan-x: ; --tw-pan-y: ; --tw-pinch-zoom: ; --tw-scroll-snap-strictness: proximity; --tw-gradient-from-position: ; --tw-gradient-via-position: ; --tw-gradient-to-position: ; --tw-ordinal: ; --tw-slashed-zero: ; --tw-numeric-figure: ; --tw-numeric-spacing: ; --tw-numeric-fraction: ; --tw-ring-inset: ; --tw-ring-offset-width: 0px; --tw-ring-offset-color: #fff; --tw-ring-color: rgb(59 130 246 / 0.5); --tw-ring-offset-shadow: 0 0 #0000; --tw-ring-shadow: 0 0 #0000; --tw-shadow: 0 0 #0000; --tw-shadow-colored: 0 0 #0000; --tw-blur: ; --tw-brightness: ; --tw-contrast: ; --tw-grayscale: ; --tw-hue-rotate: ; --tw-invert: ; --tw-saturate: ; --tw-sepia: ; --tw-drop-shadow: ; --tw-backdrop-blur: ; --tw-backdrop-brightness: ; --tw-backdrop-contrast: ; --tw-backdrop-grayscale: ; --tw-backdrop-hue-rotate: ; --tw-backdrop-invert: ; --tw-backdrop-opacity: ; --tw-backdrop-saturate: ; --tw-backdrop-sepia: ; --tw-contain-size: ; --tw-contain-layout: ; --tw-contain-paint: ; --tw-contain-style: ; border-width: 0px; border-style: solid; border-color: rgb(229, 231, 235); cursor: text; margin-top: 0px; margin-bottom: 0px; font-size: 0.875rem; line-height: 1.625; --tw-text-opacity: 1; color: rgb(62, 74, 62);">Khi không có sự can thiệp của các chất kích thích tăng trưởng, rau củ có thời gian tích lũy đường tự nhiên và khoáng chất, tạo nên hương vị đậm đà và độ giòn đặc trưng.</p></div></div><h2 class="text-3xl font-bold text-primary mt-12 mb-6 cursor-text" spellcheck="false" data-stitch-editable-idx="24" data-stitch-added-classes="cursor-text" style="--tw-border-spacing-x: 0; --tw-border-spacing-y: 0; --tw-translate-x: 0; --tw-translate-y: 0; --tw-rotate: 0; --tw-skew-x: 0; --tw-skew-y: 0; --tw-scale-x: 1; --tw-scale-y: 1; --tw-pan-x: ; --tw-pan-y: ; --tw-pinch-zoom: ; --tw-scroll-snap-strictness: proximity; --tw-gradient-from-position: ; --tw-gradient-via-position: ; --tw-gradient-to-position: ; --tw-ordinal: ; --tw-slashed-zero: ; --tw-numeric-figure: ; --tw-numeric-spacing: ; --tw-numeric-fraction: ; --tw-ring-inset: ; --tw-ring-offset-width: 0px; --tw-ring-offset-color: #fff; --tw-ring-color: rgb(59 130 246 / 0.5); --tw-ring-offset-shadow: 0 0 #0000; --tw-ring-shadow: 0 0 #0000; --tw-shadow: 0 0 #0000; --tw-shadow-colored: 0 0 #0000; --tw-blur: ; --tw-brightness: ; --tw-contrast: ; --tw-grayscale: ; --tw-hue-rotate: ; --tw-invert: ; --tw-saturate: ; --tw-sepia: ; --tw-drop-shadow: ; --tw-backdrop-blur: ; --tw-backdrop-brightness: ; --tw-backdrop-contrast: ; --tw-backdrop-grayscale: ; --tw-backdrop-hue-rotate: ; --tw-backdrop-invert: ; --tw-backdrop-opacity: ; --tw-backdrop-saturate: ; --tw-backdrop-sepia: ; --tw-contain-size: ; --tw-contain-layout: ; --tw-contain-paint: ; --tw-contain-style: ; border-width: 0px; border-style: solid; border-color: rgb(229, 231, 235); cursor: text; font-family: &quot;Plus Jakarta Sans&quot;, sans-serif; font-size: 1.875rem; margin-top: 3rem; margin-bottom: 1.5rem; line-height: 2.25rem; --tw-text-opacity: 1; color: rgb(59, 105, 52);">2. Góp phần bảo vệ môi trường bền vững</h2><p class="mb-6 cursor-text" spellcheck="false" data-stitch-editable-idx="25" data-stitch-added-classes="cursor-text" style="--tw-border-spacing-x: 0; --tw-border-spacing-y: 0; --tw-translate-x: 0; --tw-translate-y: 0; --tw-rotate: 0; --tw-skew-x: 0; --tw-skew-y: 0; --tw-scale-x: 1; --tw-scale-y: 1; --tw-pan-x: ; --tw-pan-y: ; --tw-pinch-zoom: ; --tw-scroll-snap-strictness: proximity; --tw-gradient-from-position: ; --tw-gradient-via-position: ; --tw-gradient-to-position: ; --tw-ordinal: ; --tw-slashed-zero: ; --tw-numeric-figure: ; --tw-numeric-spacing: ; --tw-numeric-fraction: ; --tw-ring-inset: ; --tw-ring-offset-width: 0px; --tw-ring-offset-color: #fff; --tw-ring-color: rgb(59 130 246 / 0.5); --tw-ring-offset-shadow: 0 0 #0000; --tw-ring-shadow: 0 0 #0000; --tw-shadow: 0 0 #0000; --tw-shadow-colored: 0 0 #0000; --tw-blur: ; --tw-brightness: ; --tw-contrast: ; --tw-grayscale: ; --tw-hue-rotate: ; --tw-invert: ; --tw-saturate: ; --tw-sepia: ; --tw-drop-shadow: ; --tw-backdrop-blur: ; --tw-backdrop-brightness: ; --tw-backdrop-contrast: ; --tw-backdrop-grayscale: ; --tw-backdrop-hue-rotate: ; --tw-backdrop-invert: ; --tw-backdrop-opacity: ; --tw-backdrop-saturate: ; --tw-backdrop-sepia: ; --tw-contain-size: ; --tw-contain-layout: ; --tw-contain-paint: ; --tw-contain-style: ; border-width: 0px; border-style: solid; border-color: rgb(229, 231, 235); cursor: text; margin-top: 0px; margin-bottom: 1.5rem;">Canh tác hữu cơ không chỉ tốt cho người ăn mà còn tốt cho Đất mẹ. Việc từ bỏ hóa chất giúp bảo vệ nguồn nước ngầm, duy trì độ phì nhiêu của đất và tạo điều kiện cho các loài vi sinh vật có lợi phát triển</p></div><div class="mt-16 pt-8 border-t border-outline-variant/20 flex flex-col md:flex-row items-center justify-between gap-6" style="--tw-border-spacing-x: 0; --tw-border-spacing-y: 0; --tw-translate-x: 0; --tw-translate-y: 0; --tw-rotate: 0; --tw-skew-x: 0; --tw-skew-y: 0; --tw-scale-x: 1; --tw-scale-y: 1; --tw-pan-x: ; --tw-pan-y: ; --tw-pinch-zoom: ; --tw-scroll-snap-strictness: proximity; --tw-gradient-from-position: ; --tw-gradient-via-position: ; --tw-gradient-to-position: ; --tw-ordinal: ; --tw-slashed-zero: ; --tw-numeric-figure: ; --tw-numeric-spacing: ; --tw-numeric-fraction: ; --tw-ring-inset: ; --tw-ring-offset-width: 0px; --tw-ring-offset-color: #fff; --tw-ring-color: rgb(59 130 246 / 0.5); --tw-ring-offset-shadow: 0 0 #0000; --tw-ring-shadow: 0 0 #0000; --tw-shadow: 0 0 #0000; --tw-shadow-colored: 0 0 #0000; --tw-blur: ; --tw-brightness: ; --tw-contrast: ; --tw-grayscale: ; --tw-hue-rotate: ; --tw-invert: ; --tw-saturate: ; --tw-sepia: ; --tw-drop-shadow: ; --tw-backdrop-blur: ; --tw-backdrop-brightness: ; --tw-backdrop-contrast: ; --tw-backdrop-grayscale: ; --tw-backdrop-hue-rotate: ; --tw-backdrop-invert: ; --tw-backdrop-opacity: ; --tw-backdrop-saturate: ; --tw-backdrop-sepia: ; --tw-contain-size: ; --tw-contain-layout: ; --tw-contain-paint: ; --tw-contain-style: ; border-width: 1px 0px 0px; border-style: solid; border-color: rgba(189, 202, 186, 0.2); margin-top: 4rem; display: flex; flex-direction: row; align-items: center; justify-content: space-between; gap: 1.5rem; padding-top: 2rem; color: rgb(26, 28, 28); font-family: Manrope, sans-serif; font-weight: 400; background-color: rgb(250, 249, 248); cursor: crosshair !important;"><div class="flex items-center space-x-4" style="--tw-border-spacing-x: 0; --tw-border-spacing-y: 0; --tw-translate-x: 0; --tw-translate-y: 0; --tw-rotate: 0; --tw-skew-x: 0; --tw-skew-y: 0; --tw-scale-x: 1; --tw-scale-y: 1; --tw-pan-x: ; --tw-pan-y: ; --tw-pinch-zoom: ; --tw-scroll-snap-strictness: proximity; --tw-gradient-from-position: ; --tw-gradient-via-position: ; --tw-gradient-to-position: ; --tw-ordinal: ; --tw-slashed-zero: ; --tw-numeric-figure: ; --tw-numeric-spacing: ; --tw-numeric-fraction: ; --tw-ring-inset: ; --tw-ring-offset-width: 0px; --tw-ring-offset-color: #fff; --tw-ring-color: rgb(59 130 246 / 0.5); --tw-ring-offset-shadow: 0 0 #0000; --tw-ring-shadow: 0 0 #0000; --tw-shadow: 0 0 #0000; --tw-shadow-colored: 0 0 #0000; --tw-blur: ; --tw-brightness: ; --tw-contrast: ; --tw-grayscale: ; --tw-hue-rotate: ; --tw-invert: ; --tw-saturate: ; --tw-sepia: ; --tw-drop-shadow: ; --tw-backdrop-blur: ; --tw-backdrop-brightness: ; --tw-backdrop-contrast: ; --tw-backdrop-grayscale: ; --tw-backdrop-hue-rotate: ; --tw-backdrop-invert: ; --tw-backdrop-opacity: ; --tw-backdrop-saturate: ; --tw-backdrop-sepia: ; --tw-contain-size: ; --tw-contain-layout: ; --tw-contain-paint: ; --tw-contain-style: ; border-width: 0px; border-style: solid; border-color: rgb(229, 231, 235); display: flex; align-items: center; cursor: crosshair !important;"><span class="text-sm font-bold uppercase tracking-wider text-on-surface-variant cursor-text" spellcheck="false" data-stitch-editable-idx="26" data-stitch-added-classes="cursor-text" style="--tw-border-spacing-x: 0; --tw-border-spacing-y: 0; --tw-translate-x: 0; --tw-translate-y: 0; --tw-rotate: 0; --tw-skew-x: 0; --tw-skew-y: 0; --tw-scale-x: 1; --tw-scale-y: 1; --tw-pan-x: ; --tw-pan-y: ; --tw-pinch-zoom: ; --tw-scroll-snap-strictness: proximity; --tw-gradient-from-position: ; --tw-gradient-via-position: ; --tw-gradient-to-position: ; --tw-ordinal: ; --tw-slashed-zero: ; --tw-numeric-figure: ; --tw-numeric-spacing: ; --tw-numeric-fraction: ; --tw-ring-inset: ; --tw-ring-offset-width: 0px; --tw-ring-offset-color: #fff; --tw-ring-color: rgb(59 130 246 / 0.5); --tw-ring-offset-shadow: 0 0 #0000; --tw-ring-shadow: 0 0 #0000; --tw-shadow: 0 0 #0000; --tw-shadow-colored: 0 0 #0000; --tw-blur: ; --tw-brightness: ; --tw-contrast: ; --tw-grayscale: ; --tw-hue-rotate: ; --tw-invert: ; --tw-saturate: ; --tw-sepia: ; --tw-drop-shadow: ; --tw-backdrop-blur: ; --tw-backdrop-brightness: ; --tw-backdrop-contrast: ; --tw-backdrop-grayscale: ; --tw-backdrop-hue-rotate: ; --tw-backdrop-invert: ; --tw-backdrop-opacity: ; --tw-backdrop-saturate: ; --tw-backdrop-sepia: ; --tw-contain-size: ; --tw-contain-layout: ; --tw-contain-paint: ; --tw-contain-style: ; border-width: 0px; border-style: solid; border-color: rgb(229, 231, 235); cursor: text; font-size: 0.875rem; line-height: 1.25rem; font-weight: 700; text-transform: uppercase; letter-spacing: 0.05em; --tw-text-opacity: 1; color: rgb(62, 74, 62);"></span><div class="flex space-x-2" style="--tw-border-spacing-x: 0; --tw-border-spacing-y: 0; --tw-translate-x: 0; --tw-translate-y: 0; --tw-rotate: 0; --tw-skew-x: 0; --tw-skew-y: 0; --tw-scale-x: 1; --tw-scale-y: 1; --tw-pan-x: ; --tw-pan-y: ; --tw-pinch-zoom: ; --tw-scroll-snap-strictness: proximity; --tw-gradient-from-position: ; --tw-gradient-via-position: ; --tw-gradient-to-position: ; --tw-ordinal: ; --tw-slashed-zero: ; --tw-numeric-figure: ; --tw-numeric-spacing: ; --tw-numeric-fraction: ; --tw-ring-inset: ; --tw-ring-offset-width: 0px; --tw-ring-offset-color: #fff; --tw-ring-color: rgb(59 130 246 / 0.5); --tw-ring-offset-shadow: 0 0 #0000; --tw-ring-shadow: 0 0 #0000; --tw-shadow: 0 0 #0000; --tw-shadow-colored: 0 0 #0000; --tw-blur: ; --tw-brightness: ; --tw-contrast: ; --tw-grayscale: ; --tw-hue-rotate: ; --tw-invert: ; --tw-saturate: ; --tw-sepia: ; --tw-drop-shadow: ; --tw-backdrop-blur: ; --tw-backdrop-brightness: ; --tw-backdrop-contrast: ; --tw-backdrop-grayscale: ; --tw-backdrop-hue-rotate: ; --tw-backdrop-invert: ; --tw-backdrop-opacity: ; --tw-backdrop-saturate: ; --tw-backdrop-sepia: ; --tw-contain-size: ; --tw-contain-layout: ; --tw-contain-paint: ; --tw-contain-style: ; border-width: 0px; border-style: solid; border-color: rgb(229, 231, 235); display: flex; --tw-space-x-reverse: 0; margin-left: 16px; cursor: crosshair !important;"><button class="w-10 h-10 rounded-full bg-surface-container-highest flex items-center justify-center hover:bg-primary hover:text-on-primary transition-all" style="--tw-border-spacing-x: 0; --tw-border-spacing-y: 0; --tw-translate-x: 0; --tw-translate-y: 0; --tw-rotate: 0; --tw-skew-x: 0; --tw-skew-y: 0; --tw-scale-x: 1; --tw-scale-y: 1; --tw-pan-x: ; --tw-pan-y: ; --tw-pinch-zoom: ; --tw-scroll-snap-strictness: proximity; --tw-gradient-from-position: ; --tw-gradient-via-position: ; --tw-gradient-to-position: ; --tw-ordinal: ; --tw-slashed-zero: ; --tw-numeric-figure: ; --tw-numeric-spacing: ; --tw-numeric-fraction: ; --tw-ring-inset: ; --tw-ring-offset-width: 0px; --tw-ring-offset-color: #fff; --tw-ring-color: rgb(59 130 246 / 0.5); --tw-ring-offset-shadow: 0 0 #0000; --tw-ring-shadow: 0 0 #0000; --tw-shadow: 0 0 #0000; --tw-shadow-colored: 0 0 #0000; --tw-blur: ; --tw-brightness: ; --tw-contrast: ; --tw-grayscale: ; --tw-hue-rotate: ; --tw-invert: ; --tw-saturate: ; --tw-sepia: ; --tw-drop-shadow: ; --tw-backdrop-blur: ; --tw-backdrop-brightness: ; --tw-backdrop-contrast: ; --tw-backdrop-grayscale: ; --tw-backdrop-hue-rotate: ; --tw-backdrop-invert: ; --tw-backdrop-opacity: ; --tw-backdrop-saturate: ; --tw-backdrop-sepia: ; --tw-contain-size: ; --tw-contain-layout: ; --tw-contain-paint: ; --tw-contain-style: ; border-width: 0px; border-style: solid; border-color: rgb(229, 231, 235); cursor: pointer; font-family: inherit; font-feature-settings: inherit; font-variation-settings: inherit; font-size: 16px; font-weight: inherit; line-height: inherit; letter-spacing: inherit; margin-left: 8px; appearance: button; background-color: rgb(227, 226, 225); background-image: none; display: flex; height: 2.5rem; width: 2.5rem; align-items: center; justify-content: center; border-radius: 9999px; --tw-bg-opacity: 1; transition-property: all; transition-timing-function: cubic-bezier(0.4, 0, 0.2, 1); transition-duration: 150ms; --tw-space-x-reverse: 0;"><span class="material-symbols-outlined text-lg" data-icon="link" contenteditable="false" style="--tw-border-spacing-x: 0; --tw-border-spacing-y: 0; --tw-translate-x: 0; --tw-translate-y: 0; --tw-rotate: 0; --tw-skew-x: 0; --tw-skew-y: 0; --tw-scale-x: 1; --tw-scale-y: 1; --tw-pan-x: ; --tw-pan-y: ; --tw-pinch-zoom: ; --tw-scroll-snap-strictness: proximity; --tw-gradient-from-position: ; --tw-gradient-via-position: ; --tw-gradient-to-position: ; --tw-ordinal: ; --tw-slashed-zero: ; --tw-numeric-figure: ; --tw-numeric-spacing: ; --tw-numeric-fraction: ; --tw-ring-inset: ; --tw-ring-offset-width: 0px; --tw-ring-offset-color: #fff; --tw-ring-color: rgb(59 130 246 / 0.5); --tw-ring-offset-shadow: 0 0 #0000; --tw-ring-shadow: 0 0 #0000; --tw-shadow: 0 0 #0000; --tw-shadow-colored: 0 0 #0000; --tw-blur: ; --tw-brightness: ; --tw-contrast: ; --tw-grayscale: ; --tw-hue-rotate: ; --tw-invert: ; --tw-saturate: ; --tw-sepia: ; --tw-drop-shadow: ; --tw-backdrop-blur: ; --tw-backdrop-brightness: ; --tw-backdrop-contrast: ; --tw-backdrop-grayscale: ; --tw-backdrop-hue-rotate: ; --tw-backdrop-invert: ; --tw-backdrop-opacity: ; --tw-backdrop-saturate: ; --tw-backdrop-sepia: ; --tw-contain-size: ; --tw-contain-layout: ; --tw-contain-paint: ; --tw-contain-style: ; border-width: 0px; border-style: solid; border-color: rgb(229, 231, 235); font-family: &quot;Material Symbols Outlined&quot;; font-size: 1.125rem; line-height: 1.75rem; display: inline-block; text-wrap-mode: nowrap; overflow-wrap: normal; direction: ltr; font-feature-settings: &quot;liga&quot;; -webkit-font-smoothing: antialiased; font-variation-settings: &quot;FILL&quot; 0, &quot;wght&quot; 400, &quot;GRAD&quot; 0, &quot;opsz&quot; 24; cursor: crosshair !important;">link</span></button></div></div></div></div>', N'/blog-covers/432466381f4c421d9111e07e1d21e5f3.png', 1, CAST(N'2026-04-08T22:42:00.0000000' AS DateTime2), CAST(N'2026-04-10T02:42:57.5520757' AS DateTime2), CAST(N'2026-04-10T03:07:42.7802064' AS DateTime2), 23)
INSERT [dbo].[BlogPosts] ([BlogPostID], [Title], [Slug], [Excerpt], [Content], [CoverImageUrl], [IsPublished], [PublishedAt], [CreatedAt], [UpdatedAt], [ViewCount]) VALUES (6, N'Công thức Salad giải nhiệt mùa hè từ nguyên liệu vườn nhà', N'cong-thuc-salad-giai-nhiet-mua-he-tu-nguyen-lieu-vuon-nha', N'Salad giải nhiệt mùa hè từ nguyên liệu vườn nhà là món ăn không chỉ dễ làm mà còn giàu vitamin, giúp thanh lọc cơ thể, bổ sung nước và mang lại cảm giác nhẹ nhàng, sảng khoái trong những ngày nắng nóng.', N'<aside class="md:w-1/3 order-2 md:order-1" style="--tw-border-spacing-x: 0; --tw-border-spacing-y: 0; --tw-translate-x: 0; --tw-translate-y: 0; --tw-rotate: 0; --tw-skew-x: 0; --tw-skew-y: 0; --tw-scale-x: 1; --tw-scale-y: 1; --tw-pan-x: ; --tw-pan-y: ; --tw-pinch-zoom: ; --tw-scroll-snap-strictness: proximity; --tw-gradient-from-position: ; --tw-gradient-via-position: ; --tw-gradient-to-position: ; --tw-ordinal: ; --tw-slashed-zero: ; --tw-numeric-figure: ; --tw-numeric-spacing: ; --tw-numeric-fraction: ; --tw-ring-inset: ; --tw-ring-offset-width: 0px; --tw-ring-offset-color: #fff; --tw-ring-color: rgb(59 130 246 / 0.5); --tw-ring-offset-shadow: 0 0 #0000; --tw-ring-shadow: 0 0 #0000; --tw-shadow: 0 0 #0000; --tw-shadow-colored: 0 0 #0000; --tw-blur: ; --tw-brightness: ; --tw-contrast: ; --tw-grayscale: ; --tw-hue-rotate: ; --tw-invert: ; --tw-saturate: ; --tw-sepia: ; --tw-drop-shadow: ; --tw-backdrop-blur: ; --tw-backdrop-brightness: ; --tw-backdrop-contrast: ; --tw-backdrop-grayscale: ; --tw-backdrop-hue-rotate: ; --tw-backdrop-invert: ; --tw-backdrop-opacity: ; --tw-backdrop-saturate: ; --tw-backdrop-sepia: ; --tw-contain-size: ; --tw-contain-layout: ; --tw-contain-paint: ; --tw-contain-style: ; border-width: 0px; border-style: solid; border-color: rgb(229, 231, 235); order: 1; width: 256px; color: rgb(26, 28, 28); font-family: Manrope, sans-serif; font-weight: 400; background-color: rgb(250, 249, 248);"><div class="sticky top-32 p-8 rounded-xl bg-surface-container-low" style="--tw-border-spacing-x: 0; --tw-border-spacing-y: 0; --tw-translate-x: 0; --tw-translate-y: 0; --tw-rotate: 0; --tw-skew-x: 0; --tw-skew-y: 0; --tw-scale-x: 1; --tw-scale-y: 1; --tw-pan-x: ; --tw-pan-y: ; --tw-pinch-zoom: ; --tw-scroll-snap-strictness: proximity; --tw-gradient-from-position: ; --tw-gradient-via-position: ; --tw-gradient-to-position: ; --tw-ordinal: ; --tw-slashed-zero: ; --tw-numeric-figure: ; --tw-numeric-spacing: ; --tw-numeric-fraction: ; --tw-ring-inset: ; --tw-ring-offset-width: 0px; --tw-ring-offset-color: #fff; --tw-ring-color: rgb(59 130 246 / 0.5); --tw-ring-offset-shadow: 0 0 #0000; --tw-ring-shadow: 0 0 #0000; --tw-shadow: 0 0 #0000; --tw-shadow-colored: 0 0 #0000; --tw-blur: ; --tw-brightness: ; --tw-contrast: ; --tw-grayscale: ; --tw-hue-rotate: ; --tw-invert: ; --tw-saturate: ; --tw-sepia: ; --tw-drop-shadow: ; --tw-backdrop-blur: ; --tw-backdrop-brightness: ; --tw-backdrop-contrast: ; --tw-backdrop-grayscale: ; --tw-backdrop-hue-rotate: ; --tw-backdrop-invert: ; --tw-backdrop-opacity: ; --tw-backdrop-saturate: ; --tw-backdrop-sepia: ; --tw-contain-size: ; --tw-contain-layout: ; --tw-contain-paint: ; --tw-contain-style: ; border-width: 0px; border-style: solid; border-color: rgb(229, 231, 235); position: sticky; top: 8rem; border-radius: 0.75rem; --tw-bg-opacity: 1; background-color: rgb(244, 243, 242); padding: 2rem;"><h3 class="text-xl font-bold text-primary mb-6 flex items-center gap-2" style="--tw-border-spacing-x: 0; --tw-border-spacing-y: 0; --tw-translate-x: 0; --tw-translate-y: 0; --tw-rotate: 0; --tw-skew-x: 0; --tw-skew-y: 0; --tw-scale-x: 1; --tw-scale-y: 1; --tw-pan-x: ; --tw-pan-y: ; --tw-pinch-zoom: ; --tw-scroll-snap-strictness: proximity; --tw-gradient-from-position: ; --tw-gradient-via-position: ; --tw-gradient-to-position: ; --tw-ordinal: ; --tw-slashed-zero: ; --tw-numeric-figure: ; --tw-numeric-spacing: ; --tw-numeric-fraction: ; --tw-ring-inset: ; --tw-ring-offset-width: 0px; --tw-ring-offset-color: #fff; --tw-ring-color: rgb(59 130 246 / 0.5); --tw-ring-offset-shadow: 0 0 #0000; --tw-ring-shadow: 0 0 #0000; --tw-shadow: 0 0 #0000; --tw-shadow-colored: 0 0 #0000; --tw-blur: ; --tw-brightness: ; --tw-contrast: ; --tw-grayscale: ; --tw-hue-rotate: ; --tw-invert: ; --tw-saturate: ; --tw-sepia: ; --tw-drop-shadow: ; --tw-backdrop-blur: ; --tw-backdrop-brightness: ; --tw-backdrop-contrast: ; --tw-backdrop-grayscale: ; --tw-backdrop-hue-rotate: ; --tw-backdrop-invert: ; --tw-backdrop-opacity: ; --tw-backdrop-saturate: ; --tw-backdrop-sepia: ; --tw-contain-size: ; --tw-contain-layout: ; --tw-contain-paint: ; --tw-contain-style: ; border-width: 0px; border-style: solid; border-color: rgb(229, 231, 235); font-family: &quot;Plus Jakarta Sans&quot;, sans-serif; font-size: 1.25rem; margin-bottom: 1.5rem; display: flex; align-items: center; gap: 0.5rem; line-height: 1.75rem; --tw-text-opacity: 1; color: rgb(59, 105, 52);"><span class="material-symbols-outlined" style="--tw-border-spacing-x: 0; --tw-border-spacing-y: 0; --tw-translate-x: 0; --tw-translate-y: 0; --tw-rotate: 0; --tw-skew-x: 0; --tw-skew-y: 0; --tw-scale-x: 1; --tw-scale-y: 1; --tw-pan-x: ; --tw-pan-y: ; --tw-pinch-zoom: ; --tw-scroll-snap-strictness: proximity; --tw-gradient-from-position: ; --tw-gradient-via-position: ; --tw-gradient-to-position: ; --tw-ordinal: ; --tw-slashed-zero: ; --tw-numeric-figure: ; --tw-numeric-spacing: ; --tw-numeric-fraction: ; --tw-ring-inset: ; --tw-ring-offset-width: 0px; --tw-ring-offset-color: #fff; --tw-ring-color: rgb(59 130 246 / 0.5); --tw-ring-offset-shadow: 0 0 #0000; --tw-ring-shadow: 0 0 #0000; --tw-shadow: 0 0 #0000; --tw-shadow-colored: 0 0 #0000; --tw-blur: ; --tw-brightness: ; --tw-contrast: ; --tw-grayscale: ; --tw-hue-rotate: ; --tw-invert: ; --tw-saturate: ; --tw-sepia: ; --tw-drop-shadow: ; --tw-backdrop-blur: ; --tw-backdrop-brightness: ; --tw-backdrop-contrast: ; --tw-backdrop-grayscale: ; --tw-backdrop-hue-rotate: ; --tw-backdrop-invert: ; --tw-backdrop-opacity: ; --tw-backdrop-saturate: ; --tw-backdrop-sepia: ; --tw-contain-size: ; --tw-contain-layout: ; --tw-contain-paint: ; --tw-contain-style: ; border-width: 0px; border-style: solid; border-color: rgb(229, 231, 235); font-family: &quot;Material Symbols Outlined&quot;; font-weight: normal; font-size: 24px; line-height: 1; letter-spacing: normal; display: inline-block; text-wrap-mode: nowrap; overflow-wrap: normal; direction: ltr; font-feature-settings: &quot;liga&quot;; -webkit-font-smoothing: antialiased; font-variation-settings: &quot;FILL&quot; 0, &quot;wght&quot; 400, &quot;GRAD&quot; 0, &quot;opsz&quot; 24;">eco</span>Nguyên liệu</h3><ul class="space-y-4 text-on-surface-variant" style="--tw-border-spacing-x: 0; --tw-border-spacing-y: 0; --tw-translate-x: 0; --tw-translate-y: 0; --tw-rotate: 0; --tw-skew-x: 0; --tw-skew-y: 0; --tw-scale-x: 1; --tw-scale-y: 1; --tw-pan-x: ; --tw-pan-y: ; --tw-pinch-zoom: ; --tw-scroll-snap-strictness: proximity; --tw-gradient-from-position: ; --tw-gradient-via-position: ; --tw-gradient-to-position: ; --tw-ordinal: ; --tw-slashed-zero: ; --tw-numeric-figure: ; --tw-numeric-spacing: ; --tw-numeric-fraction: ; --tw-ring-inset: ; --tw-ring-offset-width: 0px; --tw-ring-offset-color: #fff; --tw-ring-color: rgb(59 130 246 / 0.5); --tw-ring-offset-shadow: 0 0 #0000; --tw-ring-shadow: 0 0 #0000; --tw-shadow: 0 0 #0000; --tw-shadow-colored: 0 0 #0000; --tw-blur: ; --tw-brightness: ; --tw-contrast: ; --tw-grayscale: ; --tw-hue-rotate: ; --tw-invert: ; --tw-saturate: ; --tw-sepia: ; --tw-drop-shadow: ; --tw-backdrop-blur: ; --tw-backdrop-brightness: ; --tw-backdrop-contrast: ; --tw-backdrop-grayscale: ; --tw-backdrop-hue-rotate: ; --tw-backdrop-invert: ; --tw-backdrop-opacity: ; --tw-backdrop-saturate: ; --tw-backdrop-sepia: ; --tw-contain-size: ; --tw-contain-layout: ; --tw-contain-paint: ; --tw-contain-style: ; border-width: 0px; border-style: solid; border-color: rgb(229, 231, 235); list-style: none; --tw-text-opacity: 1; color: rgb(62, 74, 62);"><li class="flex justify-between border-b border-outline-variant/20 pb-2" style="--tw-border-spacing-x: 0; --tw-border-spacing-y: 0; --tw-translate-x: 0; --tw-translate-y: 0; --tw-rotate: 0; --tw-skew-x: 0; --tw-skew-y: 0; --tw-scale-x: 1; --tw-scale-y: 1; --tw-pan-x: ; --tw-pan-y: ; --tw-pinch-zoom: ; --tw-scroll-snap-strictness: proximity; --tw-gradient-from-position: ; --tw-gradient-via-position: ; --tw-gradient-to-position: ; --tw-ordinal: ; --tw-slashed-zero: ; --tw-numeric-figure: ; --tw-numeric-spacing: ; --tw-numeric-fraction: ; --tw-ring-inset: ; --tw-ring-offset-width: 0px; --tw-ring-offset-color: #fff; --tw-ring-color: rgb(59 130 246 / 0.5); --tw-ring-offset-shadow: 0 0 #0000; --tw-ring-shadow: 0 0 #0000; --tw-shadow: 0 0 #0000; --tw-shadow-colored: 0 0 #0000; --tw-blur: ; --tw-brightness: ; --tw-contrast: ; --tw-grayscale: ; --tw-hue-rotate: ; --tw-invert: ; --tw-saturate: ; --tw-sepia: ; --tw-drop-shadow: ; --tw-backdrop-blur: ; --tw-backdrop-brightness: ; --tw-backdrop-contrast: ; --tw-backdrop-grayscale: ; --tw-backdrop-hue-rotate: ; --tw-backdrop-invert: ; --tw-backdrop-opacity: ; --tw-backdrop-saturate: ; --tw-backdrop-sepia: ; --tw-contain-size: ; --tw-contain-layout: ; --tw-contain-paint: ; --tw-contain-style: ; border-width: 0px 0px 1px; border-style: solid; border-color: rgba(189, 202, 186, 0.2); display: flex; justify-content: space-between; padding-bottom: 0.5rem;"><span style="--tw-border-spacing-x: 0; --tw-border-spacing-y: 0; --tw-translate-x: 0; --tw-translate-y: 0; --tw-rotate: 0; --tw-skew-x: 0; --tw-skew-y: 0; --tw-scale-x: 1; --tw-scale-y: 1; --tw-pan-x: ; --tw-pan-y: ; --tw-pinch-zoom: ; --tw-scroll-snap-strictness: proximity; --tw-gradient-from-position: ; --tw-gradient-via-position: ; --tw-gradient-to-position: ; --tw-ordinal: ; --tw-slashed-zero: ; --tw-numeric-figure: ; --tw-numeric-spacing: ; --tw-numeric-fraction: ; --tw-ring-inset: ; --tw-ring-offset-width: 0px; --tw-ring-offset-color: #fff; --tw-ring-color: rgb(59 130 246 / 0.5); --tw-ring-offset-shadow: 0 0 #0000; --tw-ring-shadow: 0 0 #0000; --tw-shadow: 0 0 #0000; --tw-shadow-colored: 0 0 #0000; --tw-blur: ; --tw-brightness: ; --tw-contrast: ; --tw-grayscale: ; --tw-hue-rotate: ; --tw-invert: ; --tw-saturate: ; --tw-sepia: ; --tw-drop-shadow: ; --tw-backdrop-blur: ; --tw-backdrop-brightness: ; --tw-backdrop-contrast: ; --tw-backdrop-grayscale: ; --tw-backdrop-hue-rotate: ; --tw-backdrop-invert: ; --tw-backdrop-opacity: ; --tw-backdrop-saturate: ; --tw-backdrop-sepia: ; --tw-contain-size: ; --tw-contain-layout: ; --tw-contain-paint: ; --tw-contain-style: ; border-width: 0px; border-style: solid; border-color: rgb(229, 231, 235);">Xà lách thủy canh</span><span class="font-bold text-on-surface" style="--tw-border-spacing-x: 0; --tw-border-spacing-y: 0; --tw-translate-x: 0; --tw-translate-y: 0; --tw-rotate: 0; --tw-skew-x: 0; --tw-skew-y: 0; --tw-scale-x: 1; --tw-scale-y: 1; --tw-pan-x: ; --tw-pan-y: ; --tw-pinch-zoom: ; --tw-scroll-snap-strictness: proximity; --tw-gradient-from-position: ; --tw-gradient-via-position: ; --tw-gradient-to-position: ; --tw-ordinal: ; --tw-slashed-zero: ; --tw-numeric-figure: ; --tw-numeric-spacing: ; --tw-numeric-fraction: ; --tw-ring-inset: ; --tw-ring-offset-width: 0px; --tw-ring-offset-color: #fff; --tw-ring-color: rgb(59 130 246 / 0.5); --tw-ring-offset-shadow: 0 0 #0000; --tw-ring-shadow: 0 0 #0000; --tw-shadow: 0 0 #0000; --tw-shadow-colored: 0 0 #0000; --tw-blur: ; --tw-brightness: ; --tw-contrast: ; --tw-grayscale: ; --tw-hue-rotate: ; --tw-invert: ; --tw-saturate: ; --tw-sepia: ; --tw-drop-shadow: ; --tw-backdrop-blur: ; --tw-backdrop-brightness: ; --tw-backdrop-contrast: ; --tw-backdrop-grayscale: ; --tw-backdrop-hue-rotate: ; --tw-backdrop-invert: ; --tw-backdrop-opacity: ; --tw-backdrop-saturate: ; --tw-backdrop-sepia: ; --tw-contain-size: ; --tw-contain-layout: ; --tw-contain-paint: ; --tw-contain-style: ; border-width: 0px; border-style: solid; border-color: rgb(229, 231, 235); font-weight: 700; --tw-text-opacity: 1; color: rgb(26, 28, 28);">200g</span></li><li class="flex justify-between border-b border-outline-variant/20 pb-2" style="--tw-border-spacing-x: 0; --tw-border-spacing-y: 0; --tw-translate-x: 0; --tw-translate-y: 0; --tw-rotate: 0; --tw-skew-x: 0; --tw-skew-y: 0; --tw-scale-x: 1; --tw-scale-y: 1; --tw-pan-x: ; --tw-pan-y: ; --tw-pinch-zoom: ; --tw-scroll-snap-strictness: proximity; --tw-gradient-from-position: ; --tw-gradient-via-position: ; --tw-gradient-to-position: ; --tw-ordinal: ; --tw-slashed-zero: ; --tw-numeric-figure: ; --tw-numeric-spacing: ; --tw-numeric-fraction: ; --tw-ring-inset: ; --tw-ring-offset-width: 0px; --tw-ring-offset-color: #fff; --tw-ring-color: rgb(59 130 246 / 0.5); --tw-ring-offset-shadow: 0 0 #0000; --tw-ring-shadow: 0 0 #0000; --tw-shadow: 0 0 #0000; --tw-shadow-colored: 0 0 #0000; --tw-blur: ; --tw-brightness: ; --tw-contrast: ; --tw-grayscale: ; --tw-hue-rotate: ; --tw-invert: ; --tw-saturate: ; --tw-sepia: ; --tw-drop-shadow: ; --tw-backdrop-blur: ; --tw-backdrop-brightness: ; --tw-backdrop-contrast: ; --tw-backdrop-grayscale: ; --tw-backdrop-hue-rotate: ; --tw-backdrop-invert: ; --tw-backdrop-opacity: ; --tw-backdrop-saturate: ; --tw-backdrop-sepia: ; --tw-contain-size: ; --tw-contain-layout: ; --tw-contain-paint: ; --tw-contain-style: ; border-width: 0px 0px 1px; border-style: solid; border-color: rgba(189, 202, 186, 0.2); display: flex; justify-content: space-between; padding-bottom: 0.5rem; --tw-space-y-reverse: 0; margin-top: 16px;"><span style="--tw-border-spacing-x: 0; --tw-border-spacing-y: 0; --tw-translate-x: 0; --tw-translate-y: 0; --tw-rotate: 0; --tw-skew-x: 0; --tw-skew-y: 0; --tw-scale-x: 1; --tw-scale-y: 1; --tw-pan-x: ; --tw-pan-y: ; --tw-pinch-zoom: ; --tw-scroll-snap-strictness: proximity; --tw-gradient-from-position: ; --tw-gradient-via-position: ; --tw-gradient-to-position: ; --tw-ordinal: ; --tw-slashed-zero: ; --tw-numeric-figure: ; --tw-numeric-spacing: ; --tw-numeric-fraction: ; --tw-ring-inset: ; --tw-ring-offset-width: 0px; --tw-ring-offset-color: #fff; --tw-ring-color: rgb(59 130 246 / 0.5); --tw-ring-offset-shadow: 0 0 #0000; --tw-ring-shadow: 0 0 #0000; --tw-shadow: 0 0 #0000; --tw-shadow-colored: 0 0 #0000; --tw-blur: ; --tw-brightness: ; --tw-contrast: ; --tw-grayscale: ; --tw-hue-rotate: ; --tw-invert: ; --tw-saturate: ; --tw-sepia: ; --tw-drop-shadow: ; --tw-backdrop-blur: ; --tw-backdrop-brightness: ; --tw-backdrop-contrast: ; --tw-backdrop-grayscale: ; --tw-backdrop-hue-rotate: ; --tw-backdrop-invert: ; --tw-backdrop-opacity: ; --tw-backdrop-saturate: ; --tw-backdrop-sepia: ; --tw-contain-size: ; --tw-contain-layout: ; --tw-contain-paint: ; --tw-contain-style: ; border-width: 0px; border-style: solid; border-color: rgb(229, 231, 235);">Cà chua bi vườn</span><span class="font-bold text-on-surface" style="--tw-border-spacing-x: 0; --tw-border-spacing-y: 0; --tw-translate-x: 0; --tw-translate-y: 0; --tw-rotate: 0; --tw-skew-x: 0; --tw-skew-y: 0; --tw-scale-x: 1; --tw-scale-y: 1; --tw-pan-x: ; --tw-pan-y: ; --tw-pinch-zoom: ; --tw-scroll-snap-strictness: proximity; --tw-gradient-from-position: ; --tw-gradient-via-position: ; --tw-gradient-to-position: ; --tw-ordinal: ; --tw-slashed-zero: ; --tw-numeric-figure: ; --tw-numeric-spacing: ; --tw-numeric-fraction: ; --tw-ring-inset: ; --tw-ring-offset-width: 0px; --tw-ring-offset-color: #fff; --tw-ring-color: rgb(59 130 246 / 0.5); --tw-ring-offset-shadow: 0 0 #0000; --tw-ring-shadow: 0 0 #0000; --tw-shadow: 0 0 #0000; --tw-shadow-colored: 0 0 #0000; --tw-blur: ; --tw-brightness: ; --tw-contrast: ; --tw-grayscale: ; --tw-hue-rotate: ; --tw-invert: ; --tw-saturate: ; --tw-sepia: ; --tw-drop-shadow: ; --tw-backdrop-blur: ; --tw-backdrop-brightness: ; --tw-backdrop-contrast: ; --tw-backdrop-grayscale: ; --tw-backdrop-hue-rotate: ; --tw-backdrop-invert: ; --tw-backdrop-opacity: ; --tw-backdrop-saturate: ; --tw-backdrop-sepia: ; --tw-contain-size: ; --tw-contain-layout: ; --tw-contain-paint: ; --tw-contain-style: ; border-width: 0px; border-style: solid; border-color: rgb(229, 231, 235); font-weight: 700; --tw-text-opacity: 1; color: rgb(26, 28, 28);">100g</span></li><li class="flex justify-between border-b border-outline-variant/20 pb-2" style="--tw-border-spacing-x: 0; --tw-border-spacing-y: 0; --tw-translate-x: 0; --tw-translate-y: 0; --tw-rotate: 0; --tw-skew-x: 0; --tw-skew-y: 0; --tw-scale-x: 1; --tw-scale-y: 1; --tw-pan-x: ; --tw-pan-y: ; --tw-pinch-zoom: ; --tw-scroll-snap-strictness: proximity; --tw-gradient-from-position: ; --tw-gradient-via-position: ; --tw-gradient-to-position: ; --tw-ordinal: ; --tw-slashed-zero: ; --tw-numeric-figure: ; --tw-numeric-spacing: ; --tw-numeric-fraction: ; --tw-ring-inset: ; --tw-ring-offset-width: 0px; --tw-ring-offset-color: #fff; --tw-ring-color: rgb(59 130 246 / 0.5); --tw-ring-offset-shadow: 0 0 #0000; --tw-ring-shadow: 0 0 #0000; --tw-shadow: 0 0 #0000; --tw-shadow-colored: 0 0 #0000; --tw-blur: ; --tw-brightness: ; --tw-contrast: ; --tw-grayscale: ; --tw-hue-rotate: ; --tw-invert: ; --tw-saturate: ; --tw-sepia: ; --tw-drop-shadow: ; --tw-backdrop-blur: ; --tw-backdrop-brightness: ; --tw-backdrop-contrast: ; --tw-backdrop-grayscale: ; --tw-backdrop-hue-rotate: ; --tw-backdrop-invert: ; --tw-backdrop-opacity: ; --tw-backdrop-saturate: ; --tw-backdrop-sepia: ; --tw-contain-size: ; --tw-contain-layout: ; --tw-contain-paint: ; --tw-contain-style: ; border-width: 0px 0px 1px; border-style: solid; border-color: rgba(189, 202, 186, 0.2); display: flex; justify-content: space-between; padding-bottom: 0.5rem; --tw-space-y-reverse: 0; margin-top: 16px;"><span style="--tw-border-spacing-x: 0; --tw-border-spacing-y: 0; --tw-translate-x: 0; --tw-translate-y: 0; --tw-rotate: 0; --tw-skew-x: 0; --tw-skew-y: 0; --tw-scale-x: 1; --tw-scale-y: 1; --tw-pan-x: ; --tw-pan-y: ; --tw-pinch-zoom: ; --tw-scroll-snap-strictness: proximity; --tw-gradient-from-position: ; --tw-gradient-via-position: ; --tw-gradient-to-position: ; --tw-ordinal: ; --tw-slashed-zero: ; --tw-numeric-figure: ; --tw-numeric-spacing: ; --tw-numeric-fraction: ; --tw-ring-inset: ; --tw-ring-offset-width: 0px; --tw-ring-offset-color: #fff; --tw-ring-color: rgb(59 130 246 / 0.5); --tw-ring-offset-shadow: 0 0 #0000; --tw-ring-shadow: 0 0 #0000; --tw-shadow: 0 0 #0000; --tw-shadow-colored: 0 0 #0000; --tw-blur: ; --tw-brightness: ; --tw-contrast: ; --tw-grayscale: ; --tw-hue-rotate: ; --tw-invert: ; --tw-saturate: ; --tw-sepia: ; --tw-drop-shadow: ; --tw-backdrop-blur: ; --tw-backdrop-brightness: ; --tw-backdrop-contrast: ; --tw-backdrop-grayscale: ; --tw-backdrop-hue-rotate: ; --tw-backdrop-invert: ; --tw-backdrop-opacity: ; --tw-backdrop-saturate: ; --tw-backdrop-sepia: ; --tw-contain-size: ; --tw-contain-layout: ; --tw-contain-paint: ; --tw-contain-style: ; border-width: 0px; border-style: solid; border-color: rgb(229, 231, 235);">Dưa chuột baby</span><span class="font-bold text-on-surface" style="--tw-border-spacing-x: 0; --tw-border-spacing-y: 0; --tw-translate-x: 0; --tw-translate-y: 0; --tw-rotate: 0; --tw-skew-x: 0; --tw-skew-y: 0; --tw-scale-x: 1; --tw-scale-y: 1; --tw-pan-x: ; --tw-pan-y: ; --tw-pinch-zoom: ; --tw-scroll-snap-strictness: proximity; --tw-gradient-from-position: ; --tw-gradient-via-position: ; --tw-gradient-to-position: ; --tw-ordinal: ; --tw-slashed-zero: ; --tw-numeric-figure: ; --tw-numeric-spacing: ; --tw-numeric-fraction: ; --tw-ring-inset: ; --tw-ring-offset-width: 0px; --tw-ring-offset-color: #fff; --tw-ring-color: rgb(59 130 246 / 0.5); --tw-ring-offset-shadow: 0 0 #0000; --tw-ring-shadow: 0 0 #0000; --tw-shadow: 0 0 #0000; --tw-shadow-colored: 0 0 #0000; --tw-blur: ; --tw-brightness: ; --tw-contrast: ; --tw-grayscale: ; --tw-hue-rotate: ; --tw-invert: ; --tw-saturate: ; --tw-sepia: ; --tw-drop-shadow: ; --tw-backdrop-blur: ; --tw-backdrop-brightness: ; --tw-backdrop-contrast: ; --tw-backdrop-grayscale: ; --tw-backdrop-hue-rotate: ; --tw-backdrop-invert: ; --tw-backdrop-opacity: ; --tw-backdrop-saturate: ; --tw-backdrop-sepia: ; --tw-contain-size: ; --tw-contain-layout: ; --tw-contain-paint: ; --tw-contain-style: ; border-width: 0px; border-style: solid; border-color: rgb(229, 231, 235); font-weight: 700; --tw-text-opacity: 1; color: rgb(26, 28, 28);">2 quả</span></li><li class="flex justify-between border-b border-outline-variant/20 pb-2" style="--tw-border-spacing-x: 0; --tw-border-spacing-y: 0; --tw-translate-x: 0; --tw-translate-y: 0; --tw-rotate: 0; --tw-skew-x: 0; --tw-skew-y: 0; --tw-scale-x: 1; --tw-scale-y: 1; --tw-pan-x: ; --tw-pan-y: ; --tw-pinch-zoom: ; --tw-scroll-snap-strictness: proximity; --tw-gradient-from-position: ; --tw-gradient-via-position: ; --tw-gradient-to-position: ; --tw-ordinal: ; --tw-slashed-zero: ; --tw-numeric-figure: ; --tw-numeric-spacing: ; --tw-numeric-fraction: ; --tw-ring-inset: ; --tw-ring-offset-width: 0px; --tw-ring-offset-color: #fff; --tw-ring-color: rgb(59 130 246 / 0.5); --tw-ring-offset-shadow: 0 0 #0000; --tw-ring-shadow: 0 0 #0000; --tw-shadow: 0 0 #0000; --tw-shadow-colored: 0 0 #0000; --tw-blur: ; --tw-brightness: ; --tw-contrast: ; --tw-grayscale: ; --tw-hue-rotate: ; --tw-invert: ; --tw-saturate: ; --tw-sepia: ; --tw-drop-shadow: ; --tw-backdrop-blur: ; --tw-backdrop-brightness: ; --tw-backdrop-contrast: ; --tw-backdrop-grayscale: ; --tw-backdrop-hue-rotate: ; --tw-backdrop-invert: ; --tw-backdrop-opacity: ; --tw-backdrop-saturate: ; --tw-backdrop-sepia: ; --tw-contain-size: ; --tw-contain-layout: ; --tw-contain-paint: ; --tw-contain-style: ; border-width: 0px 0px 1px; border-style: solid; border-color: rgba(189, 202, 186, 0.2); display: flex; justify-content: space-between; padding-bottom: 0.5rem; --tw-space-y-reverse: 0; margin-top: 16px;"><span style="--tw-border-spacing-x: 0; --tw-border-spacing-y: 0; --tw-translate-x: 0; --tw-translate-y: 0; --tw-rotate: 0; --tw-skew-x: 0; --tw-skew-y: 0; --tw-scale-x: 1; --tw-scale-y: 1; --tw-pan-x: ; --tw-pan-y: ; --tw-pinch-zoom: ; --tw-scroll-snap-strictness: proximity; --tw-gradient-from-position: ; --tw-gradient-via-position: ; --tw-gradient-to-position: ; --tw-ordinal: ; --tw-slashed-zero: ; --tw-numeric-figure: ; --tw-numeric-spacing: ; --tw-numeric-fraction: ; --tw-ring-inset: ; --tw-ring-offset-width: 0px; --tw-ring-offset-color: #fff; --tw-ring-color: rgb(59 130 246 / 0.5); --tw-ring-offset-shadow: 0 0 #0000; --tw-ring-shadow: 0 0 #0000; --tw-shadow: 0 0 #0000; --tw-shadow-colored: 0 0 #0000; --tw-blur: ; --tw-brightness: ; --tw-contrast: ; --tw-grayscale: ; --tw-hue-rotate: ; --tw-invert: ; --tw-saturate: ; --tw-sepia: ; --tw-drop-shadow: ; --tw-backdrop-blur: ; --tw-backdrop-brightness: ; --tw-backdrop-contrast: ; --tw-backdrop-grayscale: ; --tw-backdrop-hue-rotate: ; --tw-backdrop-invert: ; --tw-backdrop-opacity: ; --tw-backdrop-saturate: ; --tw-backdrop-sepia: ; --tw-contain-size: ; --tw-contain-layout: ; --tw-contain-paint: ; --tw-contain-style: ; border-width: 0px; border-style: solid; border-color: rgb(229, 231, 235);">Dầu olive Extra Virgin</span><span class="font-bold text-on-surface" style="--tw-border-spacing-x: 0; --tw-border-spacing-y: 0; --tw-translate-x: 0; --tw-translate-y: 0; --tw-rotate: 0; --tw-skew-x: 0; --tw-skew-y: 0; --tw-scale-x: 1; --tw-scale-y: 1; --tw-pan-x: ; --tw-pan-y: ; --tw-pinch-zoom: ; --tw-scroll-snap-strictness: proximity; --tw-gradient-from-position: ; --tw-gradient-via-position: ; --tw-gradient-to-position: ; --tw-ordinal: ; --tw-slashed-zero: ; --tw-numeric-figure: ; --tw-numeric-spacing: ; --tw-numeric-fraction: ; --tw-ring-inset: ; --tw-ring-offset-width: 0px; --tw-ring-offset-color: #fff; --tw-ring-color: rgb(59 130 246 / 0.5); --tw-ring-offset-shadow: 0 0 #0000; --tw-ring-shadow: 0 0 #0000; --tw-shadow: 0 0 #0000; --tw-shadow-colored: 0 0 #0000; --tw-blur: ; --tw-brightness: ; --tw-contrast: ; --tw-grayscale: ; --tw-hue-rotate: ; --tw-invert: ; --tw-saturate: ; --tw-sepia: ; --tw-drop-shadow: ; --tw-backdrop-blur: ; --tw-backdrop-brightness: ; --tw-backdrop-contrast: ; --tw-backdrop-grayscale: ; --tw-backdrop-hue-rotate: ; --tw-backdrop-invert: ; --tw-backdrop-opacity: ; --tw-backdrop-saturate: ; --tw-backdrop-sepia: ; --tw-contain-size: ; --tw-contain-layout: ; --tw-contain-paint: ; --tw-contain-style: ; border-width: 0px; border-style: solid; border-color: rgb(229, 231, 235); font-weight: 700; --tw-text-opacity: 1; color: rgb(26, 28, 28);">2 tbsp</span></li><li class="flex justify-between border-b border-outline-variant/20 pb-2" style="--tw-border-spacing-x: 0; --tw-border-spacing-y: 0; --tw-translate-x: 0; --tw-translate-y: 0; --tw-rotate: 0; --tw-skew-x: 0; --tw-skew-y: 0; --tw-scale-x: 1; --tw-scale-y: 1; --tw-pan-x: ; --tw-pan-y: ; --tw-pinch-zoom: ; --tw-scroll-snap-strictness: proximity; --tw-gradient-from-position: ; --tw-gradient-via-position: ; --tw-gradient-to-position: ; --tw-ordinal: ; --tw-slashed-zero: ; --tw-numeric-figure: ; --tw-numeric-spacing: ; --tw-numeric-fraction: ; --tw-ring-inset: ; --tw-ring-offset-width: 0px; --tw-ring-offset-color: #fff; --tw-ring-color: rgb(59 130 246 / 0.5); --tw-ring-offset-shadow: 0 0 #0000; --tw-ring-shadow: 0 0 #0000; --tw-shadow: 0 0 #0000; --tw-shadow-colored: 0 0 #0000; --tw-blur: ; --tw-brightness: ; --tw-contrast: ; --tw-grayscale: ; --tw-hue-rotate: ; --tw-invert: ; --tw-saturate: ; --tw-sepia: ; --tw-drop-shadow: ; --tw-backdrop-blur: ; --tw-backdrop-brightness: ; --tw-backdrop-contrast: ; --tw-backdrop-grayscale: ; --tw-backdrop-hue-rotate: ; --tw-backdrop-invert: ; --tw-backdrop-opacity: ; --tw-backdrop-saturate: ; --tw-backdrop-sepia: ; --tw-contain-size: ; --tw-contain-layout: ; --tw-contain-paint: ; --tw-contain-style: ; border-width: 0px 0px 1px; border-style: solid; border-color: rgba(189, 202, 186, 0.2); display: flex; justify-content: space-between; padding-bottom: 0.5rem; --tw-space-y-reverse: 0; margin-top: 16px;"><span style="--tw-border-spacing-x: 0; --tw-border-spacing-y: 0; --tw-translate-x: 0; --tw-translate-y: 0; --tw-rotate: 0; --tw-skew-x: 0; --tw-skew-y: 0; --tw-scale-x: 1; --tw-scale-y: 1; --tw-pan-x: ; --tw-pan-y: ; --tw-pinch-zoom: ; --tw-scroll-snap-strictness: proximity; --tw-gradient-from-position: ; --tw-gradient-via-position: ; --tw-gradient-to-position: ; --tw-ordinal: ; --tw-slashed-zero: ; --tw-numeric-figure: ; --tw-numeric-spacing: ; --tw-numeric-fraction: ; --tw-ring-inset: ; --tw-ring-offset-width: 0px; --tw-ring-offset-color: #fff; --tw-ring-color: rgb(59 130 246 / 0.5); --tw-ring-offset-shadow: 0 0 #0000; --tw-ring-shadow: 0 0 #0000; --tw-shadow: 0 0 #0000; --tw-shadow-colored: 0 0 #0000; --tw-blur: ; --tw-brightness: ; --tw-contrast: ; --tw-grayscale: ; --tw-hue-rotate: ; --tw-invert: ; --tw-saturate: ; --tw-sepia: ; --tw-drop-shadow: ; --tw-backdrop-blur: ; --tw-backdrop-brightness: ; --tw-backdrop-contrast: ; --tw-backdrop-grayscale: ; --tw-backdrop-hue-rotate: ; --tw-backdrop-invert: ; --tw-backdrop-opacity: ; --tw-backdrop-saturate: ; --tw-backdrop-sepia: ; --tw-contain-size: ; --tw-contain-layout: ; --tw-contain-paint: ; --tw-contain-style: ; border-width: 0px; border-style: solid; border-color: rgb(229, 231, 235);">Mật ong hoa rừng</span><span class="font-bold text-on-surface" style="--tw-border-spacing-x: 0; --tw-border-spacing-y: 0; --tw-translate-x: 0; --tw-translate-y: 0; --tw-rotate: 0; --tw-skew-x: 0; --tw-skew-y: 0; --tw-scale-x: 1; --tw-scale-y: 1; --tw-pan-x: ; --tw-pan-y: ; --tw-pinch-zoom: ; --tw-scroll-snap-strictness: proximity; --tw-gradient-from-position: ; --tw-gradient-via-position: ; --tw-gradient-to-position: ; --tw-ordinal: ; --tw-slashed-zero: ; --tw-numeric-figure: ; --tw-numeric-spacing: ; --tw-numeric-fraction: ; --tw-ring-inset: ; --tw-ring-offset-width: 0px; --tw-ring-offset-color: #fff; --tw-ring-color: rgb(59 130 246 / 0.5); --tw-ring-offset-shadow: 0 0 #0000; --tw-ring-shadow: 0 0 #0000; --tw-shadow: 0 0 #0000; --tw-shadow-colored: 0 0 #0000; --tw-blur: ; --tw-brightness: ; --tw-contrast: ; --tw-grayscale: ; --tw-hue-rotate: ; --tw-invert: ; --tw-saturate: ; --tw-sepia: ; --tw-drop-shadow: ; --tw-backdrop-blur: ; --tw-backdrop-brightness: ; --tw-backdrop-contrast: ; --tw-backdrop-grayscale: ; --tw-backdrop-hue-rotate: ; --tw-backdrop-invert: ; --tw-backdrop-opacity: ; --tw-backdrop-saturate: ; --tw-backdrop-sepia: ; --tw-contain-size: ; --tw-contain-layout: ; --tw-contain-paint: ; --tw-contain-style: ; border-width: 0px; border-style: solid; border-color: rgb(229, 231, 235); font-weight: 700; --tw-text-opacity: 1; color: rgb(26, 28, 28);">1 tsp</span></li><li class="flex justify-between border-b border-outline-variant/20 pb-2" style="--tw-border-spacing-x: 0; --tw-border-spacing-y: 0; --tw-translate-x: 0; --tw-translate-y: 0; --tw-rotate: 0; --tw-skew-x: 0; --tw-skew-y: 0; --tw-scale-x: 1; --tw-scale-y: 1; --tw-pan-x: ; --tw-pan-y: ; --tw-pinch-zoom: ; --tw-scroll-snap-strictness: proximity; --tw-gradient-from-position: ; --tw-gradient-via-position: ; --tw-gradient-to-position: ; --tw-ordinal: ; --tw-slashed-zero: ; --tw-numeric-figure: ; --tw-numeric-spacing: ; --tw-numeric-fraction: ; --tw-ring-inset: ; --tw-ring-offset-width: 0px; --tw-ring-offset-color: #fff; --tw-ring-color: rgb(59 130 246 / 0.5); --tw-ring-offset-shadow: 0 0 #0000; --tw-ring-shadow: 0 0 #0000; --tw-shadow: 0 0 #0000; --tw-shadow-colored: 0 0 #0000; --tw-blur: ; --tw-brightness: ; --tw-contrast: ; --tw-grayscale: ; --tw-hue-rotate: ; --tw-invert: ; --tw-saturate: ; --tw-sepia: ; --tw-drop-shadow: ; --tw-backdrop-blur: ; --tw-backdrop-brightness: ; --tw-backdrop-contrast: ; --tw-backdrop-grayscale: ; --tw-backdrop-hue-rotate: ; --tw-backdrop-invert: ; --tw-backdrop-opacity: ; --tw-backdrop-saturate: ; --tw-backdrop-sepia: ; --tw-contain-size: ; --tw-contain-layout: ; --tw-contain-paint: ; --tw-contain-style: ; border-width: 0px 0px 1px; border-style: solid; border-color: rgba(189, 202, 186, 0.2); display: flex; justify-content: space-between; padding-bottom: 0.5rem; --tw-space-y-reverse: 0; margin-top: 16px;"><span style="--tw-border-spacing-x: 0; --tw-border-spacing-y: 0; --tw-translate-x: 0; --tw-translate-y: 0; --tw-rotate: 0; --tw-skew-x: 0; --tw-skew-y: 0; --tw-scale-x: 1; --tw-scale-y: 1; --tw-pan-x: ; --tw-pan-y: ; --tw-pinch-zoom: ; --tw-scroll-snap-strictness: proximity; --tw-gradient-from-position: ; --tw-gradient-via-position: ; --tw-gradient-to-position: ; --tw-ordinal: ; --tw-slashed-zero: ; --tw-numeric-figure: ; --tw-numeric-spacing: ; --tw-numeric-fraction: ; --tw-ring-inset: ; --tw-ring-offset-width: 0px; --tw-ring-offset-color: #fff; --tw-ring-color: rgb(59 130 246 / 0.5); --tw-ring-offset-shadow: 0 0 #0000; --tw-ring-shadow: 0 0 #0000; --tw-shadow: 0 0 #0000; --tw-shadow-colored: 0 0 #0000; --tw-blur: ; --tw-brightness: ; --tw-contrast: ; --tw-grayscale: ; --tw-hue-rotate: ; --tw-invert: ; --tw-saturate: ; --tw-sepia: ; --tw-drop-shadow: ; --tw-backdrop-blur: ; --tw-backdrop-brightness: ; --tw-backdrop-contrast: ; --tw-backdrop-grayscale: ; --tw-backdrop-hue-rotate: ; --tw-backdrop-invert: ; --tw-backdrop-opacity: ; --tw-backdrop-saturate: ; --tw-backdrop-sepia: ; --tw-contain-size: ; --tw-contain-layout: ; --tw-contain-paint: ; --tw-contain-style: ; border-width: 0px; border-style: solid; border-color: rgb(229, 231, 235);">Hạt chia hữu cơ</span><span class="font-bold text-on-surface" style="--tw-border-spacing-x: 0; --tw-border-spacing-y: 0; --tw-translate-x: 0; --tw-translate-y: 0; --tw-rotate: 0; --tw-skew-x: 0; --tw-skew-y: 0; --tw-scale-x: 1; --tw-scale-y: 1; --tw-pan-x: ; --tw-pan-y: ; --tw-pinch-zoom: ; --tw-scroll-snap-strictness: proximity; --tw-gradient-from-position: ; --tw-gradient-via-position: ; --tw-gradient-to-position: ; --tw-ordinal: ; --tw-slashed-zero: ; --tw-numeric-figure: ; --tw-numeric-spacing: ; --tw-numeric-fraction: ; --tw-ring-inset: ; --tw-ring-offset-width: 0px; --tw-ring-offset-color: #fff; --tw-ring-color: rgb(59 130 246 / 0.5); --tw-ring-offset-shadow: 0 0 #0000; --tw-ring-shadow: 0 0 #0000; --tw-shadow: 0 0 #0000; --tw-shadow-colored: 0 0 #0000; --tw-blur: ; --tw-brightness: ; --tw-contrast: ; --tw-grayscale: ; --tw-hue-rotate: ; --tw-invert: ; --tw-saturate: ; --tw-sepia: ; --tw-drop-shadow: ; --tw-backdrop-blur: ; --tw-backdrop-brightness: ; --tw-backdrop-contrast: ; --tw-backdrop-grayscale: ; --tw-backdrop-hue-rotate: ; --tw-backdrop-invert: ; --tw-backdrop-opacity: ; --tw-backdrop-saturate: ; --tw-backdrop-sepia: ; --tw-contain-size: ; --tw-contain-layout: ; --tw-contain-paint: ; --tw-contain-style: ; border-width: 0px; border-style: solid; border-color: rgb(229, 231, 235); font-weight: 700; --tw-text-opacity: 1; color: rgb(26, 28, 28);">1 tbsp</span></li></ul><button class="mt-8 w-full py-4 bg-primary text-on-primary rounded-md font-bold text-sm tracking-wide hover:opacity-90 transition-all flex items-center justify-center gap-2" style="--tw-border-spacing-x: 0; --tw-border-spacing-y: 0; --tw-translate-x: 0; --tw-translate-y: 0; --tw-rotate: 0; --tw-skew-x: 0; --tw-skew-y: 0; --tw-scale-x: 1; --tw-scale-y: 1; --tw-pan-x: ; --tw-pan-y: ; --tw-pinch-zoom: ; --tw-scroll-snap-strictness: proximity; --tw-gradient-from-position: ; --tw-gradient-via-position: ; --tw-gradient-to-position: ; --tw-ordinal: ; --tw-slashed-zero: ; --tw-numeric-figure: ; --tw-numeric-spacing: ; --tw-numeric-fraction: ; --tw-ring-inset: ; --tw-ring-offset-width: 0px; --tw-ring-offset-color: #fff; --tw-ring-color: rgb(59 130 246 / 0.5); --tw-ring-offset-shadow: 0 0 #0000; --tw-ring-shadow: 0 0 #0000; --tw-shadow: 0 0 #0000; --tw-shadow-colored: 0 0 #0000; --tw-blur: ; --tw-brightness: ; --tw-contrast: ; --tw-grayscale: ; --tw-hue-rotate: ; --tw-invert: ; --tw-saturate: ; --tw-sepia: ; --tw-drop-shadow: ; --tw-backdrop-blur: ; --tw-backdrop-brightness: ; --tw-backdrop-contrast: ; --tw-backdrop-grayscale: ; --tw-backdrop-hue-rotate: ; --tw-backdrop-invert: ; --tw-backdrop-opacity: ; --tw-backdrop-saturate: ; --tw-backdrop-sepia: ; --tw-contain-size: ; --tw-contain-layout: ; --tw-contain-paint: ; --tw-contain-style: ; border-width: 0px; border-style: solid; border-color: rgb(229, 231, 235); font-family: inherit; font-feature-settings: inherit; font-variation-settings: inherit; font-size: 0.875rem; font-weight: 700; line-height: 1.25rem; letter-spacing: 0.025em; color: rgb(255, 255, 255); margin-top: 2rem; padding-top: 1rem; padding-bottom: 1rem; appearance: button; background-color: rgb(59, 105, 52); background-image: none; cursor: pointer; display: flex; width: 192px; align-items: center; justify-content: center; gap: 0.5rem; border-radius: 0.375rem; --tw-bg-opacity: 1; --tw-text-opacity: 1; transition-property: all; transition-timing-function: cubic-bezier(0.4, 0, 0.2, 1); transition-duration: 150ms;"><span class="material-symbols-outlined text-lg" style="--tw-border-spacing-x: 0; --tw-border-spacing-y: 0; --tw-translate-x: 0; --tw-translate-y: 0; --tw-rotate: 0; --tw-skew-x: 0; --tw-skew-y: 0; --tw-scale-x: 1; --tw-scale-y: 1; --tw-pan-x: ; --tw-pan-y: ; --tw-pinch-zoom: ; --tw-scroll-snap-strictness: proximity; --tw-gradient-from-position: ; --tw-gradient-via-position: ; --tw-gradient-to-position: ; --tw-ordinal: ; --tw-slashed-zero: ; --tw-numeric-figure: ; --tw-numeric-spacing: ; --tw-numeric-fraction: ; --tw-ring-inset: ; --tw-ring-offset-width: 0px; --tw-ring-offset-color: #fff; --tw-ring-color: rgb(59 130 246 / 0.5); --tw-ring-offset-shadow: 0 0 #0000; --tw-ring-shadow: 0 0 #0000; --tw-shadow: 0 0 #0000; --tw-shadow-colored: 0 0 #0000; --tw-blur: ; --tw-brightness: ; --tw-contrast: ; --tw-grayscale: ; --tw-hue-rotate: ; --tw-invert: ; --tw-saturate: ; --tw-sepia: ; --tw-drop-shadow: ; --tw-backdrop-blur: ; --tw-backdrop-brightness: ; --tw-backdrop-contrast: ; --tw-backdrop-grayscale: ; --tw-backdrop-hue-rotate: ; --tw-backdrop-invert: ; --tw-backdrop-opacity: ; --tw-backdrop-saturate: ; --tw-backdrop-sepia: ; --tw-contain-size: ; --tw-contain-layout: ; --tw-contain-paint: ; --tw-contain-style: ; border-width: 0px; border-style: solid; border-color: rgb(229, 231, 235); font-family: &quot;Material Symbols Outlined&quot;; font-weight: normal; font-size: 1.125rem; line-height: 1.75rem; letter-spacing: normal; display: inline-block; text-wrap-mode: nowrap; overflow-wrap: normal; direction: ltr; font-feature-settings: &quot;liga&quot;; -webkit-font-smoothing: antialiased; font-variation-settings: &quot;FILL&quot; 0, &quot;wght&quot; 400, &quot;GRAD&quot; 0, &quot;opsz&quot; 24;">shopping_cart</span>Mua tất cả nguyên liệu</button></div></aside><div class="md:w-2/3 order-1 md:order-2 space-y-12" style="--tw-border-spacing-x: 0; --tw-border-spacing-y: 0; --tw-translate-x: 0; --tw-translate-y: 0; --tw-rotate: 0; --tw-skew-x: 0; --tw-skew-y: 0; --tw-scale-x: 1; --tw-scale-y: 1; --tw-pan-x: ; --tw-pan-y: ; --tw-pinch-zoom: ; --tw-scroll-snap-strictness: proximity; --tw-gradient-from-position: ; --tw-gradient-via-position: ; --tw-gradient-to-position: ; --tw-ordinal: ; --tw-slashed-zero: ; --tw-numeric-figure: ; --tw-numeric-spacing: ; --tw-numeric-fraction: ; --tw-ring-inset: ; --tw-ring-offset-width: 0px; --tw-ring-offset-color: #fff; --tw-ring-color: rgb(59 130 246 / 0.5); --tw-ring-offset-shadow: 0 0 #0000; --tw-ring-shadow: 0 0 #0000; --tw-shadow: 0 0 #0000; --tw-shadow-colored: 0 0 #0000; --tw-blur: ; --tw-brightness: ; --tw-contrast: ; --tw-grayscale: ; --tw-hue-rotate: ; --tw-invert: ; --tw-saturate: ; --tw-sepia: ; --tw-drop-shadow: ; --tw-backdrop-blur: ; --tw-backdrop-brightness: ; --tw-backdrop-contrast: ; --tw-backdrop-grayscale: ; --tw-backdrop-hue-rotate: ; --tw-backdrop-invert: ; --tw-backdrop-opacity: ; --tw-backdrop-saturate: ; --tw-backdrop-sepia: ; --tw-contain-size: ; --tw-contain-layout: ; --tw-contain-paint: ; --tw-contain-style: ; border-width: 0px; border-style: solid; border-color: rgb(229, 231, 235); order: 2; width: 512px; color: rgb(26, 28, 28); font-family: Manrope, sans-serif; font-weight: 400; background-color: rgb(250, 249, 248);"><div class="space-y-6" style="--tw-border-spacing-x: 0; --tw-border-spacing-y: 0; --tw-translate-x: 0; --tw-translate-y: 0; --tw-rotate: 0; --tw-skew-x: 0; --tw-skew-y: 0; --tw-scale-x: 1; --tw-scale-y: 1; --tw-pan-x: ; --tw-pan-y: ; --tw-pinch-zoom: ; --tw-scroll-snap-strictness: proximity; --tw-gradient-from-position: ; --tw-gradient-via-position: ; --tw-gradient-to-position: ; --tw-ordinal: ; --tw-slashed-zero: ; --tw-numeric-figure: ; --tw-numeric-spacing: ; --tw-numeric-fraction: ; --tw-ring-inset: ; --tw-ring-offset-width: 0px; --tw-ring-offset-color: #fff; --tw-ring-color: rgb(59 130 246 / 0.5); --tw-ring-offset-shadow: 0 0 #0000; --tw-ring-shadow: 0 0 #0000; --tw-shadow: 0 0 #0000; --tw-shadow-colored: 0 0 #0000; --tw-blur: ; --tw-brightness: ; --tw-contrast: ; --tw-grayscale: ; --tw-hue-rotate: ; --tw-invert: ; --tw-saturate: ; --tw-sepia: ; --tw-drop-shadow: ; --tw-backdrop-blur: ; --tw-backdrop-brightness: ; --tw-backdrop-contrast: ; --tw-backdrop-grayscale: ; --tw-backdrop-hue-rotate: ; --tw-backdrop-invert: ; --tw-backdrop-opacity: ; --tw-backdrop-saturate: ; --tw-backdrop-sepia: ; --tw-contain-size: ; --tw-contain-layout: ; --tw-contain-paint: ; --tw-contain-style: ; border-width: 0px; border-style: solid; border-color: rgb(229, 231, 235);"><p class="text-xl leading-relaxed text-on-surface-variant italic" style="--tw-border-spacing-x: 0; --tw-border-spacing-y: 0; --tw-translate-x: 0; --tw-translate-y: 0; --tw-rotate: 0; --tw-skew-x: 0; --tw-skew-y: 0; --tw-scale-x: 1; --tw-scale-y: 1; --tw-pan-x: ; --tw-pan-y: ; --tw-pinch-zoom: ; --tw-scroll-snap-strictness: proximity; --tw-gradient-from-position: ; --tw-gradient-via-position: ; --tw-gradient-to-position: ; --tw-ordinal: ; --tw-slashed-zero: ; --tw-numeric-figure: ; --tw-numeric-spacing: ; --tw-numeric-fraction: ; --tw-ring-inset: ; --tw-ring-offset-width: 0px; --tw-ring-offset-color: #fff; --tw-ring-color: rgb(59 130 246 / 0.5); --tw-ring-offset-shadow: 0 0 #0000; --tw-ring-shadow: 0 0 #0000; --tw-shadow: 0 0 #0000; --tw-shadow-colored: 0 0 #0000; --tw-blur: ; --tw-brightness: ; --tw-contrast: ; --tw-grayscale: ; --tw-hue-rotate: ; --tw-invert: ; --tw-saturate: ; --tw-sepia: ; --tw-drop-shadow: ; --tw-backdrop-blur: ; --tw-backdrop-brightness: ; --tw-backdrop-contrast: ; --tw-backdrop-grayscale: ; --tw-backdrop-hue-rotate: ; --tw-backdrop-invert: ; --tw-backdrop-opacity: ; --tw-backdrop-saturate: ; --tw-backdrop-sepia: ; --tw-contain-size: ; --tw-contain-layout: ; --tw-contain-paint: ; --tw-contain-style: ; border-width: 0px; border-style: solid; border-color: rgb(229, 231, 235); margin-top: 0px; margin-bottom: 0px; font-size: 1.25rem; line-height: 1.625; font-style: italic; --tw-text-opacity: 1; color: rgb(62, 74, 62);">"Không gì tuyệt vời hơn việc thu hoạch những lá xà lách mọng nước và cà chua ngọt lịm ngay từ vườn nhà để chuẩn bị một bữa trưa mát lành cho gia đình vào những ngày hè oi ả."</p><p class="text-lg leading-relaxed text-on-surface" style="--tw-border-spacing-x: 0; --tw-border-spacing-y: 0; --tw-translate-x: 0; --tw-translate-y: 0; --tw-rotate: 0; --tw-skew-x: 0; --tw-skew-y: 0; --tw-scale-x: 1; --tw-scale-y: 1; --tw-pan-x: ; --tw-pan-y: ; --tw-pinch-zoom: ; --tw-scroll-snap-strictness: proximity; --tw-gradient-from-position: ; --tw-gradient-via-position: ; --tw-gradient-to-position: ; --tw-ordinal: ; --tw-slashed-zero: ; --tw-numeric-figure: ; --tw-numeric-spacing: ; --tw-numeric-fraction: ; --tw-ring-inset: ; --tw-ring-offset-width: 0px; --tw-ring-offset-color: #fff; --tw-ring-color: rgb(59 130 246 / 0.5); --tw-ring-offset-shadow: 0 0 #0000; --tw-ring-shadow: 0 0 #0000; --tw-shadow: 0 0 #0000; --tw-shadow-colored: 0 0 #0000; --tw-blur: ; --tw-brightness: ; --tw-contrast: ; --tw-grayscale: ; --tw-hue-rotate: ; --tw-invert: ; --tw-saturate: ; --tw-sepia: ; --tw-drop-shadow: ; --tw-backdrop-blur: ; --tw-backdrop-brightness: ; --tw-backdrop-contrast: ; --tw-backdrop-grayscale: ; --tw-backdrop-hue-rotate: ; --tw-backdrop-invert: ; --tw-backdrop-opacity: ; --tw-backdrop-saturate: ; --tw-backdrop-sepia: ; --tw-contain-size: ; --tw-contain-layout: ; --tw-contain-paint: ; --tw-contain-style: ; border-width: 0px; border-style: solid; border-color: rgb(229, 231, 235); margin-top: 24px; margin-bottom: 0px; font-size: 1.125rem; line-height: 1.625; --tw-text-opacity: 1; --tw-space-y-reverse: 0;">Món salad này không chỉ đơn giản là một món ăn, nó là sự kết tinh của ánh nắng và sự chăm sóc. Hãy cùng FreshFood thực hiện món ăn tràn đầy năng lượng này chỉ trong vài bước đơn giản.</p></div><div class="space-y-8" style="--tw-border-spacing-x: 0; --tw-border-spacing-y: 0; --tw-translate-x: 0; --tw-translate-y: 0; --tw-rotate: 0; --tw-skew-x: 0; --tw-skew-y: 0; --tw-scale-x: 1; --tw-scale-y: 1; --tw-pan-x: ; --tw-pan-y: ; --tw-pinch-zoom: ; --tw-scroll-snap-strictness: proximity; --tw-gradient-from-position: ; --tw-gradient-via-position: ; --tw-gradient-to-position: ; --tw-ordinal: ; --tw-slashed-zero: ; --tw-numeric-figure: ; --tw-numeric-spacing: ; --tw-numeric-fraction: ; --tw-ring-inset: ; --tw-ring-offset-width: 0px; --tw-ring-offset-color: #fff; --tw-ring-color: rgb(59 130 246 / 0.5); --tw-ring-offset-shadow: 0 0 #0000; --tw-ring-shadow: 0 0 #0000; --tw-shadow: 0 0 #0000; --tw-shadow-colored: 0 0 #0000; --tw-blur: ; --tw-brightness: ; --tw-contrast: ; --tw-grayscale: ; --tw-hue-rotate: ; --tw-invert: ; --tw-saturate: ; --tw-sepia: ; --tw-drop-shadow: ; --tw-backdrop-blur: ; --tw-backdrop-brightness: ; --tw-backdrop-contrast: ; --tw-backdrop-grayscale: ; --tw-backdrop-hue-rotate: ; --tw-backdrop-invert: ; --tw-backdrop-opacity: ; --tw-backdrop-saturate: ; --tw-backdrop-sepia: ; --tw-contain-size: ; --tw-contain-layout: ; --tw-contain-paint: ; --tw-contain-style: ; border-width: 0px; border-style: solid; border-color: rgb(229, 231, 235); --tw-space-y-reverse: 0; margin-top: 48px;"><h2 class="text-3xl font-bold text-on-surface tracking-tight" style="--tw-border-spacing-x: 0; --tw-border-spacing-y: 0; --tw-translate-x: 0; --tw-translate-y: 0; --tw-rotate: 0; --tw-skew-x: 0; --tw-skew-y: 0; --tw-scale-x: 1; --tw-scale-y: 1; --tw-pan-x: ; --tw-pan-y: ; --tw-pinch-zoom: ; --tw-scroll-snap-strictness: proximity; --tw-gradient-from-position: ; --tw-gradient-via-position: ; --tw-gradient-to-position: ; --tw-ordinal: ; --tw-slashed-zero: ; --tw-numeric-figure: ; --tw-numeric-spacing: ; --tw-numeric-fraction: ; --tw-ring-inset: ; --tw-ring-offset-width: 0px; --tw-ring-offset-color: #fff; --tw-ring-color: rgb(59 130 246 / 0.5); --tw-ring-offset-shadow: 0 0 #0000; --tw-ring-shadow: 0 0 #0000; --tw-shadow: 0 0 #0000; --tw-shadow-colored: 0 0 #0000; --tw-blur: ; --tw-brightness: ; --tw-contrast: ; --tw-grayscale: ; --tw-hue-rotate: ; --tw-invert: ; --tw-saturate: ; --tw-sepia: ; --tw-drop-shadow: ; --tw-backdrop-blur: ; --tw-backdrop-brightness: ; --tw-backdrop-contrast: ; --tw-backdrop-grayscale: ; --tw-backdrop-hue-rotate: ; --tw-backdrop-invert: ; --tw-backdrop-opacity: ; --tw-backdrop-saturate: ; --tw-backdrop-sepia: ; --tw-contain-size: ; --tw-contain-layout: ; --tw-contain-paint: ; --tw-contain-style: ; border-width: 0px; border-style: solid; border-color: rgb(229, 231, 235); font-family: &quot;Plus Jakarta Sans&quot;, sans-serif; font-size: 1.875rem; line-height: 2.25rem; letter-spacing: -0.025em; --tw-text-opacity: 1;">Các bước thực hiện</h2><div class="flex gap-6 group" style="--tw-border-spacing-x: 0; --tw-border-spacing-y: 0; --tw-translate-x: 0; --tw-translate-y: 0; --tw-rotate: 0; --tw-skew-x: 0; --tw-skew-y: 0; --tw-scale-x: 1; --tw-scale-y: 1; --tw-pan-x: ; --tw-pan-y: ; --tw-pinch-zoom: ; --tw-scroll-snap-strictness: proximity; --tw-gradient-from-position: ; --tw-gradient-via-position: ; --tw-gradient-to-position: ; --tw-ordinal: ; --tw-slashed-zero: ; --tw-numeric-figure: ; --tw-numeric-spacing: ; --tw-numeric-fraction: ; --tw-ring-inset: ; --tw-ring-offset-width: 0px; --tw-ring-offset-color: #fff; --tw-ring-color: rgb(59 130 246 / 0.5); --tw-ring-offset-shadow: 0 0 #0000; --tw-ring-shadow: 0 0 #0000; --tw-shadow: 0 0 #0000; --tw-shadow-colored: 0 0 #0000; --tw-blur: ; --tw-brightness: ; --tw-contrast: ; --tw-grayscale: ; --tw-hue-rotate: ; --tw-invert: ; --tw-saturate: ; --tw-sepia: ; --tw-drop-shadow: ; --tw-backdrop-blur: ; --tw-backdrop-brightness: ; --tw-backdrop-contrast: ; --tw-backdrop-grayscale: ; --tw-backdrop-hue-rotate: ; --tw-backdrop-invert: ; --tw-backdrop-opacity: ; --tw-backdrop-saturate: ; --tw-backdrop-sepia: ; --tw-contain-size: ; --tw-contain-layout: ; --tw-contain-paint: ; --tw-contain-style: ; border-width: 0px; border-style: solid; border-color: rgb(229, 231, 235); display: flex; gap: 1.5rem; --tw-space-y-reverse: 0; margin-top: 32px;"><span class="flex-shrink-0 w-10 h-10 rounded-full bg-primary-container text-on-primary-container flex items-center justify-center font-bold font-headline" style="--tw-border-spacing-x: 0; --tw-border-spacing-y: 0; --tw-translate-x: 0; --tw-translate-y: 0; --tw-rotate: 0; --tw-skew-x: 0; --tw-skew-y: 0; --tw-scale-x: 1; --tw-scale-y: 1; --tw-pan-x: ; --tw-pan-y: ; --tw-pinch-zoom: ; --tw-scroll-snap-strictness: proximity; --tw-gradient-from-position: ; --tw-gradient-via-position: ; --tw-gradient-to-position: ; --tw-ordinal: ; --tw-slashed-zero: ; --tw-numeric-figure: ; --tw-numeric-spacing: ; --tw-numeric-fraction: ; --tw-ring-inset: ; --tw-ring-offset-width: 0px; --tw-ring-offset-color: #fff; --tw-ring-color: rgb(59 130 246 / 0.5); --tw-ring-offset-shadow: 0 0 #0000; --tw-ring-shadow: 0 0 #0000; --tw-shadow: 0 0 #0000; --tw-shadow-colored: 0 0 #0000; --tw-blur: ; --tw-brightness: ; --tw-contrast: ; --tw-grayscale: ; --tw-hue-rotate: ; --tw-invert: ; --tw-saturate: ; --tw-sepia: ; --tw-drop-shadow: ; --tw-backdrop-blur: ; --tw-backdrop-brightness: ; --tw-backdrop-contrast: ; --tw-backdrop-grayscale: ; --tw-backdrop-hue-rotate: ; --tw-backdrop-invert: ; --tw-backdrop-opacity: ; --tw-backdrop-saturate: ; --tw-backdrop-sepia: ; --tw-contain-size: ; --tw-contain-layout: ; --tw-contain-paint: ; --tw-contain-style: ; border-width: 0px; border-style: solid; border-color: rgb(229, 231, 235); display: flex; height: 2.5rem; width: 2.5rem; flex-shrink: 0; align-items: center; justify-content: center; border-radius: 9999px; --tw-bg-opacity: 1; background-color: rgb(111, 160, 101); font-family: &quot;Plus Jakarta Sans&quot;; font-weight: 700; --tw-text-opacity: 1; color: rgb(5, 52, 6);">01</span><div class="space-y-3" style="--tw-border-spacing-x: 0; --tw-border-spacing-y: 0; --tw-translate-x: 0; --tw-translate-y: 0; --tw-rotate: 0; --tw-skew-x: 0; --tw-skew-y: 0; --tw-scale-x: 1; --tw-scale-y: 1; --tw-pan-x: ; --tw-pan-y: ; --tw-pinch-zoom: ; --tw-scroll-snap-strictness: proximity; --tw-gradient-from-position: ; --tw-gradient-via-position: ; --tw-gradient-to-position: ; --tw-ordinal: ; --tw-slashed-zero: ; --tw-numeric-figure: ; --tw-numeric-spacing: ; --tw-numeric-fraction: ; --tw-ring-inset: ; --tw-ring-offset-width: 0px; --tw-ring-offset-color: #fff; --tw-ring-color: rgb(59 130 246 / 0.5); --tw-ring-offset-shadow: 0 0 #0000; --tw-ring-shadow: 0 0 #0000; --tw-shadow: 0 0 #0000; --tw-shadow-colored: 0 0 #0000; --tw-blur: ; --tw-brightness: ; --tw-contrast: ; --tw-grayscale: ; --tw-hue-rotate: ; --tw-invert: ; --tw-saturate: ; --tw-sepia: ; --tw-drop-shadow: ; --tw-backdrop-blur: ; --tw-backdrop-brightness: ; --tw-backdrop-contrast: ; --tw-backdrop-grayscale: ; --tw-backdrop-hue-rotate: ; --tw-backdrop-invert: ; --tw-backdrop-opacity: ; --tw-backdrop-saturate: ; --tw-backdrop-sepia: ; --tw-contain-size: ; --tw-contain-layout: ; --tw-contain-paint: ; --tw-contain-style: ; border-width: 0px; border-style: solid; border-color: rgb(229, 231, 235);"><h4 class="text-xl font-bold" style="--tw-border-spacing-x: 0; --tw-border-spacing-y: 0; --tw-translate-x: 0; --tw-translate-y: 0; --tw-rotate: 0; --tw-skew-x: 0; --tw-skew-y: 0; --tw-scale-x: 1; --tw-scale-y: 1; --tw-pan-x: ; --tw-pan-y: ; --tw-pinch-zoom: ; --tw-scroll-snap-strictness: proximity; --tw-gradient-from-position: ; --tw-gradient-via-position: ; --tw-gradient-to-position: ; --tw-ordinal: ; --tw-slashed-zero: ; --tw-numeric-figure: ; --tw-numeric-spacing: ; --tw-numeric-fraction: ; --tw-ring-inset: ; --tw-ring-offset-width: 0px; --tw-ring-offset-color: #fff; --tw-ring-color: rgb(59 130 246 / 0.5); --tw-ring-offset-shadow: 0 0 #0000; --tw-ring-shadow: 0 0 #0000; --tw-shadow: 0 0 #0000; --tw-shadow-colored: 0 0 #0000; --tw-blur: ; --tw-brightness: ; --tw-contrast: ; --tw-grayscale: ; --tw-hue-rotate: ; --tw-invert: ; --tw-saturate: ; --tw-sepia: ; --tw-drop-shadow: ; --tw-backdrop-blur: ; --tw-backdrop-brightness: ; --tw-backdrop-contrast: ; --tw-backdrop-grayscale: ; --tw-backdrop-hue-rotate: ; --tw-backdrop-invert: ; --tw-backdrop-opacity: ; --tw-backdrop-saturate: ; --tw-backdrop-sepia: ; --tw-contain-size: ; --tw-contain-layout: ; --tw-contain-paint: ; --tw-contain-style: ; border-width: 0px; border-style: solid; border-color: rgb(229, 231, 235); font-size: 1.25rem; line-height: 1.75rem;">Sơ chế rau củ</h4><p class="text-on-surface-variant leading-relaxed" style="--tw-border-spacing-x: 0; --tw-border-spacing-y: 0; --tw-translate-x: 0; --tw-translate-y: 0; --tw-rotate: 0; --tw-skew-x: 0; --tw-skew-y: 0; --tw-scale-x: 1; --tw-scale-y: 1; --tw-pan-x: ; --tw-pan-y: ; --tw-pinch-zoom: ; --tw-scroll-snap-strictness: proximity; --tw-gradient-from-position: ; --tw-gradient-via-position: ; --tw-gradient-to-position: ; --tw-ordinal: ; --tw-slashed-zero: ; --tw-numeric-figure: ; --tw-numeric-spacing: ; --tw-numeric-fraction: ; --tw-ring-inset: ; --tw-ring-offset-width: 0px; --tw-ring-offset-color: #fff; --tw-ring-color: rgb(59 130 246 / 0.5); --tw-ring-offset-shadow: 0 0 #0000; --tw-ring-shadow: 0 0 #0000; --tw-shadow: 0 0 #0000; --tw-shadow-colored: 0 0 #0000; --tw-blur: ; --tw-brightness: ; --tw-contrast: ; --tw-grayscale: ; --tw-hue-rotate: ; --tw-invert: ; --tw-saturate: ; --tw-sepia: ; --tw-drop-shadow: ; --tw-backdrop-blur: ; --tw-backdrop-brightness: ; --tw-backdrop-contrast: ; --tw-backdrop-grayscale: ; --tw-backdrop-hue-rotate: ; --tw-backdrop-invert: ; --tw-backdrop-opacity: ; --tw-backdrop-saturate: ; --tw-backdrop-sepia: ; --tw-contain-size: ; --tw-contain-layout: ; --tw-contain-paint: ; --tw-contain-style: ; border-width: 0px; border-style: solid; border-color: rgb(229, 231, 235); margin-top: 12px; margin-bottom: 0px; line-height: 1.625; --tw-text-opacity: 1; color: rgb(62, 74, 62); --tw-space-y-reverse: 0;">Rửa sạch xà lách dưới vòi nước lạnh, để thật ráo nước (có thể dùng dụng cụ quay rau). Cà chua bi cắt đôi, dưa chuột thái lát mỏng vừa ăn.</p></div></div><div class="flex gap-6 group" style="--tw-border-spacing-x: 0; --tw-border-spacing-y: 0; --tw-translate-x: 0; --tw-translate-y: 0; --tw-rotate: 0; --tw-skew-x: 0; --tw-skew-y: 0; --tw-scale-x: 1; --tw-scale-y: 1; --tw-pan-x: ; --tw-pan-y: ; --tw-pinch-zoom: ; --tw-scroll-snap-strictness: proximity; --tw-gradient-from-position: ; --tw-gradient-via-position: ; --tw-gradient-to-position: ; --tw-ordinal: ; --tw-slashed-zero: ; --tw-numeric-figure: ; --tw-numeric-spacing: ; --tw-numeric-fraction: ; --tw-ring-inset: ; --tw-ring-offset-width: 0px; --tw-ring-offset-color: #fff; --tw-ring-color: rgb(59 130 246 / 0.5); --tw-ring-offset-shadow: 0 0 #0000; --tw-ring-shadow: 0 0 #0000; --tw-shadow: 0 0 #0000; --tw-shadow-colored: 0 0 #0000; --tw-blur: ; --tw-brightness: ; --tw-contrast: ; --tw-grayscale: ; --tw-hue-rotate: ; --tw-invert: ; --tw-saturate: ; --tw-sepia: ; --tw-drop-shadow: ; --tw-backdrop-blur: ; --tw-backdrop-brightness: ; --tw-backdrop-contrast: ; --tw-backdrop-grayscale: ; --tw-backdrop-hue-rotate: ; --tw-backdrop-invert: ; --tw-backdrop-opacity: ; --tw-backdrop-saturate: ; --tw-backdrop-sepia: ; --tw-contain-size: ; --tw-contain-layout: ; --tw-contain-paint: ; --tw-contain-style: ; border-width: 0px; border-style: solid; border-color: rgb(229, 231, 235); display: flex; gap: 1.5rem; --tw-space-y-reverse: 0; margin-top: 32px;"><span class="flex-shrink-0 w-10 h-10 rounded-full bg-primary-container text-on-primary-container flex items-center justify-center font-bold font-headline" style="--tw-border-spacing-x: 0; --tw-border-spacing-y: 0; --tw-translate-x: 0; --tw-translate-y: 0; --tw-rotate: 0; --tw-skew-x: 0; --tw-skew-y: 0; --tw-scale-x: 1; --tw-scale-y: 1; --tw-pan-x: ; --tw-pan-y: ; --tw-pinch-zoom: ; --tw-scroll-snap-strictness: proximity; --tw-gradient-from-position: ; --tw-gradient-via-position: ; --tw-gradient-to-position: ; --tw-ordinal: ; --tw-slashed-zero: ; --tw-numeric-figure: ; --tw-numeric-spacing: ; --tw-numeric-fraction: ; --tw-ring-inset: ; --tw-ring-offset-width: 0px; --tw-ring-offset-color: #fff; --tw-ring-color: rgb(59 130 246 / 0.5); --tw-ring-offset-shadow: 0 0 #0000; --tw-ring-shadow: 0 0 #0000; --tw-shadow: 0 0 #0000; --tw-shadow-colored: 0 0 #0000; --tw-blur: ; --tw-brightness: ; --tw-contrast: ; --tw-grayscale: ; --tw-hue-rotate: ; --tw-invert: ; --tw-saturate: ; --tw-sepia: ; --tw-drop-shadow: ; --tw-backdrop-blur: ; --tw-backdrop-brightness: ; --tw-backdrop-contrast: ; --tw-backdrop-grayscale: ; --tw-backdrop-hue-rotate: ; --tw-backdrop-invert: ; --tw-backdrop-opacity: ; --tw-backdrop-saturate: ; --tw-backdrop-sepia: ; --tw-contain-size: ; --tw-contain-layout: ; --tw-contain-paint: ; --tw-contain-style: ; border-width: 0px; border-style: solid; border-color: rgb(229, 231, 235); display: flex; height: 2.5rem; width: 2.5rem; flex-shrink: 0; align-items: center; justify-content: center; border-radius: 9999px; --tw-bg-opacity: 1; background-color: rgb(111, 160, 101); font-family: &quot;Plus Jakarta Sans&quot;; font-weight: 700; --tw-text-opacity: 1; color: rgb(5, 52, 6);">02</span><div class="space-y-3" style="--tw-border-spacing-x: 0; --tw-border-spacing-y: 0; --tw-translate-x: 0; --tw-translate-y: 0; --tw-rotate: 0; --tw-skew-x: 0; --tw-skew-y: 0; --tw-scale-x: 1; --tw-scale-y: 1; --tw-pan-x: ; --tw-pan-y: ; --tw-pinch-zoom: ; --tw-scroll-snap-strictness: proximity; --tw-gradient-from-position: ; --tw-gradient-via-position: ; --tw-gradient-to-position: ; --tw-ordinal: ; --tw-slashed-zero: ; --tw-numeric-figure: ; --tw-numeric-spacing: ; --tw-numeric-fraction: ; --tw-ring-inset: ; --tw-ring-offset-width: 0px; --tw-ring-offset-color: #fff; --tw-ring-color: rgb(59 130 246 / 0.5); --tw-ring-offset-shadow: 0 0 #0000; --tw-ring-shadow: 0 0 #0000; --tw-shadow: 0 0 #0000; --tw-shadow-colored: 0 0 #0000; --tw-blur: ; --tw-brightness: ; --tw-contrast: ; --tw-grayscale: ; --tw-hue-rotate: ; --tw-invert: ; --tw-saturate: ; --tw-sepia: ; --tw-drop-shadow: ; --tw-backdrop-blur: ; --tw-backdrop-brightness: ; --tw-backdrop-contrast: ; --tw-backdrop-grayscale: ; --tw-backdrop-hue-rotate: ; --tw-backdrop-invert: ; --tw-backdrop-opacity: ; --tw-backdrop-saturate: ; --tw-backdrop-sepia: ; --tw-contain-size: ; --tw-contain-layout: ; --tw-contain-paint: ; --tw-contain-style: ; border-width: 0px; border-style: solid; border-color: rgb(229, 231, 235);"><h4 class="text-xl font-bold" style="--tw-border-spacing-x: 0; --tw-border-spacing-y: 0; --tw-translate-x: 0; --tw-translate-y: 0; --tw-rotate: 0; --tw-skew-x: 0; --tw-skew-y: 0; --tw-scale-x: 1; --tw-scale-y: 1; --tw-pan-x: ; --tw-pan-y: ; --tw-pinch-zoom: ; --tw-scroll-snap-strictness: proximity; --tw-gradient-from-position: ; --tw-gradient-via-position: ; --tw-gradient-to-position: ; --tw-ordinal: ; --tw-slashed-zero: ; --tw-numeric-figure: ; --tw-numeric-spacing: ; --tw-numeric-fraction: ; --tw-ring-inset: ; --tw-ring-offset-width: 0px; --tw-ring-offset-color: #fff; --tw-ring-color: rgb(59 130 246 / 0.5); --tw-ring-offset-shadow: 0 0 #0000; --tw-ring-shadow: 0 0 #0000; --tw-shadow: 0 0 #0000; --tw-shadow-colored: 0 0 #0000; --tw-blur: ; --tw-brightness: ; --tw-contrast: ; --tw-grayscale: ; --tw-hue-rotate: ; --tw-invert: ; --tw-saturate: ; --tw-sepia: ; --tw-drop-shadow: ; --tw-backdrop-blur: ; --tw-backdrop-brightness: ; --tw-backdrop-contrast: ; --tw-backdrop-grayscale: ; --tw-backdrop-hue-rotate: ; --tw-backdrop-invert: ; --tw-backdrop-opacity: ; --tw-backdrop-saturate: ; --tw-backdrop-sepia: ; --tw-contain-size: ; --tw-contain-layout: ; --tw-contain-paint: ; --tw-contain-style: ; border-width: 0px; border-style: solid; border-color: rgb(229, 231, 235); font-size: 1.25rem; line-height: 1.75rem;">Pha nước sốt "Thần thánh"</h4><p class="text-on-surface-variant leading-relaxed" style="--tw-border-spacing-x: 0; --tw-border-spacing-y: 0; --tw-translate-x: 0; --tw-translate-y: 0; --tw-rotate: 0; --tw-skew-x: 0; --tw-skew-y: 0; --tw-scale-x: 1; --tw-scale-y: 1; --tw-pan-x: ; --tw-pan-y: ; --tw-pinch-zoom: ; --tw-scroll-snap-strictness: proximity; --tw-gradient-from-position: ; --tw-gradient-via-position: ; --tw-gradient-to-position: ; --tw-ordinal: ; --tw-slashed-zero: ; --tw-numeric-figure: ; --tw-numeric-spacing: ; --tw-numeric-fraction: ; --tw-ring-inset: ; --tw-ring-offset-width: 0px; --tw-ring-offset-color: #fff; --tw-ring-color: rgb(59 130 246 / 0.5); --tw-ring-offset-shadow: 0 0 #0000; --tw-ring-shadow: 0 0 #0000; --tw-shadow: 0 0 #0000; --tw-shadow-colored: 0 0 #0000; --tw-blur: ; --tw-brightness: ; --tw-contrast: ; --tw-grayscale: ; --tw-hue-rotate: ; --tw-invert: ; --tw-saturate: ; --tw-sepia: ; --tw-drop-shadow: ; --tw-backdrop-blur: ; --tw-backdrop-brightness: ; --tw-backdrop-contrast: ; --tw-backdrop-grayscale: ; --tw-backdrop-hue-rotate: ; --tw-backdrop-invert: ; --tw-backdrop-opacity: ; --tw-backdrop-saturate: ; --tw-backdrop-sepia: ; --tw-contain-size: ; --tw-contain-layout: ; --tw-contain-paint: ; --tw-contain-style: ; border-width: 0px; border-style: solid; border-color: rgb(229, 231, 235); margin-top: 12px; margin-bottom: 0px; line-height: 1.625; --tw-text-opacity: 1; color: rgb(62, 74, 62); --tw-space-y-reverse: 0;">Trộn đều dầu olive, mật ong, một chút muối biển và nước cốt chanh vàng. Lắc đều cho đến khi hỗn hợp sánh lại và có màu vàng óng.</p></div></div><div class="flex gap-6 group" style="--tw-border-spacing-x: 0; --tw-border-spacing-y: 0; --tw-translate-x: 0; --tw-translate-y: 0; --tw-rotate: 0; --tw-skew-x: 0; --tw-skew-y: 0; --tw-scale-x: 1; --tw-scale-y: 1; --tw-pan-x: ; --tw-pan-y: ; --tw-pinch-zoom: ; --tw-scroll-snap-strictness: proximity; --tw-gradient-from-position: ; --tw-gradient-via-position: ; --tw-gradient-to-position: ; --tw-ordinal: ; --tw-slashed-zero: ; --tw-numeric-figure: ; --tw-numeric-spacing: ; --tw-numeric-fraction: ; --tw-ring-inset: ; --tw-ring-offset-width: 0px; --tw-ring-offset-color: #fff; --tw-ring-color: rgb(59 130 246 / 0.5); --tw-ring-offset-shadow: 0 0 #0000; --tw-ring-shadow: 0 0 #0000; --tw-shadow: 0 0 #0000; --tw-shadow-colored: 0 0 #0000; --tw-blur: ; --tw-brightness: ; --tw-contrast: ; --tw-grayscale: ; --tw-hue-rotate: ; --tw-invert: ; --tw-saturate: ; --tw-sepia: ; --tw-drop-shadow: ; --tw-backdrop-blur: ; --tw-backdrop-brightness: ; --tw-backdrop-contrast: ; --tw-backdrop-grayscale: ; --tw-backdrop-hue-rotate: ; --tw-backdrop-invert: ; --tw-backdrop-opacity: ; --tw-backdrop-saturate: ; --tw-backdrop-sepia: ; --tw-contain-size: ; --tw-contain-layout: ; --tw-contain-paint: ; --tw-contain-style: ; border-width: 0px; border-style: solid; border-color: rgb(229, 231, 235); display: flex; gap: 1.5rem; --tw-space-y-reverse: 0; margin-top: 32px;"><span class="flex-shrink-0 w-10 h-10 rounded-full bg-primary-container text-on-primary-container flex items-center justify-center font-bold font-headline" style="--tw-border-spacing-x: 0; --tw-border-spacing-y: 0; --tw-translate-x: 0; --tw-translate-y: 0; --tw-rotate: 0; --tw-skew-x: 0; --tw-skew-y: 0; --tw-scale-x: 1; --tw-scale-y: 1; --tw-pan-x: ; --tw-pan-y: ; --tw-pinch-zoom: ; --tw-scroll-snap-strictness: proximity; --tw-gradient-from-position: ; --tw-gradient-via-position: ; --tw-gradient-to-position: ; --tw-ordinal: ; --tw-slashed-zero: ; --tw-numeric-figure: ; --tw-numeric-spacing: ; --tw-numeric-fraction: ; --tw-ring-inset: ; --tw-ring-offset-width: 0px; --tw-ring-offset-color: #fff; --tw-ring-color: rgb(59 130 246 / 0.5); --tw-ring-offset-shadow: 0 0 #0000; --tw-ring-shadow: 0 0 #0000; --tw-shadow: 0 0 #0000; --tw-shadow-colored: 0 0 #0000; --tw-blur: ; --tw-brightness: ; --tw-contrast: ; --tw-grayscale: ; --tw-hue-rotate: ; --tw-invert: ; --tw-saturate: ; --tw-sepia: ; --tw-drop-shadow: ; --tw-backdrop-blur: ; --tw-backdrop-brightness: ; --tw-backdrop-contrast: ; --tw-backdrop-grayscale: ; --tw-backdrop-hue-rotate: ; --tw-backdrop-invert: ; --tw-backdrop-opacity: ; --tw-backdrop-saturate: ; --tw-backdrop-sepia: ; --tw-contain-size: ; --tw-contain-layout: ; --tw-contain-paint: ; --tw-contain-style: ; border-width: 0px; border-style: solid; border-color: rgb(229, 231, 235); display: flex; height: 2.5rem; width: 2.5rem; flex-shrink: 0; align-items: center; justify-content: center; border-radius: 9999px; --tw-bg-opacity: 1; background-color: rgb(111, 160, 101); font-family: &quot;Plus Jakarta Sans&quot;; font-weight: 700; --tw-text-opacity: 1; color: rgb(5, 52, 6);">03</span><div class="space-y-3" style="--tw-border-spacing-x: 0; --tw-border-spacing-y: 0; --tw-translate-x: 0; --tw-translate-y: 0; --tw-rotate: 0; --tw-skew-x: 0; --tw-skew-y: 0; --tw-scale-x: 1; --tw-scale-y: 1; --tw-pan-x: ; --tw-pan-y: ; --tw-pinch-zoom: ; --tw-scroll-snap-strictness: proximity; --tw-gradient-from-position: ; --tw-gradient-via-position: ; --tw-gradient-to-position: ; --tw-ordinal: ; --tw-slashed-zero: ; --tw-numeric-figure: ; --tw-numeric-spacing: ; --tw-numeric-fraction: ; --tw-ring-inset: ; --tw-ring-offset-width: 0px; --tw-ring-offset-color: #fff; --tw-ring-color: rgb(59 130 246 / 0.5); --tw-ring-offset-shadow: 0 0 #0000; --tw-ring-shadow: 0 0 #0000; --tw-shadow: 0 0 #0000; --tw-shadow-colored: 0 0 #0000; --tw-blur: ; --tw-brightness: ; --tw-contrast: ; --tw-grayscale: ; --tw-hue-rotate: ; --tw-invert: ; --tw-saturate: ; --tw-sepia: ; --tw-drop-shadow: ; --tw-backdrop-blur: ; --tw-backdrop-brightness: ; --tw-backdrop-contrast: ; --tw-backdrop-grayscale: ; --tw-backdrop-hue-rotate: ; --tw-backdrop-invert: ; --tw-backdrop-opacity: ; --tw-backdrop-saturate: ; --tw-backdrop-sepia: ; --tw-contain-size: ; --tw-contain-layout: ; --tw-contain-paint: ; --tw-contain-style: ; border-width: 0px; border-style: solid; border-color: rgb(229, 231, 235);"><h4 class="text-xl font-bold" style="--tw-border-spacing-x: 0; --tw-border-spacing-y: 0; --tw-translate-x: 0; --tw-translate-y: 0; --tw-rotate: 0; --tw-skew-x: 0; --tw-skew-y: 0; --tw-scale-x: 1; --tw-scale-y: 1; --tw-pan-x: ; --tw-pan-y: ; --tw-pinch-zoom: ; --tw-scroll-snap-strictness: proximity; --tw-gradient-from-position: ; --tw-gradient-via-position: ; --tw-gradient-to-position: ; --tw-ordinal: ; --tw-slashed-zero: ; --tw-numeric-figure: ; --tw-numeric-spacing: ; --tw-numeric-fraction: ; --tw-ring-inset: ; --tw-ring-offset-width: 0px; --tw-ring-offset-color: #fff; --tw-ring-color: rgb(59 130 246 / 0.5); --tw-ring-offset-shadow: 0 0 #0000; --tw-ring-shadow: 0 0 #0000; --tw-shadow: 0 0 #0000; --tw-shadow-colored: 0 0 #0000; --tw-blur: ; --tw-brightness: ; --tw-contrast: ; --tw-grayscale: ; --tw-hue-rotate: ; --tw-invert: ; --tw-saturate: ; --tw-sepia: ; --tw-drop-shadow: ; --tw-backdrop-blur: ; --tw-backdrop-brightness: ; --tw-backdrop-contrast: ; --tw-backdrop-grayscale: ; --tw-backdrop-hue-rotate: ; --tw-backdrop-invert: ; --tw-backdrop-opacity: ; --tw-backdrop-saturate: ; --tw-backdrop-sepia: ; --tw-contain-size: ; --tw-contain-layout: ; --tw-contain-paint: ; --tw-contain-style: ; border-width: 0px; border-style: solid; border-color: rgb(229, 231, 235); font-size: 1.25rem; line-height: 1.75rem;">Hoàn thiện &amp; Trình bày</h4><p class="text-on-surface-variant leading-relaxed" style="--tw-border-spacing-x: 0; --tw-border-spacing-y: 0; --tw-translate-x: 0; --tw-translate-y: 0; --tw-rotate: 0; --tw-skew-x: 0; --tw-skew-y: 0; --tw-scale-x: 1; --tw-scale-y: 1; --tw-pan-x: ; --tw-pan-y: ; --tw-pinch-zoom: ; --tw-scroll-snap-strictness: proximity; --tw-gradient-from-position: ; --tw-gradient-via-position: ; --tw-gradient-to-position: ; --tw-ordinal: ; --tw-slashed-zero: ; --tw-numeric-figure: ; --tw-numeric-spacing: ; --tw-numeric-fraction: ; --tw-ring-inset: ; --tw-ring-offset-width: 0px; --tw-ring-offset-color: #fff; --tw-ring-color: rgb(59 130 246 / 0.5); --tw-ring-offset-shadow: 0 0 #0000; --tw-ring-shadow: 0 0 #0000; --tw-shadow: 0 0 #0000; --tw-shadow-colored: 0 0 #0000; --tw-blur: ; --tw-brightness: ; --tw-contrast: ; --tw-grayscale: ; --tw-hue-rotate: ; --tw-invert: ; --tw-saturate: ; --tw-sepia: ; --tw-drop-shadow: ; --tw-backdrop-blur: ; --tw-backdrop-brightness: ; --tw-backdrop-contrast: ; --tw-backdrop-grayscale: ; --tw-backdrop-hue-rotate: ; --tw-backdrop-invert: ; --tw-backdrop-opacity: ; --tw-backdrop-saturate: ; --tw-backdrop-sepia: ; --tw-contain-size: ; --tw-contain-layout: ; --tw-contain-paint: ; --tw-contain-style: ; border-width: 0px; border-style: solid; border-color: rgb(229, 231, 235); margin-top: 12px; margin-bottom: 0px; line-height: 1.625; --tw-text-opacity: 1; color: rgb(62, 74, 62); --tw-space-y-reverse: 0;">Cho tất cả rau củ vào bát lớn, rưới nước sốt lên và trộn nhẹ tay bằng kẹp gỗ. Cuối cùng, rắc thêm một chút hạt chia lên trên để tăng thêm giá trị dinh dưỡng.</p></div></div></div><div class="p-8 bg-secondary-container text-on-secondary-container rounded-xl flex gap-6 items-start" style="--tw-border-spacing-x: 0; --tw-border-spacing-y: 0; --tw-translate-x: 0; --tw-translate-y: 0; --tw-rotate: 0; --tw-skew-x: 0; --tw-skew-y: 0; --tw-scale-x: 1; --tw-scale-y: 1; --tw-pan-x: ; --tw-pan-y: ; --tw-pinch-zoom: ; --tw-scroll-snap-strictness: proximity; --tw-gradient-from-position: ; --tw-gradient-via-position: ; --tw-gradient-to-position: ; --tw-ordinal: ; --tw-slashed-zero: ; --tw-numeric-figure: ; --tw-numeric-spacing: ; --tw-numeric-fraction: ; --tw-ring-inset: ; --tw-ring-offset-width: 0px; --tw-ring-offset-color: #fff; --tw-ring-color: rgb(59 130 246 / 0.5); --tw-ring-offset-shadow: 0 0 #0000; --tw-ring-shadow: 0 0 #0000; --tw-shadow: 0 0 #0000; --tw-shadow-colored: 0 0 #0000; --tw-blur: ; --tw-brightness: ; --tw-contrast: ; --tw-grayscale: ; --tw-hue-rotate: ; --tw-invert: ; --tw-saturate: ; --tw-sepia: ; --tw-drop-shadow: ; --tw-backdrop-blur: ; --tw-backdrop-brightness: ; --tw-backdrop-contrast: ; --tw-backdrop-grayscale: ; --tw-backdrop-hue-rotate: ; --tw-backdrop-invert: ; --tw-backdrop-opacity: ; --tw-backdrop-saturate: ; --tw-backdrop-sepia: ; --tw-contain-size: ; --tw-contain-layout: ; --tw-contain-paint: ; --tw-contain-style: ; border-width: 0px; border-style: solid; border-color: rgb(229, 231, 235); display: flex; align-items: flex-start; gap: 1.5rem; border-radius: 0.75rem; --tw-bg-opacity: 1; background-color: rgb(253, 195, 154); padding: 2rem; --tw-text-opacity: 1; color: rgb(121, 78, 46); --tw-space-y-reverse: 0; margin-top: 48px;"><span class="material-symbols-outlined text-3xl shrink-0" data-weight="fill" style="--tw-border-spacing-x: 0; --tw-border-spacing-y: 0; --tw-translate-x: 0; --tw-translate-y: 0; --tw-rotate: 0; --tw-skew-x: 0; --tw-skew-y: 0; --tw-scale-x: 1; --tw-scale-y: 1; --tw-pan-x: ; --tw-pan-y: ; --tw-pinch-zoom: ; --tw-scroll-snap-strictness: proximity; --tw-gradient-from-position: ; --tw-gradient-via-position: ; --tw-gradient-to-position: ; --tw-ordinal: ; --tw-slashed-zero: ; --tw-numeric-figure: ; --tw-numeric-spacing: ; --tw-numeric-fraction: ; --tw-ring-inset: ; --tw-ring-offset-width: 0px; --tw-ring-offset-color: #fff; --tw-ring-color: rgb(59 130 246 / 0.5); --tw-ring-offset-shadow: 0 0 #0000; --tw-ring-shadow: 0 0 #0000; --tw-shadow: 0 0 #0000; --tw-shadow-colored: 0 0 #0000; --tw-blur: ; --tw-brightness: ; --tw-contrast: ; --tw-grayscale: ; --tw-hue-rotate: ; --tw-invert: ; --tw-saturate: ; --tw-sepia: ; --tw-drop-shadow: ; --tw-backdrop-blur: ; --tw-backdrop-brightness: ; --tw-backdrop-contrast: ; --tw-backdrop-grayscale: ; --tw-backdrop-hue-rotate: ; --tw-backdrop-invert: ; --tw-backdrop-opacity: ; --tw-backdrop-saturate: ; --tw-backdrop-sepia: ; --tw-contain-size: ; --tw-contain-layout: ; --tw-contain-paint: ; --tw-contain-style: ; border-width: 0px; border-style: solid; border-color: rgb(229, 231, 235); font-family: &quot;Material Symbols Outlined&quot;; font-size: 1.875rem; line-height: 2.25rem; display: inline-block; text-wrap-mode: nowrap; overflow-wrap: normal; direction: ltr; font-feature-settings: &quot;liga&quot;; -webkit-font-smoothing: antialiased; font-variation-settings: &quot;FILL&quot; 0, &quot;wght&quot; 400, &quot;GRAD&quot; 0, &quot;opsz&quot; 24; flex-shrink: 0;">lightbulb</span><div class="space-y-2" style="--tw-border-spacing-x: 0; --tw-border-spacing-y: 0; --tw-translate-x: 0; --tw-translate-y: 0; --tw-rotate: 0; --tw-skew-x: 0; --tw-skew-y: 0; --tw-scale-x: 1; --tw-scale-y: 1; --tw-pan-x: ; --tw-pan-y: ; --tw-pinch-zoom: ; --tw-scroll-snap-strictness: proximity; --tw-gradient-from-position: ; --tw-gradient-via-position: ; --tw-gradient-to-position: ; --tw-ordinal: ; --tw-slashed-zero: ; --tw-numeric-figure: ; --tw-numeric-spacing: ; --tw-numeric-fraction: ; --tw-ring-inset: ; --tw-ring-offset-width: 0px; --tw-ring-offset-color: #fff; --tw-ring-color: rgb(59 130 246 / 0.5); --tw-ring-offset-shadow: 0 0 #0000; --tw-ring-shadow: 0 0 #0000; --tw-shadow: 0 0 #0000; --tw-shadow-colored: 0 0 #0000; --tw-blur: ; --tw-brightness: ; --tw-contrast: ; --tw-grayscale: ; --tw-hue-rotate: ; --tw-invert: ; --tw-saturate: ; --tw-sepia: ; --tw-drop-shadow: ; --tw-backdrop-blur: ; --tw-backdrop-brightness: ; --tw-backdrop-contrast: ; --tw-backdrop-grayscale: ; --tw-backdrop-hue-rotate: ; --tw-backdrop-invert: ; --tw-backdrop-opacity: ; --tw-backdrop-saturate: ; --tw-backdrop-sepia: ; --tw-contain-size: ; --tw-contain-layout: ; --tw-contain-paint: ; --tw-contain-style: ; border-width: 0px; border-style: solid; border-color: rgb(229, 231, 235);"><h4 class="font-bold text-lg" style="--tw-border-spacing-x: 0; --tw-border-spacing-y: 0; --tw-translate-x: 0; --tw-translate-y: 0; --tw-rotate: 0; --tw-skew-x: 0; --tw-skew-y: 0; --tw-scale-x: 1; --tw-scale-y: 1; --tw-pan-x: ; --tw-pan-y: ; --tw-pinch-zoom: ; --tw-scroll-snap-strictness: proximity; --tw-gradient-from-position: ; --tw-gradient-via-position: ; --tw-gradient-to-position: ; --tw-ordinal: ; --tw-slashed-zero: ; --tw-numeric-figure: ; --tw-numeric-spacing: ; --tw-numeric-fraction: ; --tw-ring-inset: ; --tw-ring-offset-width: 0px; --tw-ring-offset-color: #fff; --tw-ring-color: rgb(59 130 246 / 0.5); --tw-ring-offset-shadow: 0 0 #0000; --tw-ring-shadow: 0 0 #0000; --tw-shadow: 0 0 #0000; --tw-shadow-colored: 0 0 #0000; --tw-blur: ; --tw-brightness: ; --tw-contrast: ; --tw-grayscale: ; --tw-hue-rotate: ; --tw-invert: ; --tw-saturate: ; --tw-sepia: ; --tw-drop-shadow: ; --tw-backdrop-blur: ; --tw-backdrop-brightness: ; --tw-backdrop-contrast: ; --tw-backdrop-grayscale: ; --tw-backdrop-hue-rotate: ; --tw-backdrop-invert: ; --tw-backdrop-opacity: ; --tw-backdrop-saturate: ; --tw-backdrop-sepia: ; --tw-contain-size: ; --tw-contain-layout: ; --tw-contain-paint: ; --tw-contain-style: ; border-width: 0px; border-style: solid; border-color: rgb(229, 231, 235); font-size: 1.125rem; line-height: 1.75rem;">Mẹo nhỏ cho món ngon tròn vị</h4><p class="opacity-90 leading-relaxed" style="--tw-border-spacing-x: 0; --tw-border-spacing-y: 0; --tw-translate-x: 0; --tw-translate-y: 0; --tw-rotate: 0; --tw-skew-x: 0; --tw-skew-y: 0; --tw-scale-x: 1; --tw-scale-y: 1; --tw-pan-x: ; --tw-pan-y: ; --tw-pinch-zoom: ; --tw-scroll-snap-strictness: proximity; --tw-gradient-from-position: ; --tw-gradient-via-position: ; --tw-gradient-to-position: ; --tw-ordinal: ; --tw-slashed-zero: ; --tw-numeric-figure: ; --tw-numeric-spacing: ; --tw-numeric-fraction: ; --tw-ring-inset: ; --tw-ring-offset-width: 0px; --tw-ring-offset-color: #fff; --tw-ring-color: rgb(59 130 246 / 0.5); --tw-ring-offset-shadow: 0 0 #0000; --tw-ring-shadow: 0 0 #0000; --tw-shadow: 0 0 #0000; --tw-shadow-colored: 0 0 #0000; --tw-blur: ; --tw-brightness: ; --tw-contrast: ; --tw-grayscale: ; --tw-hue-rotate: ; --tw-invert: ; --tw-saturate: ; --tw-sepia: ; --tw-drop-shadow: ; --tw-backdrop-blur: ; --tw-backdrop-brightness: ; --tw-backdrop-contrast: ; --tw-backdrop-grayscale: ; --tw-backdrop-hue-rotate: ; --tw-backdrop-invert: ; --tw-backdrop-opacity: ; --tw-backdrop-saturate: ; --tw-backdrop-sepia: ; --tw-contain-size: ; --tw-contain-layout: ; --tw-contain-paint: ; --tw-contain-style: ; border-width: 0px; border-style: solid; border-color: rgb(229, 231, 235); margin-top: 8px; margin-bottom: 0px; line-height: 1.625; opacity: 0.9; --tw-space-y-reverse: 0;">Để món salad luôn giòn ngon, bạn chỉ nên rưới nước sốt ngay trước khi ăn. Nếu muốn tăng thêm độ ngậy, hãy thêm vài lát bơ sáp chín tới vào nhé!</p></div></div></div>', N'/blog-covers/77b13d61a16749358a533461403486a2.png', 1, CAST(N'2026-04-14T07:11:00.0000000' AS DateTime2), CAST(N'2026-04-10T07:49:53.3115649' AS DateTime2), CAST(N'2026-04-13T07:11:55.8972204' AS DateTime2), 7)
SET IDENTITY_INSERT [dbo].[BlogPosts] OFF
GO
SET IDENTITY_INSERT [dbo].[Carts] ON 

INSERT [dbo].[Carts] ([CartID], [UserID], [CreatedAt], [UpdatedAt]) VALUES (1, 6, CAST(N'2026-04-10T14:11:36.113' AS DateTime), CAST(N'2026-04-22T13:46:28.960' AS DateTime))
INSERT [dbo].[Carts] ([CartID], [UserID], [CreatedAt], [UpdatedAt]) VALUES (2, 1, CAST(N'2026-04-10T14:23:49.327' AS DateTime), CAST(N'2026-04-24T09:20:18.070' AS DateTime))
INSERT [dbo].[Carts] ([CartID], [UserID], [CreatedAt], [UpdatedAt]) VALUES (3, 9, CAST(N'2026-04-13T08:47:33.607' AS DateTime), CAST(N'2026-04-13T09:05:20.987' AS DateTime))
INSERT [dbo].[Carts] ([CartID], [UserID], [CreatedAt], [UpdatedAt]) VALUES (4, 7, CAST(N'2026-04-13T14:30:12.643' AS DateTime), CAST(N'2026-04-13T14:44:18.180' AS DateTime))
INSERT [dbo].[Carts] ([CartID], [UserID], [CreatedAt], [UpdatedAt]) VALUES (5, 10, CAST(N'2026-04-15T10:45:51.403' AS DateTime), CAST(N'2026-04-15T10:45:51.403' AS DateTime))
INSERT [dbo].[Carts] ([CartID], [UserID], [CreatedAt], [UpdatedAt]) VALUES (6, 20, CAST(N'2026-04-23T17:52:28.553' AS DateTime), CAST(N'2026-04-24T09:19:59.227' AS DateTime))
INSERT [dbo].[Carts] ([CartID], [UserID], [CreatedAt], [UpdatedAt]) VALUES (7, 21, CAST(N'2026-04-24T10:28:15.077' AS DateTime), CAST(N'2026-04-24T09:14:08.303' AS DateTime))
SET IDENTITY_INSERT [dbo].[Carts] OFF
GO
SET IDENTITY_INSERT [dbo].[Categories] ON 

INSERT [dbo].[Categories] ([CategoryID], [CategoryName], [Description]) VALUES (1, N'Rau Củ Quả', N'Các loại rau xanh, củ và trái cây tươi sạch')
INSERT [dbo].[Categories] ([CategoryID], [CategoryName], [Description]) VALUES (2, N'Thịt Tươi', N'Thịt heo, bò, gà sạch đạt chuẩn ATVSTP')
INSERT [dbo].[Categories] ([CategoryID], [CategoryName], [Description]) VALUES (3, N'Hải Sản', N'Tôm, cua, cá, mực tươi sống')
INSERT [dbo].[Categories] ([CategoryID], [CategoryName], [Description]) VALUES (4, N'Trứng & Sữa', N'Các loại trứng gia cầm và sữa tươi')
INSERT [dbo].[Categories] ([CategoryID], [CategoryName], [Description]) VALUES (5, N'Gia Vị', N'Nước mắm, dầu ăn, đường, muối')
INSERT [dbo].[Categories] ([CategoryID], [CategoryName], [Description]) VALUES (6, N'Hạt & Ngũ Cốc', N'Gạo sạch, các loại đậu và hạt dinh dưỡng')
INSERT [dbo].[Categories] ([CategoryID], [CategoryName], [Description]) VALUES (7, N'Đồ Uống', N'Nước ép trái cây, trà túi lọc')
INSERT [dbo].[Categories] ([CategoryID], [CategoryName], [Description]) VALUES (9, N'Combo rau củ quả', N'Combo rau củ quả là một gói sản phẩm được kết hợp từ nhiều loại rau và trái cây tươi, thường được đóng sẵn theo khẩu phần hoặc mục đích sử dụng (nấu ăn, ăn kiêng, detox, v.v.). Đây là lựa chọn tiện lợi cho người bận rộn nhưng vẫn muốn đảm bảo dinh dưỡng hằng ngày.')
INSERT [dbo].[Categories] ([CategoryID], [CategoryName], [Description]) VALUES (10, N'Combo hải sản', N'combo hải sản')
SET IDENTITY_INSERT [dbo].[Categories] OFF
GO
SET IDENTITY_INSERT [dbo].[ContactMessages] ON 

INSERT [dbo].[ContactMessages] ([ContactMessageID], [Name], [Email], [Subject], [Message], [CreatedAt], [Status], [IsUrgent]) VALUES (1, N'Test FreshFood', N'freshfood.test@mailinator.com', N'Test form', N'Đây là tin nhắn thử nghiệm form liên hệ.', CAST(N'2026-04-13T01:15:25.5092031' AS DateTime2), N'New', 0)
INSERT [dbo].[ContactMessages] ([ContactMessageID], [Name], [Email], [Subject], [Message], [CreatedAt], [Status], [IsUrgent]) VALUES (2, N'do', N'do7509243@gmail.com', N'Tài khoản tôi bị khóa', N'Xin chào đội ngũ hỗ trợ,
Tôi nhận thấy tài khoản của mình đã bị khóa nhưng chưa rõ lý do. Mong bạn kiểm tra và hỗ trợ mở lại tài khoản cho tôi trong thời gian sớm nhất.
Nếu cần thêm thông tin, vui lòng liên hệ lại với tôi qua email này.
Xin chân thành cảm ơn!', CAST(N'2026-04-15T03:47:52.1224539' AS DateTime2), N'Replied', 0)
INSERT [dbo].[ContactMessages] ([ContactMessageID], [Name], [Email], [Subject], [Message], [CreatedAt], [Status], [IsUrgent]) VALUES (3, N'trần văn an', N'an@gmail.com', N'bổ sung sản phẩm', N'sản phẩm bắp bò hoa', CAST(N'2026-04-22T01:41:35.7965000' AS DateTime2), N'Processing', 0)
SET IDENTITY_INSERT [dbo].[ContactMessages] OFF
GO
INSERT [dbo].[HomePageSettings] ([Id], [SettingsJson], [UpdatedAt]) VALUES (1, N'{"hero":{"eyebrow":"FRESH FROM THE FARM","title":"Th\u1EF1c ph\u1EA9m s\u1EA1ch cho","highlight":"cu\u1ED9c s\u1ED1ng xanh","subtitle":"Mang tinh hoa c\u1EE7a \u0111\u1EA5t m\u1EB9 \u0111\u1EBFn b\u00E0n \u0103n gia \u0111\u00ECnh b\u1EA1n. Ch\u00FAng t\u00F4i cam k\u1EBFt 100% h\u1EEFu c\u01A1, t\u01B0\u01A1i m\u1EDBi v\u00E0 canh t\u00E1c b\u1EC1n v\u1EEFng.","imageUrl":"/home-assets/f9be5c7895e7407ba9224ba124e4bef7.png","primaryCtaText":"Kh\u00E1m ph\u00E1","primaryCtaHref":"/products","secondaryCtaText":"View Story","secondaryCtaHref":null,"feature1Title":"Giao h\u00E0ng trong 2h","feature1Sub":"Nhanh ch\u00F3ng \u0026 ti\u1EC7n l\u1EE3i","feature2Title":"\u0110\u1EA3m b\u1EA3o ATVSTP","feature2Sub":"Ki\u1EC3m duy\u1EC7t nghi\u00EAm ng\u1EB7t"},"roots":{"subheading":"OUR ROOTS","title":"L\u1EDBn l\u00EAn v\u1EDBi ni\u1EC1m \u0111am m\u00EA,\u0111\u01B0\u1EE3c truy\u1EC1n t\u1EA3i b\u1EB1ng tr\u00E1i tim.","paragraph1":"T\u1EEB nh\u1EEFng ng\u00E0y \u0111\u1EA7u ti\u00EAn t\u1EA1i n\u00F4ng tr\u1EA1i h\u1EEFu c\u01A1 nh\u1ECF, ch\u00FAng t\u00F4i lu\u00F4n tin r\u1EB1ng th\u1EF1c ph\u1EA9m t\u1ED1t nh\u1EA5t l\u00E0 th\u1EF1c ph\u1EA9m \u0111\u01B0\u1EE3c nu\u00F4i d\u01B0\u1EE1ng b\u1EDFi t\u1EF1 nhi\u00EAn v\u00E0 s\u1EF1 ch\u0103m s\u00F3c t\u1EEB t\u00E2m.","paragraph2":"M\u1ED7i s\u1EA3n ph\u1EA9m t\u1EA1i FreshFood \u0111\u1EC1u tr\u1EA3i qua quy tr\u00ECnh ki\u1EC3m so\u00E1t nghi\u00EAm ng\u1EB7t t\u1EEB h\u1EA1t gi\u1ED1ng \u0111\u1EBFn khi trao t\u1EADn tay kh\u00E1ch h\u00E0ng. Kh\u00F4ng h\u00F3a ch\u1EA5t, kh\u00F4ng thu\u1ED1c tr\u1EEB s\u00E2u - ch\u1EC9 c\u00F3 s\u1EF1 tinh khi\u1EBFt tuy\u1EC7t \u0111\u1ED1i cho s\u1EE9c kh\u1ECFe gia \u0111\u00ECnh b\u1EA1n.","imageUrl":"https://lh3.googleusercontent.com/aida-public/AB6AXuDsj_dBOI4I0rXNR9uejFIaPEYVYQLiGunw26FXWSFWv8bh-uXHvGgsQsg_XTphaN30FjcrZ-zZvN1zLeAy9-L0P21Vb5NEEbJZ-udrnGjuUD8oXHa4P3CgVcJ44tFQXwszRhO4rqxV3sGWuBfqtJ7aAcKYwZpFTiIEiEn6Q0bK0gDvCvPdtucaAkTpSSL_YANkAVAhLYv5EFW-rtmR0wFVAIEamv0iDUPhzmDHsk6HgLEDPQgOGkgMEv47w-wVzGBjlAicFc822N8","stat1Value":"100%","stat1Label":"Organic Certified","stat2Value":"24h","stat2Label":"Farm to Door"},"seasonal":{"heading":"B\u1ED9 s\u01B0u t\u1EADp theo m\u00F9a","subheading":"\u0110\u00F3n m\u00F9a v\u1EE5 t\u01B0\u01A1i ngon nh\u1EA5t trong n\u0103m. Kh\u00E1m ph\u00E1 nh\u1EEFng b\u1ED9 s\u01B0u t\u1EADp \u0111\u01B0\u1EE3c tuy\u1EC3n ch\u1ECDn theo m\u00F9a v\u1EE5 hi\u1EC7n t\u1EA1i.","cards":[{"title":"The Spring Greens","imageUrl":"https://images.pexels.com/photos/60597/dahlia-red-blossom-bloom-60597.jpeg"},{"title":"Earthy Roots","imageUrl":"https://images.pexels.com/photos/1301856/pexels-photo-1301856.jpeg"},{"title":"Sun-Kissed Fruits","imageUrl":"https://images.pexels.com/photos/1132047/pexels-photo-1132047.jpeg"}]}}', CAST(N'2026-04-23T07:14:13.0565657' AS DateTime2))
GO
SET IDENTITY_INSERT [dbo].[InventoryHistory] ON 

INSERT [dbo].[InventoryHistory] ([LogID], [ProductID], [ChangeQuantity], [ChangeType], [LogDate], [Note]) VALUES (1, 1, 100, N'Import', CAST(N'2026-04-07T10:38:11.643' AS DateTime), N'Nh?p hàng t? Lâm Ð?ng Farm')
INSERT [dbo].[InventoryHistory] ([LogID], [ProductID], [ChangeQuantity], [ChangeType], [LogDate], [Note]) VALUES (2, 4, 50, N'Import', CAST(N'2026-04-07T10:38:11.643' AS DateTime), N'Nh?p th?t ba r?i CP')
INSERT [dbo].[InventoryHistory] ([LogID], [ProductID], [ChangeQuantity], [ChangeType], [LogDate], [Note]) VALUES (3, 1, -2, N'Sale', CAST(N'2026-04-07T10:38:11.643' AS DateTime), N'Bán cho don hàng #1')
INSERT [dbo].[InventoryHistory] ([LogID], [ProductID], [ChangeQuantity], [ChangeType], [LogDate], [Note]) VALUES (4, 2, -5, N'Spoilage', CAST(N'2026-04-07T10:38:11.643' AS DateTime), N'S?n ph?m h?ng do v?n chuy?n')
INSERT [dbo].[InventoryHistory] ([LogID], [ProductID], [ChangeQuantity], [ChangeType], [LogDate], [Note]) VALUES (5, 25, 20, N'Import', CAST(N'2026-04-10T06:03:25.097' AS DateTime), N'nhập thêm')
INSERT [dbo].[InventoryHistory] ([LogID], [ProductID], [ChangeQuantity], [ChangeType], [LogDate], [Note]) VALUES (6, 22, 50, N'Import', CAST(N'2026-04-10T09:48:53.590' AS DateTime), N'Nhập thêm 50 cá hồi phi lê')
INSERT [dbo].[InventoryHistory] ([LogID], [ProductID], [ChangeQuantity], [ChangeType], [LogDate], [Note]) VALUES (7, 28, 50, N'Import', CAST(N'2026-04-10T09:49:14.300' AS DateTime), N'nhập thêm 50 cá thu 1 nắng')
INSERT [dbo].[InventoryHistory] ([LogID], [ProductID], [ChangeQuantity], [ChangeType], [LogDate], [Note]) VALUES (8, 14, 10, N'Import', CAST(N'2026-04-10T09:49:33.660' AS DateTime), N'10 thịt thăn bò')
INSERT [dbo].[InventoryHistory] ([LogID], [ProductID], [ChangeQuantity], [ChangeType], [LogDate], [Note]) VALUES (9, 44, 50, N'Import', CAST(N'2026-04-13T04:54:38.563' AS DateTime), N'nhập 50 Combo "Đại Dương Thịnh Vượng"')
INSERT [dbo].[InventoryHistory] ([LogID], [ProductID], [ChangeQuantity], [ChangeType], [LogDate], [Note]) VALUES (10, 44, 50, N'Import', CAST(N'2026-04-16T04:20:32.390' AS DateTime), N'nhập 50 thêm Combo "Đại Dương Thịnh Vượng"')
INSERT [dbo].[InventoryHistory] ([LogID], [ProductID], [ChangeQuantity], [ChangeType], [LogDate], [Note]) VALUES (11, 45, 20, N'Import', CAST(N'2026-04-23T07:47:38.067' AS DateTime), NULL)
INSERT [dbo].[InventoryHistory] ([LogID], [ProductID], [ChangeQuantity], [ChangeType], [LogDate], [Note]) VALUES (12, 17, 5, N'Import', CAST(N'2026-04-23T07:47:47.293' AS DateTime), NULL)
INSERT [dbo].[InventoryHistory] ([LogID], [ProductID], [ChangeQuantity], [ChangeType], [LogDate], [Note]) VALUES (13, 24, 5, N'Import', CAST(N'2026-04-23T07:47:50.817' AS DateTime), NULL)
SET IDENTITY_INSERT [dbo].[InventoryHistory] OFF
GO
SET IDENTITY_INSERT [dbo].[OrderDetails] ON 

INSERT [dbo].[OrderDetails] ([OrderDetailID], [OrderID], [ProductID], [Quantity], [UnitPrice]) VALUES (1, 1, 1, 2, CAST(15000.00 AS Decimal(18, 2)))
INSERT [dbo].[OrderDetails] ([OrderDetailID], [OrderID], [ProductID], [Quantity], [UnitPrice]) VALUES (2, 1, 4, 1, CAST(160000.00 AS Decimal(18, 2)))
INSERT [dbo].[OrderDetails] ([OrderDetailID], [OrderID], [ProductID], [Quantity], [UnitPrice]) VALUES (3, 1, 7, 2, CAST(35000.00 AS Decimal(18, 2)))
INSERT [dbo].[OrderDetails] ([OrderDetailID], [OrderID], [ProductID], [Quantity], [UnitPrice]) VALUES (4, 2, 9, 1, CAST(450000.00 AS Decimal(18, 2)))
INSERT [dbo].[OrderDetails] ([OrderDetailID], [OrderID], [ProductID], [Quantity], [UnitPrice]) VALUES (5, 3, 12, 1, CAST(180000.00 AS Decimal(18, 2)))
INSERT [dbo].[OrderDetails] ([OrderDetailID], [OrderID], [ProductID], [Quantity], [UnitPrice]) VALUES (6, 4, 1, 4, CAST(15000.00 AS Decimal(18, 2)))
INSERT [dbo].[OrderDetails] ([OrderDetailID], [OrderID], [ProductID], [Quantity], [UnitPrice]) VALUES (7, 4, 2, 2, CAST(25000.00 AS Decimal(18, 2)))
INSERT [dbo].[OrderDetails] ([OrderDetailID], [OrderID], [ProductID], [Quantity], [UnitPrice]) VALUES (8, 5, 1, 10, CAST(15000.00 AS Decimal(18, 2)))
INSERT [dbo].[OrderDetails] ([OrderDetailID], [OrderID], [ProductID], [Quantity], [UnitPrice]) VALUES (9, 6, 1, 4, CAST(15000.00 AS Decimal(18, 2)))
INSERT [dbo].[OrderDetails] ([OrderDetailID], [OrderID], [ProductID], [Quantity], [UnitPrice]) VALUES (10, 6, 2, 4, CAST(25000.00 AS Decimal(18, 2)))
INSERT [dbo].[OrderDetails] ([OrderDetailID], [OrderID], [ProductID], [Quantity], [UnitPrice]) VALUES (11, 7, 1, 4, CAST(15000.00 AS Decimal(18, 2)))
INSERT [dbo].[OrderDetails] ([OrderDetailID], [OrderID], [ProductID], [Quantity], [UnitPrice]) VALUES (12, 7, 2, 4, CAST(25000.00 AS Decimal(18, 2)))
INSERT [dbo].[OrderDetails] ([OrderDetailID], [OrderID], [ProductID], [Quantity], [UnitPrice]) VALUES (13, 8, 2, 10, CAST(25000.00 AS Decimal(18, 2)))
INSERT [dbo].[OrderDetails] ([OrderDetailID], [OrderID], [ProductID], [Quantity], [UnitPrice]) VALUES (14, 9, 1, 4, CAST(15000.00 AS Decimal(18, 2)))
INSERT [dbo].[OrderDetails] ([OrderDetailID], [OrderID], [ProductID], [Quantity], [UnitPrice]) VALUES (15, 10, 2, 4, CAST(25000.00 AS Decimal(18, 2)))
INSERT [dbo].[OrderDetails] ([OrderDetailID], [OrderID], [ProductID], [Quantity], [UnitPrice]) VALUES (16, 11, 1, 3, CAST(15000.00 AS Decimal(18, 2)))
INSERT [dbo].[OrderDetails] ([OrderDetailID], [OrderID], [ProductID], [Quantity], [UnitPrice]) VALUES (17, 12, 3, 3, CAST(35000.00 AS Decimal(18, 2)))
INSERT [dbo].[OrderDetails] ([OrderDetailID], [OrderID], [ProductID], [Quantity], [UnitPrice]) VALUES (18, 13, 14, 5, CAST(280000.00 AS Decimal(18, 2)))
INSERT [dbo].[OrderDetails] ([OrderDetailID], [OrderID], [ProductID], [Quantity], [UnitPrice]) VALUES (19, 14, 1, 4, CAST(15000.00 AS Decimal(18, 2)))
INSERT [dbo].[OrderDetails] ([OrderDetailID], [OrderID], [ProductID], [Quantity], [UnitPrice]) VALUES (20, 15, 4, 9, CAST(22000.00 AS Decimal(18, 2)))
INSERT [dbo].[OrderDetails] ([OrderDetailID], [OrderID], [ProductID], [Quantity], [UnitPrice]) VALUES (21, 16, 5, 2, CAST(28000.00 AS Decimal(18, 2)))
INSERT [dbo].[OrderDetails] ([OrderDetailID], [OrderID], [ProductID], [Quantity], [UnitPrice]) VALUES (22, 16, 6, 2, CAST(18000.00 AS Decimal(18, 2)))
INSERT [dbo].[OrderDetails] ([OrderDetailID], [OrderID], [ProductID], [Quantity], [UnitPrice]) VALUES (23, 16, 9, 2, CAST(65000.00 AS Decimal(18, 2)))
INSERT [dbo].[OrderDetails] ([OrderDetailID], [OrderID], [ProductID], [Quantity], [UnitPrice]) VALUES (24, 16, 8, 2, CAST(30000.00 AS Decimal(18, 2)))
INSERT [dbo].[OrderDetails] ([OrderDetailID], [OrderID], [ProductID], [Quantity], [UnitPrice]) VALUES (25, 16, 7, 2, CAST(12000.00 AS Decimal(18, 2)))
INSERT [dbo].[OrderDetails] ([OrderDetailID], [OrderID], [ProductID], [Quantity], [UnitPrice]) VALUES (26, 16, 10, 2, CAST(25000.00 AS Decimal(18, 2)))
INSERT [dbo].[OrderDetails] ([OrderDetailID], [OrderID], [ProductID], [Quantity], [UnitPrice]) VALUES (27, 17, 5, 1, CAST(28000.00 AS Decimal(18, 2)))
INSERT [dbo].[OrderDetails] ([OrderDetailID], [OrderID], [ProductID], [Quantity], [UnitPrice]) VALUES (28, 18, 44, 4, CAST(3000000.00 AS Decimal(18, 2)))
INSERT [dbo].[OrderDetails] ([OrderDetailID], [OrderID], [ProductID], [Quantity], [UnitPrice]) VALUES (29, 19, 44, 16, CAST(3000000.00 AS Decimal(18, 2)))
INSERT [dbo].[OrderDetails] ([OrderDetailID], [OrderID], [ProductID], [Quantity], [UnitPrice]) VALUES (30, 20, 28, 2, CAST(250000.00 AS Decimal(18, 2)))
INSERT [dbo].[OrderDetails] ([OrderDetailID], [OrderID], [ProductID], [Quantity], [UnitPrice]) VALUES (31, 21, 13, 1, CAST(85000.00 AS Decimal(18, 2)))
INSERT [dbo].[OrderDetails] ([OrderDetailID], [OrderID], [ProductID], [Quantity], [UnitPrice]) VALUES (32, 22, 45, 3, CAST(1400000.00 AS Decimal(18, 2)))
INSERT [dbo].[OrderDetails] ([OrderDetailID], [OrderID], [ProductID], [Quantity], [UnitPrice]) VALUES (33, 23, 43, 4, CAST(120000.00 AS Decimal(18, 2)))
INSERT [dbo].[OrderDetails] ([OrderDetailID], [OrderID], [ProductID], [Quantity], [UnitPrice]) VALUES (34, 24, 42, 4, CAST(66000.00 AS Decimal(18, 2)))
INSERT [dbo].[OrderDetails] ([OrderDetailID], [OrderID], [ProductID], [Quantity], [UnitPrice]) VALUES (35, 25, 39, 1, CAST(25000.00 AS Decimal(18, 2)))
INSERT [dbo].[OrderDetails] ([OrderDetailID], [OrderID], [ProductID], [Quantity], [UnitPrice]) VALUES (36, 25, 26, 1, CAST(45000.00 AS Decimal(18, 2)))
INSERT [dbo].[OrderDetails] ([OrderDetailID], [OrderID], [ProductID], [Quantity], [UnitPrice]) VALUES (37, 25, 27, 1, CAST(180000.00 AS Decimal(18, 2)))
INSERT [dbo].[OrderDetails] ([OrderDetailID], [OrderID], [ProductID], [Quantity], [UnitPrice]) VALUES (38, 26, 41, 3, CAST(70000.00 AS Decimal(18, 2)))
INSERT [dbo].[OrderDetails] ([OrderDetailID], [OrderID], [ProductID], [Quantity], [UnitPrice]) VALUES (39, 27, 42, 5, CAST(66000.00 AS Decimal(18, 2)))
INSERT [dbo].[OrderDetails] ([OrderDetailID], [OrderID], [ProductID], [Quantity], [UnitPrice]) VALUES (40, 28, 38, 5, CAST(45000.00 AS Decimal(18, 2)))
INSERT [dbo].[OrderDetails] ([OrderDetailID], [OrderID], [ProductID], [Quantity], [UnitPrice]) VALUES (41, 28, 37, 1, CAST(180000.00 AS Decimal(18, 2)))
INSERT [dbo].[OrderDetails] ([OrderDetailID], [OrderID], [ProductID], [Quantity], [UnitPrice]) VALUES (42, 28, 39, 2, CAST(25000.00 AS Decimal(18, 2)))
INSERT [dbo].[OrderDetails] ([OrderDetailID], [OrderID], [ProductID], [Quantity], [UnitPrice]) VALUES (43, 34, 45, 1, CAST(1400000.00 AS Decimal(18, 2)))
INSERT [dbo].[OrderDetails] ([OrderDetailID], [OrderID], [ProductID], [Quantity], [UnitPrice]) VALUES (44, 34, 43, 1, CAST(120000.00 AS Decimal(18, 2)))
INSERT [dbo].[OrderDetails] ([OrderDetailID], [OrderID], [ProductID], [Quantity], [UnitPrice]) VALUES (45, 34, 42, 1, CAST(66000.00 AS Decimal(18, 2)))
INSERT [dbo].[OrderDetails] ([OrderDetailID], [OrderID], [ProductID], [Quantity], [UnitPrice]) VALUES (46, 35, 45, 1, CAST(1400000.00 AS Decimal(18, 2)))
INSERT [dbo].[OrderDetails] ([OrderDetailID], [OrderID], [ProductID], [Quantity], [UnitPrice]) VALUES (47, 36, 35, 1, CAST(55000.00 AS Decimal(18, 2)))
INSERT [dbo].[OrderDetails] ([OrderDetailID], [OrderID], [ProductID], [Quantity], [UnitPrice]) VALUES (48, 37, 35, 1, CAST(55000.00 AS Decimal(18, 2)))
INSERT [dbo].[OrderDetails] ([OrderDetailID], [OrderID], [ProductID], [Quantity], [UnitPrice]) VALUES (49, 38, 34, 1, CAST(45000.00 AS Decimal(18, 2)))
INSERT [dbo].[OrderDetails] ([OrderDetailID], [OrderID], [ProductID], [Quantity], [UnitPrice]) VALUES (50, 39, 31, 4, CAST(26000.00 AS Decimal(18, 2)))
INSERT [dbo].[OrderDetails] ([OrderDetailID], [OrderID], [ProductID], [Quantity], [UnitPrice]) VALUES (51, 39, 30, 4, CAST(8000.00 AS Decimal(18, 2)))
INSERT [dbo].[OrderDetails] ([OrderDetailID], [OrderID], [ProductID], [Quantity], [UnitPrice]) VALUES (52, 40, 24, 1, CAST(350000.00 AS Decimal(18, 2)))
INSERT [dbo].[OrderDetails] ([OrderDetailID], [OrderID], [ProductID], [Quantity], [UnitPrice]) VALUES (53, 40, 23, 1, CAST(320000.00 AS Decimal(18, 2)))
INSERT [dbo].[OrderDetails] ([OrderDetailID], [OrderID], [ProductID], [Quantity], [UnitPrice]) VALUES (54, 40, 21, 1, CAST(180000.00 AS Decimal(18, 2)))
INSERT [dbo].[OrderDetails] ([OrderDetailID], [OrderID], [ProductID], [Quantity], [UnitPrice]) VALUES (55, 40, 19, 1, CAST(135000.00 AS Decimal(18, 2)))
INSERT [dbo].[OrderDetails] ([OrderDetailID], [OrderID], [ProductID], [Quantity], [UnitPrice]) VALUES (56, 41, 24, 8, CAST(350000.00 AS Decimal(18, 2)))
INSERT [dbo].[OrderDetails] ([OrderDetailID], [OrderID], [ProductID], [Quantity], [UnitPrice]) VALUES (57, 42, 45, 1, CAST(1400000.00 AS Decimal(18, 2)))
INSERT [dbo].[OrderDetails] ([OrderDetailID], [OrderID], [ProductID], [Quantity], [UnitPrice]) VALUES (58, 43, 14, 1, CAST(280000.00 AS Decimal(18, 2)))
INSERT [dbo].[OrderDetails] ([OrderDetailID], [OrderID], [ProductID], [Quantity], [UnitPrice]) VALUES (59, 44, 14, 1, CAST(280000.00 AS Decimal(18, 2)))
INSERT [dbo].[OrderDetails] ([OrderDetailID], [OrderID], [ProductID], [Quantity], [UnitPrice]) VALUES (60, 45, 44, 1, CAST(3000000.00 AS Decimal(18, 2)))
INSERT [dbo].[OrderDetails] ([OrderDetailID], [OrderID], [ProductID], [Quantity], [UnitPrice]) VALUES (61, 45, 45, 1, CAST(1400000.00 AS Decimal(18, 2)))
INSERT [dbo].[OrderDetails] ([OrderDetailID], [OrderID], [ProductID], [Quantity], [UnitPrice]) VALUES (62, 46, 29, 1, CAST(35000.00 AS Decimal(18, 2)))
INSERT [dbo].[OrderDetails] ([OrderDetailID], [OrderID], [ProductID], [Quantity], [UnitPrice]) VALUES (63, 46, 28, 1, CAST(250000.00 AS Decimal(18, 2)))
INSERT [dbo].[OrderDetails] ([OrderDetailID], [OrderID], [ProductID], [Quantity], [UnitPrice]) VALUES (64, 46, 17, 2, CAST(95000.00 AS Decimal(18, 2)))
INSERT [dbo].[OrderDetails] ([OrderDetailID], [OrderID], [ProductID], [Quantity], [UnitPrice]) VALUES (65, 47, 29, 1, CAST(35000.00 AS Decimal(18, 2)))
INSERT [dbo].[OrderDetails] ([OrderDetailID], [OrderID], [ProductID], [Quantity], [UnitPrice]) VALUES (66, 47, 28, 1, CAST(250000.00 AS Decimal(18, 2)))
INSERT [dbo].[OrderDetails] ([OrderDetailID], [OrderID], [ProductID], [Quantity], [UnitPrice]) VALUES (67, 47, 17, 2, CAST(95000.00 AS Decimal(18, 2)))
INSERT [dbo].[OrderDetails] ([OrderDetailID], [OrderID], [ProductID], [Quantity], [UnitPrice]) VALUES (68, 48, 29, 1, CAST(35000.00 AS Decimal(18, 2)))
INSERT [dbo].[OrderDetails] ([OrderDetailID], [OrderID], [ProductID], [Quantity], [UnitPrice]) VALUES (69, 48, 28, 1, CAST(250000.00 AS Decimal(18, 2)))
INSERT [dbo].[OrderDetails] ([OrderDetailID], [OrderID], [ProductID], [Quantity], [UnitPrice]) VALUES (70, 48, 17, 2, CAST(95000.00 AS Decimal(18, 2)))
INSERT [dbo].[OrderDetails] ([OrderDetailID], [OrderID], [ProductID], [Quantity], [UnitPrice]) VALUES (71, 49, 29, 1, CAST(35000.00 AS Decimal(18, 2)))
INSERT [dbo].[OrderDetails] ([OrderDetailID], [OrderID], [ProductID], [Quantity], [UnitPrice]) VALUES (72, 49, 28, 1, CAST(250000.00 AS Decimal(18, 2)))
INSERT [dbo].[OrderDetails] ([OrderDetailID], [OrderID], [ProductID], [Quantity], [UnitPrice]) VALUES (73, 49, 17, 2, CAST(95000.00 AS Decimal(18, 2)))
INSERT [dbo].[OrderDetails] ([OrderDetailID], [OrderID], [ProductID], [Quantity], [UnitPrice]) VALUES (74, 50, 29, 1, CAST(35000.00 AS Decimal(18, 2)))
INSERT [dbo].[OrderDetails] ([OrderDetailID], [OrderID], [ProductID], [Quantity], [UnitPrice]) VALUES (75, 50, 28, 1, CAST(250000.00 AS Decimal(18, 2)))
INSERT [dbo].[OrderDetails] ([OrderDetailID], [OrderID], [ProductID], [Quantity], [UnitPrice]) VALUES (76, 50, 17, 2, CAST(95000.00 AS Decimal(18, 2)))
INSERT [dbo].[OrderDetails] ([OrderDetailID], [OrderID], [ProductID], [Quantity], [UnitPrice]) VALUES (77, 51, 29, 1, CAST(35000.00 AS Decimal(18, 2)))
INSERT [dbo].[OrderDetails] ([OrderDetailID], [OrderID], [ProductID], [Quantity], [UnitPrice]) VALUES (78, 51, 28, 1, CAST(250000.00 AS Decimal(18, 2)))
INSERT [dbo].[OrderDetails] ([OrderDetailID], [OrderID], [ProductID], [Quantity], [UnitPrice]) VALUES (79, 51, 17, 2, CAST(95000.00 AS Decimal(18, 2)))
INSERT [dbo].[OrderDetails] ([OrderDetailID], [OrderID], [ProductID], [Quantity], [UnitPrice]) VALUES (80, 52, 29, 1, CAST(35000.00 AS Decimal(18, 2)))
INSERT [dbo].[OrderDetails] ([OrderDetailID], [OrderID], [ProductID], [Quantity], [UnitPrice]) VALUES (81, 52, 28, 1, CAST(250000.00 AS Decimal(18, 2)))
INSERT [dbo].[OrderDetails] ([OrderDetailID], [OrderID], [ProductID], [Quantity], [UnitPrice]) VALUES (82, 52, 17, 2, CAST(95000.00 AS Decimal(18, 2)))
INSERT [dbo].[OrderDetails] ([OrderDetailID], [OrderID], [ProductID], [Quantity], [UnitPrice]) VALUES (83, 53, 41, 2, CAST(70000.00 AS Decimal(18, 2)))
INSERT [dbo].[OrderDetails] ([OrderDetailID], [OrderID], [ProductID], [Quantity], [UnitPrice]) VALUES (84, 53, 40, 2, CAST(150000.00 AS Decimal(18, 2)))
INSERT [dbo].[OrderDetails] ([OrderDetailID], [OrderID], [ProductID], [Quantity], [UnitPrice]) VALUES (85, 54, 41, 2, CAST(70000.00 AS Decimal(18, 2)))
INSERT [dbo].[OrderDetails] ([OrderDetailID], [OrderID], [ProductID], [Quantity], [UnitPrice]) VALUES (86, 54, 40, 2, CAST(150000.00 AS Decimal(18, 2)))
INSERT [dbo].[OrderDetails] ([OrderDetailID], [OrderID], [ProductID], [Quantity], [UnitPrice]) VALUES (87, 55, 41, 2, CAST(70000.00 AS Decimal(18, 2)))
INSERT [dbo].[OrderDetails] ([OrderDetailID], [OrderID], [ProductID], [Quantity], [UnitPrice]) VALUES (88, 55, 40, 2, CAST(150000.00 AS Decimal(18, 2)))
INSERT [dbo].[OrderDetails] ([OrderDetailID], [OrderID], [ProductID], [Quantity], [UnitPrice]) VALUES (89, 56, 30, 5, CAST(8000.00 AS Decimal(18, 2)))
INSERT [dbo].[OrderDetails] ([OrderDetailID], [OrderID], [ProductID], [Quantity], [UnitPrice]) VALUES (90, 57, 44, 30, CAST(3000000.00 AS Decimal(18, 2)))
INSERT [dbo].[OrderDetails] ([OrderDetailID], [OrderID], [ProductID], [Quantity], [UnitPrice]) VALUES (91, 58, 44, 17, CAST(3000000.00 AS Decimal(18, 2)))
INSERT [dbo].[OrderDetails] ([OrderDetailID], [OrderID], [ProductID], [Quantity], [UnitPrice]) VALUES (92, 60, 44, 30, CAST(3000000.00 AS Decimal(18, 2)))
INSERT [dbo].[OrderDetails] ([OrderDetailID], [OrderID], [ProductID], [Quantity], [UnitPrice]) VALUES (93, 61, 45, 5, CAST(1400000.00 AS Decimal(18, 2)))
INSERT [dbo].[OrderDetails] ([OrderDetailID], [OrderID], [ProductID], [Quantity], [UnitPrice]) VALUES (94, 62, 45, 2, CAST(1400000.00 AS Decimal(18, 2)))
INSERT [dbo].[OrderDetails] ([OrderDetailID], [OrderID], [ProductID], [Quantity], [UnitPrice]) VALUES (95, 63, 45, 3, CAST(1400000.00 AS Decimal(18, 2)))
INSERT [dbo].[OrderDetails] ([OrderDetailID], [OrderID], [ProductID], [Quantity], [UnitPrice]) VALUES (96, 64, 45, 3, CAST(1400000.00 AS Decimal(18, 2)))
INSERT [dbo].[OrderDetails] ([OrderDetailID], [OrderID], [ProductID], [Quantity], [UnitPrice]) VALUES (97, 65, 45, 5, CAST(1400000.00 AS Decimal(18, 2)))
INSERT [dbo].[OrderDetails] ([OrderDetailID], [OrderID], [ProductID], [Quantity], [UnitPrice]) VALUES (98, 66, 44, 2, CAST(3000000.00 AS Decimal(18, 2)))
INSERT [dbo].[OrderDetails] ([OrderDetailID], [OrderID], [ProductID], [Quantity], [UnitPrice]) VALUES (99, 67, 45, 5, CAST(1400000.00 AS Decimal(18, 2)))
GO
INSERT [dbo].[OrderDetails] ([OrderDetailID], [OrderID], [ProductID], [Quantity], [UnitPrice]) VALUES (100, 68, 45, 5, CAST(1400000.00 AS Decimal(18, 2)))
INSERT [dbo].[OrderDetails] ([OrderDetailID], [OrderID], [ProductID], [Quantity], [UnitPrice]) VALUES (101, 69, 45, 5, CAST(1400000.00 AS Decimal(18, 2)))
INSERT [dbo].[OrderDetails] ([OrderDetailID], [OrderID], [ProductID], [Quantity], [UnitPrice]) VALUES (102, 71, 41, 5, CAST(60000.00 AS Decimal(18, 2)))
INSERT [dbo].[OrderDetails] ([OrderDetailID], [OrderID], [ProductID], [Quantity], [UnitPrice]) VALUES (103, 72, 28, 3, CAST(250000.00 AS Decimal(18, 2)))
INSERT [dbo].[OrderDetails] ([OrderDetailID], [OrderID], [ProductID], [Quantity], [UnitPrice]) VALUES (104, 73, 42, 3, CAST(55000.00 AS Decimal(18, 2)))
INSERT [dbo].[OrderDetails] ([OrderDetailID], [OrderID], [ProductID], [Quantity], [UnitPrice]) VALUES (105, 74, 42, 3, CAST(55000.00 AS Decimal(18, 2)))
INSERT [dbo].[OrderDetails] ([OrderDetailID], [OrderID], [ProductID], [Quantity], [UnitPrice]) VALUES (106, 75, 28, 3, CAST(250000.00 AS Decimal(18, 2)))
INSERT [dbo].[OrderDetails] ([OrderDetailID], [OrderID], [ProductID], [Quantity], [UnitPrice]) VALUES (107, 76, 40, 3, CAST(150000.00 AS Decimal(18, 2)))
INSERT [dbo].[OrderDetails] ([OrderDetailID], [OrderID], [ProductID], [Quantity], [UnitPrice]) VALUES (108, 77, 29, 3, CAST(35000.00 AS Decimal(18, 2)))
INSERT [dbo].[OrderDetails] ([OrderDetailID], [OrderID], [ProductID], [Quantity], [UnitPrice]) VALUES (109, 78, 33, 3, CAST(95000.00 AS Decimal(18, 2)))
INSERT [dbo].[OrderDetails] ([OrderDetailID], [OrderID], [ProductID], [Quantity], [UnitPrice]) VALUES (110, 79, 41, 4, CAST(60000.00 AS Decimal(18, 2)))
INSERT [dbo].[OrderDetails] ([OrderDetailID], [OrderID], [ProductID], [Quantity], [UnitPrice]) VALUES (111, 80, 41, 4, CAST(60000.00 AS Decimal(18, 2)))
INSERT [dbo].[OrderDetails] ([OrderDetailID], [OrderID], [ProductID], [Quantity], [UnitPrice]) VALUES (112, 81, 41, 4, CAST(60000.00 AS Decimal(18, 2)))
INSERT [dbo].[OrderDetails] ([OrderDetailID], [OrderID], [ProductID], [Quantity], [UnitPrice]) VALUES (113, 82, 26, 7, CAST(45000.00 AS Decimal(18, 2)))
INSERT [dbo].[OrderDetails] ([OrderDetailID], [OrderID], [ProductID], [Quantity], [UnitPrice]) VALUES (114, 83, 38, 5, CAST(45000.00 AS Decimal(18, 2)))
INSERT [dbo].[OrderDetails] ([OrderDetailID], [OrderID], [ProductID], [Quantity], [UnitPrice]) VALUES (115, 84, 38, 5, CAST(45000.00 AS Decimal(18, 2)))
INSERT [dbo].[OrderDetails] ([OrderDetailID], [OrderID], [ProductID], [Quantity], [UnitPrice]) VALUES (116, 85, 3, 5, CAST(35000.00 AS Decimal(18, 2)))
INSERT [dbo].[OrderDetails] ([OrderDetailID], [OrderID], [ProductID], [Quantity], [UnitPrice]) VALUES (117, 86, 12, 3, CAST(160000.00 AS Decimal(18, 2)))
INSERT [dbo].[OrderDetails] ([OrderDetailID], [OrderID], [ProductID], [Quantity], [UnitPrice]) VALUES (118, 87, 10, 5, CAST(25000.00 AS Decimal(18, 2)))
INSERT [dbo].[OrderDetails] ([OrderDetailID], [OrderID], [ProductID], [Quantity], [UnitPrice]) VALUES (119, 88, 28, 4, CAST(250000.00 AS Decimal(18, 2)))
INSERT [dbo].[OrderDetails] ([OrderDetailID], [OrderID], [ProductID], [Quantity], [UnitPrice]) VALUES (120, 89, 28, 3, CAST(250000.00 AS Decimal(18, 2)))
INSERT [dbo].[OrderDetails] ([OrderDetailID], [OrderID], [ProductID], [Quantity], [UnitPrice]) VALUES (121, 90, 19, 4, CAST(135000.00 AS Decimal(18, 2)))
INSERT [dbo].[OrderDetails] ([OrderDetailID], [OrderID], [ProductID], [Quantity], [UnitPrice]) VALUES (122, 91, 28, 2, CAST(250000.00 AS Decimal(18, 2)))
INSERT [dbo].[OrderDetails] ([OrderDetailID], [OrderID], [ProductID], [Quantity], [UnitPrice]) VALUES (123, 92, 27, 3, CAST(180000.00 AS Decimal(18, 2)))
INSERT [dbo].[OrderDetails] ([OrderDetailID], [OrderID], [ProductID], [Quantity], [UnitPrice]) VALUES (124, 93, 11, 4, CAST(65000.00 AS Decimal(18, 2)))
INSERT [dbo].[OrderDetails] ([OrderDetailID], [OrderID], [ProductID], [Quantity], [UnitPrice]) VALUES (125, 94, 41, 4, CAST(60000.00 AS Decimal(18, 2)))
INSERT [dbo].[OrderDetails] ([OrderDetailID], [OrderID], [ProductID], [Quantity], [UnitPrice]) VALUES (126, 95, 45, 4, CAST(1200000.00 AS Decimal(18, 2)))
INSERT [dbo].[OrderDetails] ([OrderDetailID], [OrderID], [ProductID], [Quantity], [UnitPrice]) VALUES (127, 95, 42, 4, CAST(55000.00 AS Decimal(18, 2)))
INSERT [dbo].[OrderDetails] ([OrderDetailID], [OrderID], [ProductID], [Quantity], [UnitPrice]) VALUES (128, 95, 31, 4, CAST(26000.00 AS Decimal(18, 2)))
SET IDENTITY_INSERT [dbo].[OrderDetails] OFF
GO
SET IDENTITY_INSERT [dbo].[Orders] ON 

INSERT [dbo].[Orders] ([OrderID], [UserID], [OrderDate], [TotalAmount], [ShippingAddress], [ShippingMethodID], [VoucherID], [Status], [OrderCode]) VALUES (1, 2, CAST(N'2026-04-07T10:38:11.640' AS DateTime), CAST(255000.00 AS Decimal(18, 2)), N'Qu?n 1, TP.HCM', 2, NULL, N'Delivered', N'VH-000001')
INSERT [dbo].[Orders] ([OrderID], [UserID], [OrderDate], [TotalAmount], [ShippingAddress], [ShippingMethodID], [VoucherID], [Status], [OrderCode]) VALUES (2, 3, CAST(N'2026-04-07T10:38:11.640' AS DateTime), CAST(450000.00 AS Decimal(18, 2)), N'Qu?n 7, TP.HCM', 1, NULL, N'Shipped', N'VH-000002')
INSERT [dbo].[Orders] ([OrderID], [UserID], [OrderDate], [TotalAmount], [ShippingAddress], [ShippingMethodID], [VoucherID], [Status], [OrderCode]) VALUES (3, 4, CAST(N'2026-04-07T10:38:11.643' AS DateTime), CAST(180000.00 AS Decimal(18, 2)), N'Th? Ð?c, TP.HCM', 3, NULL, N'Completed', N'VH-000003')
INSERT [dbo].[Orders] ([OrderID], [UserID], [OrderDate], [TotalAmount], [ShippingAddress], [ShippingMethodID], [VoucherID], [Status], [OrderCode]) VALUES (4, 1, CAST(N'2026-04-07T16:36:16.223' AS DateTime), CAST(110000.00 AS Decimal(18, 2)), N'c - 0900000003 - hà nội', NULL, NULL, N'Processing', N'VH-000004')
INSERT [dbo].[Orders] ([OrderID], [UserID], [OrderDate], [TotalAmount], [ShippingAddress], [ShippingMethodID], [VoucherID], [Status], [OrderCode]) VALUES (5, 1, CAST(N'2026-04-07T16:36:55.337' AS DateTime), CAST(150000.00 AS Decimal(18, 2)), N'c - 1234567890 - hà nội', NULL, NULL, N'Paid', N'VH-000005')
INSERT [dbo].[Orders] ([OrderID], [UserID], [OrderDate], [TotalAmount], [ShippingAddress], [ShippingMethodID], [VoucherID], [Status], [OrderCode]) VALUES (6, 1, CAST(N'2026-04-07T16:44:42.730' AS DateTime), CAST(160000.00 AS Decimal(18, 2)), N'hoang - 1234567890 - hà nội', NULL, NULL, N'Processing', N'VH-000006')
INSERT [dbo].[Orders] ([OrderID], [UserID], [OrderDate], [TotalAmount], [ShippingAddress], [ShippingMethodID], [VoucherID], [Status], [OrderCode]) VALUES (7, 1, CAST(N'2026-04-07T16:47:31.250' AS DateTime), CAST(202800.00 AS Decimal(18, 2)), N'hoang - 1234567890 - hà nội', NULL, NULL, N'Paid', N'VH-000007')
INSERT [dbo].[Orders] ([OrderID], [UserID], [OrderDate], [TotalAmount], [ShippingAddress], [ShippingMethodID], [VoucherID], [Status], [OrderCode]) VALUES (8, 6, CAST(N'2026-04-07T16:54:22.470' AS DateTime), CAST(270000.00 AS Decimal(18, 2)), N'hoang - 1234567890 - hà nội 2', NULL, NULL, N'Paid', N'VH-000008')
INSERT [dbo].[Orders] ([OrderID], [UserID], [OrderDate], [TotalAmount], [ShippingAddress], [ShippingMethodID], [VoucherID], [Status], [OrderCode]) VALUES (9, 6, CAST(N'2026-04-07T17:06:25.507' AS DateTime), CAST(94800.00 AS Decimal(18, 2)), N'hoang - 1234567890 - hà nội 2', NULL, NULL, N'Processing', N'VH-000009')
INSERT [dbo].[Orders] ([OrderID], [UserID], [OrderDate], [TotalAmount], [ShippingAddress], [ShippingMethodID], [VoucherID], [Status], [OrderCode]) VALUES (10, 6, CAST(N'2026-04-07T17:09:53.323' AS DateTime), CAST(138000.00 AS Decimal(18, 2)), N'hoang - 1234567890 - hà nội 2', NULL, NULL, N'Processing', N'F0000000A')
INSERT [dbo].[Orders] ([OrderID], [UserID], [OrderDate], [TotalAmount], [ShippingAddress], [ShippingMethodID], [VoucherID], [Status], [OrderCode]) VALUES (11, 6, CAST(N'2026-04-07T17:13:28.930' AS DateTime), CAST(78600.00 AS Decimal(18, 2)), N'hoang - 1234567890 - hà nội 2', NULL, NULL, N'Processing', N'A6FKR4LH9')
INSERT [dbo].[Orders] ([OrderID], [UserID], [OrderDate], [TotalAmount], [ShippingAddress], [ShippingMethodID], [VoucherID], [Status], [OrderCode]) VALUES (12, 6, CAST(N'2026-04-07T17:15:39.770' AS DateTime), CAST(143400.00 AS Decimal(18, 2)), N'hoang - 1234567890 - hà nội 2', NULL, NULL, N'Delivered', N'8E84MFZVBGGNTRPSRL')
INSERT [dbo].[Orders] ([OrderID], [UserID], [OrderDate], [TotalAmount], [ShippingAddress], [ShippingMethodID], [VoucherID], [Status], [OrderCode]) VALUES (13, 6, CAST(N'2026-04-08T10:00:22.810' AS DateTime), CAST(1479600.00 AS Decimal(18, 2)), N'hoang - 1234567890 - Cầu Diễn, Hà Nội', NULL, 1, N'Delivered', N'5GT3EVBNBWFQ72PH6S')
INSERT [dbo].[Orders] ([OrderID], [UserID], [OrderDate], [TotalAmount], [ShippingAddress], [ShippingMethodID], [VoucherID], [Status], [OrderCode]) VALUES (14, 6, CAST(N'2026-04-08T10:08:26.793' AS DateTime), CAST(94800.00 AS Decimal(18, 2)), N'c - 1234567890 - hà nội 2', NULL, NULL, N'Completed', N'ZDY6N79P79JPFT6TZ5')
INSERT [dbo].[Orders] ([OrderID], [UserID], [OrderDate], [TotalAmount], [ShippingAddress], [ShippingMethodID], [VoucherID], [Status], [OrderCode]) VALUES (15, 1, CAST(N'2026-04-08T15:53:51.180' AS DateTime), CAST(253840.00 AS Decimal(18, 2)), N'admin - 1234567890 - hà nội ', 2, NULL, N'Completed', N'7YPXTUJF79UMQ69F4R')
INSERT [dbo].[Orders] ([OrderID], [UserID], [OrderDate], [TotalAmount], [ShippingAddress], [ShippingMethodID], [VoucherID], [Status], [OrderCode]) VALUES (16, 6, CAST(N'2026-04-09T08:21:00.803' AS DateTime), CAST(384480.00 AS Decimal(18, 2)), N'hoang - 1234567890 - hà nội', 3, NULL, N'Delivered', N'YDTGNGUNMSXUC24RTB')
INSERT [dbo].[Orders] ([OrderID], [UserID], [OrderDate], [TotalAmount], [ShippingAddress], [ShippingMethodID], [VoucherID], [Status], [OrderCode]) VALUES (17, 1, CAST(N'2026-04-09T16:26:08.707' AS DateTime), CAST(90240.00 AS Decimal(18, 2)), N'admin - 0123456789 - fjdskl', 3, NULL, N'Pending', N'WKLXNHN7KPMALDNURY')
INSERT [dbo].[Orders] ([OrderID], [UserID], [OrderDate], [TotalAmount], [ShippingAddress], [ShippingMethodID], [VoucherID], [Status], [OrderCode]) VALUES (18, 1, CAST(N'2026-04-10T13:33:25.370' AS DateTime), CAST(12927600.00 AS Decimal(18, 2)), N'Trần Văn Cường - 9000000000 - Đống Đa, Hà Nội', 3, 1, N'Completed', N'3MHU7WEJNMSQTY3KU2')
INSERT [dbo].[Orders] ([OrderID], [UserID], [OrderDate], [TotalAmount], [ShippingAddress], [ShippingMethodID], [VoucherID], [Status], [OrderCode]) VALUES (19, 1, CAST(N'2026-04-10T16:51:23.010' AS DateTime), CAST(51840000.00 AS Decimal(18, 2)), N'admin - 1234567890 - hà nội1', 3, NULL, N'Processing', N'KAUJN7TEJ2RCDMQZ8Q')
INSERT [dbo].[Orders] ([OrderID], [UserID], [OrderDate], [TotalAmount], [ShippingAddress], [ShippingMethodID], [VoucherID], [Status], [OrderCode]) VALUES (20, 8, CAST(N'2026-04-13T08:31:36.773' AS DateTime), CAST(540000.00 AS Decimal(18, 2)), N'an - 1234567890 - an@gmail.com - 123 Đường Sạch, Quận 1, TP. Hồ Chí Minh', 3, NULL, N'Processing', N'9M4T3JXLW6AFVGFD3Y')
INSERT [dbo].[Orders] ([OrderID], [UserID], [OrderDate], [TotalAmount], [ShippingAddress], [ShippingMethodID], [VoucherID], [Status], [OrderCode]) VALUES (21, 9, CAST(N'2026-04-13T08:45:49.527' AS DateTime), CAST(131800.00 AS Decimal(18, 2)), N'hai - 1234567890 - hai@gmail.com - hà nội', 2, NULL, N'Processing', N'N625G5ETYVPKQF5RKN')
INSERT [dbo].[Orders] ([OrderID], [UserID], [OrderDate], [TotalAmount], [ShippingAddress], [ShippingMethodID], [VoucherID], [Status], [OrderCode]) VALUES (22, 9, CAST(N'2026-04-13T08:50:17.503' AS DateTime), CAST(4536000.00 AS Decimal(18, 2)), N'hai - 1234567890 - hai@gmail.com - hà nội', 2, NULL, N'Completed', N'2764F3YR8JYTVGAKNQ')
INSERT [dbo].[Orders] ([OrderID], [UserID], [OrderDate], [TotalAmount], [ShippingAddress], [ShippingMethodID], [VoucherID], [Status], [OrderCode]) VALUES (23, 1, CAST(N'2026-04-13T09:04:26.853' AS DateTime), CAST(518400.00 AS Decimal(18, 2)), N'admin - 0123456789 - admin@gmail.com - Hà Nội', 1, NULL, N'Completed', N'H9S94PSE7RDZBGKRDR')
INSERT [dbo].[Orders] ([OrderID], [UserID], [OrderDate], [TotalAmount], [ShippingAddress], [ShippingMethodID], [VoucherID], [Status], [OrderCode]) VALUES (24, 1, CAST(N'2026-04-13T09:08:19.973' AS DateTime), CAST(285120.00 AS Decimal(18, 2)), N'Admin FreshFood - 0123456789 - freshfood@gmail.com - Hà Nội', 1, NULL, N'Completed', N'R6XHCFRHVTW8CX6GG2')
INSERT [dbo].[Orders] ([OrderID], [UserID], [OrderDate], [TotalAmount], [ShippingAddress], [ShippingMethodID], [VoucherID], [Status], [OrderCode]) VALUES (25, 6, CAST(N'2026-04-13T10:34:06.193' AS DateTime), CAST(270000.00 AS Decimal(18, 2)), N'Đỗ Việt Hoàng - 1234567890 - hoang@gmail.com - Cầu Diễn, Hà Nội', 3, NULL, N'Completed', N'C8KCALEZAE8FXBUVW3')
INSERT [dbo].[Orders] ([OrderID], [UserID], [OrderDate], [TotalAmount], [ShippingAddress], [ShippingMethodID], [VoucherID], [Status], [OrderCode]) VALUES (26, 6, CAST(N'2026-04-13T10:45:22.087' AS DateTime), CAST(226800.00 AS Decimal(18, 2)), N'Đỗ Việt Hoàng - 1234567890 - hoang@gmail.com - Cầu Diễn, Hà Nội', 1, NULL, N'Processing', N'3U77658EVZBEZYBXBF')
INSERT [dbo].[Orders] ([OrderID], [UserID], [OrderDate], [TotalAmount], [ShippingAddress], [ShippingMethodID], [VoucherID], [Status], [OrderCode]) VALUES (27, 6, CAST(N'2026-04-13T10:51:15.193' AS DateTime), CAST(356400.00 AS Decimal(18, 2)), N'Đỗ Việt Hoàng - 1234567890 - hoang@gmail.com - Cầu Diễn, Hà Nội', 3, NULL, N'Processing', N'QQUAQ4YLKWNVQBZWPA')
INSERT [dbo].[Orders] ([OrderID], [UserID], [OrderDate], [TotalAmount], [ShippingAddress], [ShippingMethodID], [VoucherID], [Status], [OrderCode]) VALUES (28, 6, CAST(N'2026-04-13T11:11:36.943' AS DateTime), CAST(461825.00 AS Decimal(18, 2)), N'Đỗ Việt Hoàng - 1234567890 - hoang@gmail.com - Cầu Diễn, Hà Nội', 1, NULL, N'Completed', N'8KJUF84EKANZE4NYKC')
INSERT [dbo].[Orders] ([OrderID], [UserID], [OrderDate], [TotalAmount], [ShippingAddress], [ShippingMethodID], [VoucherID], [Status], [OrderCode]) VALUES (34, 6, CAST(N'2026-04-13T11:38:32.263' AS DateTime), CAST(1609790.00 AS Decimal(18, 2)), N'Đỗ Việt Hoàng - 1234567890 - hoang@gmail.com - Cầu Diễn, Hà Nội', 1, NULL, N'Completed', N'7GC5JZZ4AV6DCNX794')
INSERT [dbo].[Orders] ([OrderID], [UserID], [OrderDate], [TotalAmount], [ShippingAddress], [ShippingMethodID], [VoucherID], [Status], [OrderCode]) VALUES (35, 6, CAST(N'2026-04-13T11:51:53.050' AS DateTime), CAST(1421000.00 AS Decimal(18, 2)), N'Đỗ Việt Hoàng - 1234567890 - hoang@gmail.com - Cầu Diễn, Hà Nội', 1, NULL, N'Completed', N'9FCENTUWHDVMJFZHRR')
INSERT [dbo].[Orders] ([OrderID], [UserID], [OrderDate], [TotalAmount], [ShippingAddress], [ShippingMethodID], [VoucherID], [Status], [OrderCode]) VALUES (36, 6, CAST(N'2026-04-13T13:53:17.400' AS DateTime), CAST(75825.00 AS Decimal(18, 2)), N'Đỗ Việt Hoàng - 1234567890 - hoang@gmail.com - Cầu Diễn, Hà Nội', 1, NULL, N'Completed', N'KJ35SMPCXQQKSB7VAU')
INSERT [dbo].[Orders] ([OrderID], [UserID], [OrderDate], [TotalAmount], [ShippingAddress], [ShippingMethodID], [VoucherID], [Status], [OrderCode]) VALUES (37, 7, CAST(N'2026-04-13T14:30:43.427' AS DateTime), CAST(75825.00 AS Decimal(18, 2)), N'CUONG - 9000000000 - cuong@gmail.com - fdsd', 1, NULL, N'Completed', N'MX5XMQW4BGBLGCT76L')
INSERT [dbo].[Orders] ([OrderID], [UserID], [OrderDate], [TotalAmount], [ShippingAddress], [ShippingMethodID], [VoucherID], [Status], [OrderCode]) VALUES (38, 6, CAST(N'2026-04-13T15:32:26.157' AS DateTime), CAST(65675.00 AS Decimal(18, 2)), N'Đỗ Việt Hoàng - 1234567890 - hoang@gmail.com - Cầu Diễn, Hà Nội', 1, NULL, N'Cancelled', N'W77XP59JX8K4LV54GJ')
INSERT [dbo].[Orders] ([OrderID], [UserID], [OrderDate], [TotalAmount], [ShippingAddress], [ShippingMethodID], [VoucherID], [Status], [OrderCode]) VALUES (39, 6, CAST(N'2026-04-13T15:51:39.123' AS DateTime), CAST(158040.00 AS Decimal(18, 2)), N'Đỗ Việt Hoàng - 1234567890 - hoang@gmail.com - Cầu Diễn, Hà Nội', 1, NULL, N'Cancelled', N'KMLG3QJQATHWS89VYY')
INSERT [dbo].[Orders] ([OrderID], [UserID], [OrderDate], [TotalAmount], [ShippingAddress], [ShippingMethodID], [VoucherID], [Status], [OrderCode]) VALUES (40, 6, CAST(N'2026-04-13T17:29:05.283' AS DateTime), CAST(899798.00 AS Decimal(18, 2)), N'Đỗ Việt Hoàng - 1234567890 - hoang@gmail.com - Cầu Diễn, Hà Nội', 1, 3, N'Completed', N'BMVRXCW5T72TVFWM6K')
INSERT [dbo].[Orders] ([OrderID], [UserID], [OrderDate], [TotalAmount], [ShippingAddress], [ShippingMethodID], [VoucherID], [Status], [OrderCode]) VALUES (41, 6, CAST(N'2026-04-13T17:31:56.090' AS DateTime), CAST(2842000.00 AS Decimal(18, 2)), N'Đỗ Việt Hoàng - 1234567890 - hoang@gmail.com - Cầu Diễn, Hà Nội', 3, NULL, N'Completed', N'WQGLFCTAHN9JLN47RV')
INSERT [dbo].[Orders] ([OrderID], [UserID], [OrderDate], [TotalAmount], [ShippingAddress], [ShippingMethodID], [VoucherID], [Status], [OrderCode]) VALUES (42, 6, CAST(N'2026-04-13T17:42:07.983' AS DateTime), CAST(1421000.00 AS Decimal(18, 2)), N'Đỗ Việt Hoàng - 1234567890 - hoang@gmail.com - Cầu Diễn, Hà Nội', 1, NULL, N'Completed', N'6V3DRUVSCG8LJBQRBA')
INSERT [dbo].[Orders] ([OrderID], [UserID], [OrderDate], [TotalAmount], [ShippingAddress], [ShippingMethodID], [VoucherID], [Status], [OrderCode]) VALUES (43, 6, CAST(N'2026-04-15T14:32:03.823' AS DateTime), CAST(284200.00 AS Decimal(18, 2)), N'Đỗ Việt Hoàng - 1234567890 - hoang@gmail.com - Cầu Diễn, Hà Nội', 1, NULL, N'Cancelled', N'UPGUMYRPC9BDPYY24N')
INSERT [dbo].[Orders] ([OrderID], [UserID], [OrderDate], [TotalAmount], [ShippingAddress], [ShippingMethodID], [VoucherID], [Status], [OrderCode]) VALUES (44, 6, CAST(N'2026-04-15T14:32:34.530' AS DateTime), CAST(284200.00 AS Decimal(18, 2)), N'Đỗ Việt Hoàng - 1234567890 - hoang@gmail.com - Cầu Diễn, Hà Nội', 1, NULL, N'Completed', N'MCVL7Q95MMTCV2EK4K')
INSERT [dbo].[Orders] ([OrderID], [UserID], [OrderDate], [TotalAmount], [ShippingAddress], [ShippingMethodID], [VoucherID], [Status], [OrderCode]) VALUES (45, 6, CAST(N'2026-04-15T15:55:33.687' AS DateTime), CAST(4466000.00 AS Decimal(18, 2)), N'Đỗ Việt Hoàng - 1234567890 - hoang@gmail.com - Cầu Diễn, Hà Nội', 1, NULL, N'Pending', N'D3UCL9LKPXYDJZ9V88')
INSERT [dbo].[Orders] ([OrderID], [UserID], [OrderDate], [TotalAmount], [ShippingAddress], [ShippingMethodID], [VoucherID], [Status], [OrderCode]) VALUES (46, 6, CAST(N'2026-04-16T08:32:49.450' AS DateTime), CAST(482125.00 AS Decimal(18, 2)), N'Đỗ Việt Hoàng - 1234567890 - hoang@gmail.com - Cầu Diễn, Hà Nội', 3, NULL, N'Failed', N'UXSDRQDN4ULJWJ5T2J')
INSERT [dbo].[Orders] ([OrderID], [UserID], [OrderDate], [TotalAmount], [ShippingAddress], [ShippingMethodID], [VoucherID], [Status], [OrderCode]) VALUES (47, 6, CAST(N'2026-04-16T08:33:17.177' AS DateTime), CAST(482125.00 AS Decimal(18, 2)), N'Đỗ Việt Hoàng - 1234567890 - hoang@gmail.com - Cầu Diễn, Hà Nội', 1, NULL, N'Failed', N'9AYHHQ8CAS5XES35VG')
INSERT [dbo].[Orders] ([OrderID], [UserID], [OrderDate], [TotalAmount], [ShippingAddress], [ShippingMethodID], [VoucherID], [Status], [OrderCode]) VALUES (48, 6, CAST(N'2026-04-16T08:36:44.237' AS DateTime), CAST(482125.00 AS Decimal(18, 2)), N'Đỗ Việt Hoàng - 1234567890 - hoang@gmail.com - Cầu Diễn, Hà Nội', 1, NULL, N'Failed', N'3LN5UTDUJUJM59GB2B')
INSERT [dbo].[Orders] ([OrderID], [UserID], [OrderDate], [TotalAmount], [ShippingAddress], [ShippingMethodID], [VoucherID], [Status], [OrderCode]) VALUES (49, 6, CAST(N'2026-04-16T08:40:25.310' AS DateTime), CAST(482125.00 AS Decimal(18, 2)), N'Đỗ Việt Hoàng - 1234567890 - hoang@gmail.com - Cầu Diễn, Hà Nội', 1, NULL, N'Failed', N'NEHALP7KFKN4478WW6')
INSERT [dbo].[Orders] ([OrderID], [UserID], [OrderDate], [TotalAmount], [ShippingAddress], [ShippingMethodID], [VoucherID], [Status], [OrderCode]) VALUES (50, 6, CAST(N'2026-04-16T08:47:39.213' AS DateTime), CAST(482125.00 AS Decimal(18, 2)), N'Đỗ Việt Hoàng - 1234567890 - hoang@gmail.com - Cầu Diễn, Hà Nội', 1, NULL, N'Pending', N'ZJZ9EJK6CDYF7GGUB3')
INSERT [dbo].[Orders] ([OrderID], [UserID], [OrderDate], [TotalAmount], [ShippingAddress], [ShippingMethodID], [VoucherID], [Status], [OrderCode]) VALUES (51, 6, CAST(N'2026-04-16T08:52:38.837' AS DateTime), CAST(482125.00 AS Decimal(18, 2)), N'Đỗ Việt Hoàng - 1234567890 - hoang@gmail.com - Cầu Diễn, Hà Nội', 1, NULL, N'Pending', N'H6V9XXHCWENHGQUGKH')
INSERT [dbo].[Orders] ([OrderID], [UserID], [OrderDate], [TotalAmount], [ShippingAddress], [ShippingMethodID], [VoucherID], [Status], [OrderCode]) VALUES (52, 6, CAST(N'2026-04-16T09:00:10.787' AS DateTime), CAST(482125.00 AS Decimal(18, 2)), N'Đỗ Việt Hoàng - 1234567890 - hoang@gmail.com - Cầu Diễn, Hà Nội', 1, NULL, N'Processing', N'9Y4UEDRQGLXVFRCSBH')
INSERT [dbo].[Orders] ([OrderID], [UserID], [OrderDate], [TotalAmount], [ShippingAddress], [ShippingMethodID], [VoucherID], [Status], [OrderCode]) VALUES (53, 6, CAST(N'2026-04-16T09:13:36.430' AS DateTime), CAST(446600.00 AS Decimal(18, 2)), N'Đỗ Việt Hoàng - 1234567890 - hoang@gmail.com - Cầu Diễn, Hà Nội', 1, NULL, N'Failed', N'C9DF34W7QANCN5SV86')
INSERT [dbo].[Orders] ([OrderID], [UserID], [OrderDate], [TotalAmount], [ShippingAddress], [ShippingMethodID], [VoucherID], [Status], [OrderCode]) VALUES (54, 6, CAST(N'2026-04-16T09:15:21.367' AS DateTime), CAST(446600.00 AS Decimal(18, 2)), N'Đỗ Việt Hoàng - 1234567890 - hoang@gmail.com - Cầu Diễn, Hà Nội', 1, NULL, N'Pending', N'ALJE54QS77V642S564')
INSERT [dbo].[Orders] ([OrderID], [UserID], [OrderDate], [TotalAmount], [ShippingAddress], [ShippingMethodID], [VoucherID], [Status], [OrderCode]) VALUES (55, 6, CAST(N'2026-04-16T09:16:30.020' AS DateTime), CAST(446600.00 AS Decimal(18, 2)), N'Đỗ Việt Hoàng - 1234567890 - hoang@gmail.com - Cầu Diễn, Hà Nội', 1, NULL, N'Processing', N'QKES4M3TZL5HRV39FQ')
INSERT [dbo].[Orders] ([OrderID], [UserID], [OrderDate], [TotalAmount], [ShippingAddress], [ShippingMethodID], [VoucherID], [Status], [OrderCode]) VALUES (56, 6, CAST(N'2026-04-16T09:20:50.520' AS DateTime), CAST(60600.00 AS Decimal(18, 2)), N'Đỗ Việt Hoàng - 1234567890 - hoang@gmail.com - Cầu Diễn, Hà Nội', 1, NULL, N'Processing', N'UKPH2HZUG3EQ5ZJGAV')
INSERT [dbo].[Orders] ([OrderID], [UserID], [OrderDate], [TotalAmount], [ShippingAddress], [ShippingMethodID], [VoucherID], [Status], [OrderCode]) VALUES (57, 1, CAST(N'2026-04-16T11:13:11.037' AS DateTime), CAST(91350000.00 AS Decimal(18, 2)), N'Admin FreshFood - 0123456789 - freshfood@gmail.com - Hà Nội', 3, NULL, N'Cancelled', N'NCSCXFCR9CB9AEGMMR')
INSERT [dbo].[Orders] ([OrderID], [UserID], [OrderDate], [TotalAmount], [ShippingAddress], [ShippingMethodID], [VoucherID], [Status], [OrderCode]) VALUES (58, 1, CAST(N'2026-04-16T11:13:41.473' AS DateTime), CAST(51765000.00 AS Decimal(18, 2)), N'Admin FreshFood - 0123456789 - freshfood@gmail.com - Hà Nội', 1, NULL, N'Cancelled', N'WA3TUGQHQGZ6YKGBXB')
INSERT [dbo].[Orders] ([OrderID], [UserID], [OrderDate], [TotalAmount], [ShippingAddress], [ShippingMethodID], [VoucherID], [Status], [OrderCode]) VALUES (60, 1, CAST(N'2026-04-16T11:21:05.913' AS DateTime), CAST(91350000.00 AS Decimal(18, 2)), N'Admin FreshFood - 0123456789 - freshfood@gmail.com - Hà Nội', 1, NULL, N'Completed', N'D3ASMVSW886N5XF2NQ')
INSERT [dbo].[Orders] ([OrderID], [UserID], [OrderDate], [TotalAmount], [ShippingAddress], [ShippingMethodID], [VoucherID], [Status], [OrderCode]) VALUES (61, 1, CAST(N'2026-04-16T11:23:32.917' AS DateTime), CAST(7105000.00 AS Decimal(18, 2)), N'Admin FreshFood - 0123456789 - freshfood@gmail.com - Hà Nội', 1, NULL, N'Cancelled', N'RG4W3YU6J8B4TRM7QW')
INSERT [dbo].[Orders] ([OrderID], [UserID], [OrderDate], [TotalAmount], [ShippingAddress], [ShippingMethodID], [VoucherID], [Status], [OrderCode]) VALUES (62, 1, CAST(N'2026-04-16T15:03:13.603' AS DateTime), CAST(2842000.00 AS Decimal(18, 2)), N'Admin FreshFood - 0123456789 - freshfood@gmail.com - Hà Nội', 1, NULL, N'Cancelled', N'BGKLLJHG56E493TV4V')
INSERT [dbo].[Orders] ([OrderID], [UserID], [OrderDate], [TotalAmount], [ShippingAddress], [ShippingMethodID], [VoucherID], [Status], [OrderCode]) VALUES (63, 1, CAST(N'2026-04-16T15:10:27.733' AS DateTime), CAST(4263000.00 AS Decimal(18, 2)), N'Admin FreshFood - 0123456789 - freshfood@gmail.com - Hà Nội', 1, NULL, N'Failed', N'3KWZ5CTJZHW7BAC3W5')
INSERT [dbo].[Orders] ([OrderID], [UserID], [OrderDate], [TotalAmount], [ShippingAddress], [ShippingMethodID], [VoucherID], [Status], [OrderCode]) VALUES (64, 6, CAST(N'2026-04-16T16:12:18.770' AS DateTime), CAST(4263000.00 AS Decimal(18, 2)), N'Đỗ Việt Hoàng - 1234567890 - hoang@gmail.com - Cầu Diễn, Hà Nội', 1, NULL, N'Completed', N'JYWSZJR3TT7T5GBU5W')
INSERT [dbo].[Orders] ([OrderID], [UserID], [OrderDate], [TotalAmount], [ShippingAddress], [ShippingMethodID], [VoucherID], [Status], [OrderCode]) VALUES (65, 8, CAST(N'2026-04-22T11:21:12.977' AS DateTime), CAST(7105000.00 AS Decimal(18, 2)), N'trần văn an - 0987654321 - an@gmail.com - hà nội', 2, NULL, N'Pending', N'KDGTY6JV7EG4BZCCQU')
INSERT [dbo].[Orders] ([OrderID], [UserID], [OrderDate], [TotalAmount], [ShippingAddress], [ShippingMethodID], [VoucherID], [Status], [OrderCode]) VALUES (66, 6, CAST(N'2026-04-22T11:21:42.063' AS DateTime), CAST(6090000.00 AS Decimal(18, 2)), N'Đỗ Việt Hoàng - 1234567890 - hoang@gmail.com - Cầu Diễn, Hà Nội', 1, NULL, N'Failed', N'XN7MQBS3RAKB69G45Y')
INSERT [dbo].[Orders] ([OrderID], [UserID], [OrderDate], [TotalAmount], [ShippingAddress], [ShippingMethodID], [VoucherID], [Status], [OrderCode]) VALUES (67, 8, CAST(N'2026-04-22T11:22:18.003' AS DateTime), CAST(7105000.00 AS Decimal(18, 2)), N'trần văn an - 0987654321 - an@gmail.com - hà nội', 1, NULL, N'Pending', N'AMMBPQYEBEX4JGP5H9')
INSERT [dbo].[Orders] ([OrderID], [UserID], [OrderDate], [TotalAmount], [ShippingAddress], [ShippingMethodID], [VoucherID], [Status], [OrderCode]) VALUES (68, 8, CAST(N'2026-04-22T11:26:22.797' AS DateTime), CAST(7105000.00 AS Decimal(18, 2)), N'trần văn an - 0987654321 - an@gmail.com - hà nội', 1, NULL, N'Failed', N'ER2QPGG5DUJGCG5SM6')
INSERT [dbo].[Orders] ([OrderID], [UserID], [OrderDate], [TotalAmount], [ShippingAddress], [ShippingMethodID], [VoucherID], [Status], [OrderCode]) VALUES (69, 8, CAST(N'2026-04-22T11:32:23.647' AS DateTime), CAST(7105000.00 AS Decimal(18, 2)), N'trần văn an - 0987654321 - an@gmail.com - hà nội', 1, NULL, N'Failed', N'C7TA9GMBM6QSUDYBXQ')
INSERT [dbo].[Orders] ([OrderID], [UserID], [OrderDate], [TotalAmount], [ShippingAddress], [ShippingMethodID], [VoucherID], [Status], [OrderCode]) VALUES (71, 8, CAST(N'2026-04-22T11:38:33.070' AS DateTime), CAST(304500.00 AS Decimal(18, 2)), N'trần văn an - 0987654321 - an@gmail.com - hà nội', 1, NULL, N'Failed', N'AZTJ6VKM2SJ5DWEPN5')
INSERT [dbo].[Orders] ([OrderID], [UserID], [OrderDate], [TotalAmount], [ShippingAddress], [ShippingMethodID], [VoucherID], [Status], [OrderCode]) VALUES (72, 8, CAST(N'2026-04-22T11:50:46.913' AS DateTime), CAST(761250.00 AS Decimal(18, 2)), N'trần văn an - 0987654321 - an@gmail.com - hà nội', 1, NULL, N'Failed', N'TPXYZHVPCL252MXLW5')
INSERT [dbo].[Orders] ([OrderID], [UserID], [OrderDate], [TotalAmount], [ShippingAddress], [ShippingMethodID], [VoucherID], [Status], [OrderCode]) VALUES (73, 6, CAST(N'2026-04-22T13:17:55.643' AS DateTime), CAST(187475.00 AS Decimal(18, 2)), N'Đỗ Việt Hoàng - 1234567890 - hoang@gmail.com - Cầu Diễn, Hà Nội', 1, NULL, N'Failed', N'T384LMCHR75KG5U33W')
INSERT [dbo].[Orders] ([OrderID], [UserID], [OrderDate], [TotalAmount], [ShippingAddress], [ShippingMethodID], [VoucherID], [Status], [OrderCode]) VALUES (74, 6, CAST(N'2026-04-22T13:27:53.017' AS DateTime), CAST(187475.00 AS Decimal(18, 2)), N'Đỗ Việt Hoàng - 1234567890 - hoang@gmail.com - Hà Nội', 1, NULL, N'Processing', N'9L79GFCXDG6HMHW4DZ')
INSERT [dbo].[Orders] ([OrderID], [UserID], [OrderDate], [TotalAmount], [ShippingAddress], [ShippingMethodID], [VoucherID], [Status], [OrderCode]) VALUES (75, 6, CAST(N'2026-04-22T13:35:32.860' AS DateTime), CAST(761250.00 AS Decimal(18, 2)), N'Đỗ Việt Hoàng - 1234567890 - hoang@gmail.com - Hà Nội', 3, NULL, N'Processing', N'MXV7Z76YWH3MFU47XX')
INSERT [dbo].[Orders] ([OrderID], [UserID], [OrderDate], [TotalAmount], [ShippingAddress], [ShippingMethodID], [VoucherID], [Status], [OrderCode]) VALUES (76, 6, CAST(N'2026-04-22T13:39:40.927' AS DateTime), CAST(456750.00 AS Decimal(18, 2)), N'Đỗ Việt Hoàng - 1234567890 - hoang@gmail.com - Cầu Diễn, Hà Nội', 1, NULL, N'Processing', N'6JF83DJLEVRH3NF3FR')
INSERT [dbo].[Orders] ([OrderID], [UserID], [OrderDate], [TotalAmount], [ShippingAddress], [ShippingMethodID], [VoucherID], [Status], [OrderCode]) VALUES (77, 6, CAST(N'2026-04-22T13:45:51.167' AS DateTime), CAST(126575.00 AS Decimal(18, 2)), N'Đỗ Việt Hoàng - 1234567890 - hoang@gmail.com - Cầu Diễn, Hà Nội', 1, NULL, N'Completed', N'84LT3YWRJNGRAWW2GH')
INSERT [dbo].[Orders] ([OrderID], [UserID], [OrderDate], [TotalAmount], [ShippingAddress], [ShippingMethodID], [VoucherID], [Status], [OrderCode]) VALUES (78, 11, CAST(N'2026-04-22T17:11:13.877' AS DateTime), CAST(289275.00 AS Decimal(18, 2)), N'tuan - 1234567890 - tuan@gmail.com - hà nội1', 1, NULL, N'Pending', N'QA4ATT2DF2UMNSBZPP')
INSERT [dbo].[Orders] ([OrderID], [UserID], [OrderDate], [TotalAmount], [ShippingAddress], [ShippingMethodID], [VoucherID], [Status], [OrderCode]) VALUES (79, 12, CAST(N'2026-04-22T17:13:37.597' AS DateTime), CAST(243600.00 AS Decimal(18, 2)), N'viet - 1234567890 - viethoang7425@gmail.com - hà nội1', 1, NULL, N'Pending', N'K82VEXFYNVLK6FGR2P')
INSERT [dbo].[Orders] ([OrderID], [UserID], [OrderDate], [TotalAmount], [ShippingAddress], [ShippingMethodID], [VoucherID], [Status], [OrderCode]) VALUES (80, 12, CAST(N'2026-04-22T17:13:55.857' AS DateTime), CAST(243600.00 AS Decimal(18, 2)), N'viet - 1234567890 - viethoang7425@gmail.com - hà nội1', 1, NULL, N'Pending', N'6JN2L5MFTCSZWJVBVD')
INSERT [dbo].[Orders] ([OrderID], [UserID], [OrderDate], [TotalAmount], [ShippingAddress], [ShippingMethodID], [VoucherID], [Status], [OrderCode]) VALUES (81, 12, CAST(N'2026-04-22T17:14:05.697' AS DateTime), CAST(243600.00 AS Decimal(18, 2)), N'viet - 1234567890 - viethoang7425@gmail.com - hà nội1', 1, NULL, N'Pending', N'58XUKVT77WGHVQLYHS')
INSERT [dbo].[Orders] ([OrderID], [UserID], [OrderDate], [TotalAmount], [ShippingAddress], [ShippingMethodID], [VoucherID], [Status], [OrderCode]) VALUES (82, 1, CAST(N'2026-04-22T17:18:39.827' AS DateTime), CAST(319725.00 AS Decimal(18, 2)), N'Admin FreshFood - 0123456789 - freshfood@gmail.com - Hà Nội', 1, NULL, N'Processing', N'MY4YTVCD84QF3KNKDL')
INSERT [dbo].[Orders] ([OrderID], [UserID], [OrderDate], [TotalAmount], [ShippingAddress], [ShippingMethodID], [VoucherID], [Status], [OrderCode]) VALUES (83, 13, CAST(N'2026-04-22T17:24:56.370' AS DateTime), CAST(228375.00 AS Decimal(18, 2)), N'vy - 1234567890 - vy@gmail.com - hà nội1', 1, NULL, N'Pending', N'9QW4ND7EMYXWZ88XW3')
INSERT [dbo].[Orders] ([OrderID], [UserID], [OrderDate], [TotalAmount], [ShippingAddress], [ShippingMethodID], [VoucherID], [Status], [OrderCode]) VALUES (84, 13, CAST(N'2026-04-22T17:25:10.190' AS DateTime), CAST(228375.00 AS Decimal(18, 2)), N'vy - 1234567890 - vy@gmail.com - hà nội1', 1, NULL, N'Pending', N'BULGBSFUWA7P8ZDPLM')
INSERT [dbo].[Orders] ([OrderID], [UserID], [OrderDate], [TotalAmount], [ShippingAddress], [ShippingMethodID], [VoucherID], [Status], [OrderCode]) VALUES (85, 14, CAST(N'2026-04-22T17:26:17.500' AS DateTime), CAST(197625.00 AS Decimal(18, 2)), N'yến - 1234567890 - yen@gmail.com - hà nội', 1, NULL, N'Processing', N'2R5XZUHPBSCMR877YA')
INSERT [dbo].[Orders] ([OrderID], [UserID], [OrderDate], [TotalAmount], [ShippingAddress], [ShippingMethodID], [VoucherID], [Status], [OrderCode]) VALUES (86, 15, CAST(N'2026-04-22T17:34:01.760' AS DateTime), CAST(487200.00 AS Decimal(18, 2)), N'tú - 1234567890 - tu@gmail.com - hà nội', 1, NULL, N'Processing', N'PKJVEU5UFW758PKGRW')
INSERT [dbo].[Orders] ([OrderID], [UserID], [OrderDate], [TotalAmount], [ShippingAddress], [ShippingMethodID], [VoucherID], [Status], [OrderCode]) VALUES (87, 16, CAST(N'2026-04-22T17:38:35.560' AS DateTime), CAST(146875.00 AS Decimal(18, 2)), N'phú - 0987654321 - phu@gmail.com - hà nội', 1, NULL, N'Processing', N'56JWA2M3LSWW6ZA5UR')
INSERT [dbo].[Orders] ([OrderID], [UserID], [OrderDate], [TotalAmount], [ShippingAddress], [ShippingMethodID], [VoucherID], [Status], [OrderCode]) VALUES (88, 17, CAST(N'2026-04-23T09:35:41.457' AS DateTime), CAST(1015000.00 AS Decimal(18, 2)), N'tiến - 1234567890 - tien@gmail.com - hà nội', 1, NULL, N'Processing', N'7XLRV63MEGPKPNQ8FX')
INSERT [dbo].[Orders] ([OrderID], [UserID], [OrderDate], [TotalAmount], [ShippingAddress], [ShippingMethodID], [VoucherID], [Status], [OrderCode]) VALUES (89, 18, CAST(N'2026-04-23T10:10:46.820' AS DateTime), CAST(761250.00 AS Decimal(18, 2)), N'kiên - 1234567890 - kien@gmail.com - hà nội1', 1, NULL, N'Pending', N'3A9DR6ZZS6MZS37856')
INSERT [dbo].[Orders] ([OrderID], [UserID], [OrderDate], [TotalAmount], [ShippingAddress], [ShippingMethodID], [VoucherID], [Status], [OrderCode]) VALUES (90, 19, CAST(N'2026-04-23T10:11:46.800' AS DateTime), CAST(548100.00 AS Decimal(18, 2)), N'phát - 1234567890 - phat@gmail.com - hà nội1', 1, NULL, N'Pending', N'LUNYS8VL4Z3EGHEGRX')
INSERT [dbo].[Orders] ([OrderID], [UserID], [OrderDate], [TotalAmount], [ShippingAddress], [ShippingMethodID], [VoucherID], [Status], [OrderCode]) VALUES (91, 1, CAST(N'2026-04-23T13:16:52.090' AS DateTime), CAST(507500.00 AS Decimal(18, 2)), N'Admin FreshFood - 0123456789 - freshfood@gmail.com - Hà Nội 2', 1, NULL, N'Delivered', N'QB8M73PTJSXVJBPPWA')
INSERT [dbo].[Orders] ([OrderID], [UserID], [OrderDate], [TotalAmount], [ShippingAddress], [ShippingMethodID], [VoucherID], [Status], [OrderCode]) VALUES (92, 1, CAST(N'2026-04-23T13:36:08.480' AS DateTime), CAST(548100.00 AS Decimal(18, 2)), N'Admin FreshFood - 0123456789 - freshfood@gmail.com - Hà Nội', 1, NULL, N'Completed', N'J2VQXGXA53RVFVXTQW')
INSERT [dbo].[Orders] ([OrderID], [UserID], [OrderDate], [TotalAmount], [ShippingAddress], [ShippingMethodID], [VoucherID], [Status], [OrderCode]) VALUES (93, 1, CAST(N'2026-04-23T13:49:12.977' AS DateTime), CAST(263900.00 AS Decimal(18, 2)), N'Admin FreshFood - 0123456789 - freshfood@gmail.com - Hà Nội', 1, NULL, N'Processing', N'YSDXR944JGA6DSSSY8')
INSERT [dbo].[Orders] ([OrderID], [UserID], [OrderDate], [TotalAmount], [ShippingAddress], [ShippingMethodID], [VoucherID], [Status], [OrderCode]) VALUES (94, 20, CAST(N'2026-04-23T17:51:28.467' AS DateTime), CAST(243600.00 AS Decimal(18, 2)), N'thúy - 1234567890 - thuy@gmail.com - hà nội1', 2, NULL, N'Processing', N'55EEAN9DHHUFKG7UEA')
INSERT [dbo].[Orders] ([OrderID], [UserID], [OrderDate], [TotalAmount], [ShippingAddress], [ShippingMethodID], [VoucherID], [Status], [OrderCode]) VALUES (95, 21, CAST(N'2026-04-24T09:16:56.207' AS DateTime), CAST(5200860.00 AS Decimal(18, 2)), N'FRESHFOOD DEV - 0352335720 - freshfooddev9999@gmail.com - Cầu Diễn, Hà Nội', 3, NULL, N'Completed', N'AVFUUA8U7ENARZY4DQ')
SET IDENTITY_INSERT [dbo].[Orders] OFF
GO
SET IDENTITY_INSERT [dbo].[PasswordResetTokens] ON 

INSERT [dbo].[PasswordResetTokens] ([PasswordResetTokenID], [UserID], [TokenHash], [Purpose], [ExpiresAt], [CreatedAt], [UsedAt]) VALUES (1, 6, N'c1fca981ad04f0cd0c8b84178bc0301603029a3414ab1c6a7bb2a47b638c6c41', N'reset_password', CAST(N'2026-04-10T08:45:17.433' AS DateTime), CAST(N'2026-04-10T08:30:17.433' AS DateTime), CAST(N'2026-04-10T08:30:48.047' AS DateTime))
INSERT [dbo].[PasswordResetTokens] ([PasswordResetTokenID], [UserID], [TokenHash], [Purpose], [ExpiresAt], [CreatedAt], [UsedAt]) VALUES (2, 9, N'7f1f468c5a3af0dbc3f44d47da02692f8884dbea6affd183e20c8db482271be8', N'guest_activate', CAST(N'2026-04-15T01:45:49.810' AS DateTime), CAST(N'2026-04-13T01:45:49.810' AS DateTime), CAST(N'2026-04-13T01:47:22.000' AS DateTime))
INSERT [dbo].[PasswordResetTokens] ([PasswordResetTokenID], [UserID], [TokenHash], [Purpose], [ExpiresAt], [CreatedAt], [UsedAt]) VALUES (3, 11, N'bd139bfb8d23194692ee5c405d296ec7a7b726a97f1681831ba5fe65cb755c67', N'guest_activate', CAST(N'2026-04-24T10:11:18.960' AS DateTime), CAST(N'2026-04-22T10:11:18.960' AS DateTime), NULL)
INSERT [dbo].[PasswordResetTokens] ([PasswordResetTokenID], [UserID], [TokenHash], [Purpose], [ExpiresAt], [CreatedAt], [UsedAt]) VALUES (4, 12, N'439d660aa59c73de3f04179e1791677407f4affaf3b2e43ab20bbed63ee9217e', N'guest_activate', CAST(N'2026-04-24T10:13:37.623' AS DateTime), CAST(N'2026-04-22T10:13:37.623' AS DateTime), CAST(N'2026-04-22T10:13:55.863' AS DateTime))
INSERT [dbo].[PasswordResetTokens] ([PasswordResetTokenID], [UserID], [TokenHash], [Purpose], [ExpiresAt], [CreatedAt], [UsedAt]) VALUES (5, 12, N'0ec329ed9d76f7aec25edcecf6689534c4760c85372bac114ec5943bda0c799b', N'guest_activate', CAST(N'2026-04-24T10:13:55.863' AS DateTime), CAST(N'2026-04-22T10:13:55.863' AS DateTime), CAST(N'2026-04-22T10:14:09.327' AS DateTime))
INSERT [dbo].[PasswordResetTokens] ([PasswordResetTokenID], [UserID], [TokenHash], [Purpose], [ExpiresAt], [CreatedAt], [UsedAt]) VALUES (6, 12, N'ad3333b0cfea4c5e6da77485de5778a0424fc21c3fde345196c80e37e4a61754', N'guest_activate', CAST(N'2026-04-24T10:14:09.327' AS DateTime), CAST(N'2026-04-22T10:14:09.327' AS DateTime), NULL)
INSERT [dbo].[PasswordResetTokens] ([PasswordResetTokenID], [UserID], [TokenHash], [Purpose], [ExpiresAt], [CreatedAt], [UsedAt]) VALUES (7, 13, N'68a2580216a532460a4a3885e72c4d4a1f92ce541b25f1e5c0fa0038f71a1b89', N'guest_activate', CAST(N'2026-04-24T10:24:56.403' AS DateTime), CAST(N'2026-04-22T10:24:56.403' AS DateTime), CAST(N'2026-04-22T10:25:10.197' AS DateTime))
INSERT [dbo].[PasswordResetTokens] ([PasswordResetTokenID], [UserID], [TokenHash], [Purpose], [ExpiresAt], [CreatedAt], [UsedAt]) VALUES (8, 13, N'fa3222746d37f04d0cb036cf7ac026cf0719d2698318092c4946a9918ed9a8bf', N'guest_activate', CAST(N'2026-04-24T10:25:10.197' AS DateTime), CAST(N'2026-04-22T10:25:10.197' AS DateTime), NULL)
INSERT [dbo].[PasswordResetTokens] ([PasswordResetTokenID], [UserID], [TokenHash], [Purpose], [ExpiresAt], [CreatedAt], [UsedAt]) VALUES (9, 14, N'47faa3347320984e7a6ea53652c52954c2053af6cbe5d30a4f0beb83afd3f859', N'guest_activate', CAST(N'2026-04-24T10:26:17.793' AS DateTime), CAST(N'2026-04-22T10:26:17.793' AS DateTime), NULL)
INSERT [dbo].[PasswordResetTokens] ([PasswordResetTokenID], [UserID], [TokenHash], [Purpose], [ExpiresAt], [CreatedAt], [UsedAt]) VALUES (10, 15, N'94f0464d49245fca46ee7e15280574e9b24c2c8c11a342e36abb7fc22fc27a3f', N'guest_activate', CAST(N'2026-04-24T10:34:02.043' AS DateTime), CAST(N'2026-04-22T10:34:02.043' AS DateTime), NULL)
INSERT [dbo].[PasswordResetTokens] ([PasswordResetTokenID], [UserID], [TokenHash], [Purpose], [ExpiresAt], [CreatedAt], [UsedAt]) VALUES (11, 16, N'0aec1cf2c48479c6364126396726710b8f31d94ca7850b0ae07f3fba1224fb3c', N'guest_activate', CAST(N'2026-04-24T10:38:35.853' AS DateTime), CAST(N'2026-04-22T10:38:35.853' AS DateTime), NULL)
INSERT [dbo].[PasswordResetTokens] ([PasswordResetTokenID], [UserID], [TokenHash], [Purpose], [ExpiresAt], [CreatedAt], [UsedAt]) VALUES (12, 17, N'aa393651776e0fb964a0cfcf9a9ed1a9957f4b3c5e6e1408380cfa538103408c', N'guest_activate', CAST(N'2026-04-25T02:35:41.693' AS DateTime), CAST(N'2026-04-23T02:35:41.693' AS DateTime), CAST(N'2026-04-23T02:37:44.500' AS DateTime))
INSERT [dbo].[PasswordResetTokens] ([PasswordResetTokenID], [UserID], [TokenHash], [Purpose], [ExpiresAt], [CreatedAt], [UsedAt]) VALUES (13, 18, N'9a878d8c5adcfe4c39e1ac6d5f89ff5ef5bdfb1a2c64c29e7cf4d33ad1182f92', N'guest_activate', CAST(N'2026-04-25T03:10:52.133' AS DateTime), CAST(N'2026-04-23T03:10:52.133' AS DateTime), NULL)
INSERT [dbo].[PasswordResetTokens] ([PasswordResetTokenID], [UserID], [TokenHash], [Purpose], [ExpiresAt], [CreatedAt], [UsedAt]) VALUES (14, 19, N'0ea3fdce85f50bf3d166f76a5d839a73075b358e1b282bae31c06254b890502d', N'guest_activate', CAST(N'2026-04-25T03:11:46.827' AS DateTime), CAST(N'2026-04-23T03:11:46.827' AS DateTime), NULL)
INSERT [dbo].[PasswordResetTokens] ([PasswordResetTokenID], [UserID], [TokenHash], [Purpose], [ExpiresAt], [CreatedAt], [UsedAt]) VALUES (15, 20, N'b8e3d02d21c9fc84a545d6bce15106eb96c1f9cf5167db37256cacfac533c84c', N'guest_activate', CAST(N'2026-04-25T10:51:28.627' AS DateTime), CAST(N'2026-04-23T10:51:28.627' AS DateTime), CAST(N'2026-04-23T10:52:24.380' AS DateTime))
SET IDENTITY_INSERT [dbo].[PasswordResetTokens] OFF
GO
SET IDENTITY_INSERT [dbo].[Payments] ON 

INSERT [dbo].[Payments] ([PaymentID], [OrderID], [PaymentDate], [PaymentMethod], [Amount], [Status]) VALUES (1, 1, CAST(N'2026-04-07T10:38:11.643' AS DateTime), N'BankTransfer', CAST(255000.00 AS Decimal(18, 2)), N'Completed')
INSERT [dbo].[Payments] ([PaymentID], [OrderID], [PaymentDate], [PaymentMethod], [Amount], [Status]) VALUES (2, 2, CAST(N'2026-04-07T10:38:11.643' AS DateTime), N'COD', CAST(450000.00 AS Decimal(18, 2)), N'Pending')
INSERT [dbo].[Payments] ([PaymentID], [OrderID], [PaymentDate], [PaymentMethod], [Amount], [Status]) VALUES (3, 3, CAST(N'2026-04-07T10:38:11.643' AS DateTime), N'EWallet', CAST(180000.00 AS Decimal(18, 2)), N'Completed')
INSERT [dbo].[Payments] ([PaymentID], [OrderID], [PaymentDate], [PaymentMethod], [Amount], [Status]) VALUES (4, 4, CAST(N'2026-04-07T16:36:16.877' AS DateTime), N'COD', CAST(110000.00 AS Decimal(18, 2)), N'Pending')
INSERT [dbo].[Payments] ([PaymentID], [OrderID], [PaymentDate], [PaymentMethod], [Amount], [Status]) VALUES (5, 5, CAST(N'2026-04-07T16:36:55.353' AS DateTime), N'COD', CAST(150000.00 AS Decimal(18, 2)), N'Pending')
INSERT [dbo].[Payments] ([PaymentID], [OrderID], [PaymentDate], [PaymentMethod], [Amount], [Status]) VALUES (6, 5, CAST(N'2026-04-07T16:37:52.220' AS DateTime), N'VNPAY', CAST(150000.00 AS Decimal(18, 2)), N'Paid')
INSERT [dbo].[Payments] ([PaymentID], [OrderID], [PaymentDate], [PaymentMethod], [Amount], [Status]) VALUES (7, 6, CAST(N'2026-04-07T16:44:42.753' AS DateTime), N'COD', CAST(160000.00 AS Decimal(18, 2)), N'Pending')
INSERT [dbo].[Payments] ([PaymentID], [OrderID], [PaymentDate], [PaymentMethod], [Amount], [Status]) VALUES (8, 6, CAST(N'2026-04-07T16:44:54.820' AS DateTime), N'VNPAY', CAST(160000.00 AS Decimal(18, 2)), N'Failed')
INSERT [dbo].[Payments] ([PaymentID], [OrderID], [PaymentDate], [PaymentMethod], [Amount], [Status]) VALUES (9, 7, CAST(N'2026-04-07T16:47:56.437' AS DateTime), N'VNPAY', CAST(202800.00 AS Decimal(18, 2)), N'Paid')
INSERT [dbo].[Payments] ([PaymentID], [OrderID], [PaymentDate], [PaymentMethod], [Amount], [Status]) VALUES (10, 8, CAST(N'2026-04-07T16:55:01.530' AS DateTime), N'VNPAY', CAST(270000.00 AS Decimal(18, 2)), N'Paid')
INSERT [dbo].[Payments] ([PaymentID], [OrderID], [PaymentDate], [PaymentMethod], [Amount], [Status]) VALUES (11, 9, CAST(N'2026-04-07T17:06:25.710' AS DateTime), N'COD', CAST(94800.00 AS Decimal(18, 2)), N'Pending')
INSERT [dbo].[Payments] ([PaymentID], [OrderID], [PaymentDate], [PaymentMethod], [Amount], [Status]) VALUES (12, 10, CAST(N'2026-04-07T17:09:53.530' AS DateTime), N'COD', CAST(138000.00 AS Decimal(18, 2)), N'Pending')
INSERT [dbo].[Payments] ([PaymentID], [OrderID], [PaymentDate], [PaymentMethod], [Amount], [Status]) VALUES (13, 11, CAST(N'2026-04-07T17:13:29.163' AS DateTime), N'COD', CAST(78600.00 AS Decimal(18, 2)), N'Pending')
INSERT [dbo].[Payments] ([PaymentID], [OrderID], [PaymentDate], [PaymentMethod], [Amount], [Status]) VALUES (14, 12, CAST(N'2026-04-07T17:38:51.573' AS DateTime), N'COD', CAST(143400.00 AS Decimal(18, 2)), N'Paid')
INSERT [dbo].[Payments] ([PaymentID], [OrderID], [PaymentDate], [PaymentMethod], [Amount], [Status]) VALUES (15, 13, CAST(N'2026-04-08T10:00:57.520' AS DateTime), N'VNPAY', CAST(1479600.00 AS Decimal(18, 2)), N'Paid')
INSERT [dbo].[Payments] ([PaymentID], [OrderID], [PaymentDate], [PaymentMethod], [Amount], [Status]) VALUES (16, 14, CAST(N'2026-04-10T15:51:50.957' AS DateTime), N'COD', CAST(94800.00 AS Decimal(18, 2)), N'Paid')
INSERT [dbo].[Payments] ([PaymentID], [OrderID], [PaymentDate], [PaymentMethod], [Amount], [Status]) VALUES (17, 15, CAST(N'2026-04-08T15:54:28.023' AS DateTime), N'VNPAY', CAST(253840.00 AS Decimal(18, 2)), N'Paid')
INSERT [dbo].[Payments] ([PaymentID], [OrderID], [PaymentDate], [PaymentMethod], [Amount], [Status]) VALUES (18, 16, CAST(N'2026-04-09T08:21:46.263' AS DateTime), N'VNPAY', CAST(384480.00 AS Decimal(18, 2)), N'Paid')
INSERT [dbo].[Payments] ([PaymentID], [OrderID], [PaymentDate], [PaymentMethod], [Amount], [Status]) VALUES (19, 17, CAST(N'2026-04-09T16:26:08.813' AS DateTime), N'COD', CAST(90240.00 AS Decimal(18, 2)), N'Pending')
INSERT [dbo].[Payments] ([PaymentID], [OrderID], [PaymentDate], [PaymentMethod], [Amount], [Status]) VALUES (20, 18, CAST(N'2026-04-10T13:33:57.970' AS DateTime), N'VNPAY', CAST(12927600.00 AS Decimal(18, 2)), N'Paid')
INSERT [dbo].[Payments] ([PaymentID], [OrderID], [PaymentDate], [PaymentMethod], [Amount], [Status]) VALUES (21, 19, CAST(N'2026-04-10T16:51:58.023' AS DateTime), N'VNPAY', CAST(51840000.00 AS Decimal(18, 2)), N'Paid')
INSERT [dbo].[Payments] ([PaymentID], [OrderID], [PaymentDate], [PaymentMethod], [Amount], [Status]) VALUES (22, 20, CAST(N'2026-04-13T08:32:17.267' AS DateTime), N'VNPAY', CAST(540000.00 AS Decimal(18, 2)), N'Paid')
INSERT [dbo].[Payments] ([PaymentID], [OrderID], [PaymentDate], [PaymentMethod], [Amount], [Status]) VALUES (23, 21, CAST(N'2026-04-13T08:46:38.630' AS DateTime), N'VNPAY', CAST(131800.00 AS Decimal(18, 2)), N'Paid')
INSERT [dbo].[Payments] ([PaymentID], [OrderID], [PaymentDate], [PaymentMethod], [Amount], [Status]) VALUES (24, 22, CAST(N'2026-04-13T08:50:17.527' AS DateTime), N'COD', CAST(4536000.00 AS Decimal(18, 2)), N'Pending')
INSERT [dbo].[Payments] ([PaymentID], [OrderID], [PaymentDate], [PaymentMethod], [Amount], [Status]) VALUES (25, 23, CAST(N'2026-04-13T09:05:14.713' AS DateTime), N'COD', CAST(518400.00 AS Decimal(18, 2)), N'Paid')
INSERT [dbo].[Payments] ([PaymentID], [OrderID], [PaymentDate], [PaymentMethod], [Amount], [Status]) VALUES (26, 24, CAST(N'2026-04-13T09:08:20.010' AS DateTime), N'COD', CAST(285120.00 AS Decimal(18, 2)), N'Pending')
INSERT [dbo].[Payments] ([PaymentID], [OrderID], [PaymentDate], [PaymentMethod], [Amount], [Status]) VALUES (27, 25, CAST(N'2026-04-13T10:34:33.757' AS DateTime), N'VNPAY', CAST(270000.00 AS Decimal(18, 2)), N'Paid')
INSERT [dbo].[Payments] ([PaymentID], [OrderID], [PaymentDate], [PaymentMethod], [Amount], [Status]) VALUES (28, 26, CAST(N'2026-04-13T10:45:59.723' AS DateTime), N'VNPAY', CAST(226800.00 AS Decimal(18, 2)), N'Paid')
INSERT [dbo].[Payments] ([PaymentID], [OrderID], [PaymentDate], [PaymentMethod], [Amount], [Status]) VALUES (29, 27, CAST(N'2026-04-13T10:51:40.983' AS DateTime), N'VNPAY', CAST(356400.00 AS Decimal(18, 2)), N'Paid')
INSERT [dbo].[Payments] ([PaymentID], [OrderID], [PaymentDate], [PaymentMethod], [Amount], [Status]) VALUES (30, 28, CAST(N'2026-04-13T11:11:37.337' AS DateTime), N'COD', CAST(461825.00 AS Decimal(18, 2)), N'Pending')
INSERT [dbo].[Payments] ([PaymentID], [OrderID], [PaymentDate], [PaymentMethod], [Amount], [Status]) VALUES (31, 34, CAST(N'2026-04-13T11:38:32.353' AS DateTime), N'COD', CAST(1609790.00 AS Decimal(18, 2)), N'Pending')
INSERT [dbo].[Payments] ([PaymentID], [OrderID], [PaymentDate], [PaymentMethod], [Amount], [Status]) VALUES (32, 35, CAST(N'2026-04-13T11:53:20.263' AS DateTime), N'COD', CAST(1421000.00 AS Decimal(18, 2)), N'Paid')
INSERT [dbo].[Payments] ([PaymentID], [OrderID], [PaymentDate], [PaymentMethod], [Amount], [Status]) VALUES (33, 36, CAST(N'2026-04-13T13:54:18.687' AS DateTime), N'COD', CAST(75825.00 AS Decimal(18, 2)), N'Paid')
INSERT [dbo].[Payments] ([PaymentID], [OrderID], [PaymentDate], [PaymentMethod], [Amount], [Status]) VALUES (34, 37, CAST(N'2026-04-13T14:31:26.400' AS DateTime), N'COD', CAST(75825.00 AS Decimal(18, 2)), N'Paid')
INSERT [dbo].[Payments] ([PaymentID], [OrderID], [PaymentDate], [PaymentMethod], [Amount], [Status]) VALUES (35, 38, CAST(N'2026-04-13T15:32:26.313' AS DateTime), N'COD', CAST(65675.00 AS Decimal(18, 2)), N'Pending')
INSERT [dbo].[Payments] ([PaymentID], [OrderID], [PaymentDate], [PaymentMethod], [Amount], [Status]) VALUES (36, 39, CAST(N'2026-04-13T15:52:14.433' AS DateTime), N'VNPAY', CAST(158040.00 AS Decimal(18, 2)), N'Paid')
INSERT [dbo].[Payments] ([PaymentID], [OrderID], [PaymentDate], [PaymentMethod], [Amount], [Status]) VALUES (37, 40, CAST(N'2026-04-13T17:29:29.790' AS DateTime), N'VNPAY', CAST(899798.00 AS Decimal(18, 2)), N'Paid')
INSERT [dbo].[Payments] ([PaymentID], [OrderID], [PaymentDate], [PaymentMethod], [Amount], [Status]) VALUES (38, 41, CAST(N'2026-04-13T17:32:32.157' AS DateTime), N'VNPAY', CAST(2842000.00 AS Decimal(18, 2)), N'Paid')
INSERT [dbo].[Payments] ([PaymentID], [OrderID], [PaymentDate], [PaymentMethod], [Amount], [Status]) VALUES (39, 42, CAST(N'2026-04-13T17:43:25.060' AS DateTime), N'COD', CAST(1421000.00 AS Decimal(18, 2)), N'Paid')
INSERT [dbo].[Payments] ([PaymentID], [OrderID], [PaymentDate], [PaymentMethod], [Amount], [Status]) VALUES (40, 43, CAST(N'2026-04-15T14:32:12.487' AS DateTime), N'VNPAY', CAST(284200.00 AS Decimal(18, 2)), N'Failed')
INSERT [dbo].[Payments] ([PaymentID], [OrderID], [PaymentDate], [PaymentMethod], [Amount], [Status]) VALUES (41, 44, CAST(N'2026-04-15T14:33:31.543' AS DateTime), N'VNPAY', CAST(284200.00 AS Decimal(18, 2)), N'Paid')
INSERT [dbo].[Payments] ([PaymentID], [OrderID], [PaymentDate], [PaymentMethod], [Amount], [Status]) VALUES (42, 45, CAST(N'2026-04-15T15:55:33.723' AS DateTime), N'COD', CAST(4466000.00 AS Decimal(18, 2)), N'Pending')
INSERT [dbo].[Payments] ([PaymentID], [OrderID], [PaymentDate], [PaymentMethod], [Amount], [Status]) VALUES (43, 46, CAST(N'2026-04-16T16:04:05.150' AS DateTime), N'MOMO', CAST(482125.00 AS Decimal(18, 2)), N'Failed')
INSERT [dbo].[Payments] ([PaymentID], [OrderID], [PaymentDate], [PaymentMethod], [Amount], [Status]) VALUES (44, 47, CAST(N'2026-04-16T16:04:05.297' AS DateTime), N'MOMO', CAST(482125.00 AS Decimal(18, 2)), N'Failed')
INSERT [dbo].[Payments] ([PaymentID], [OrderID], [PaymentDate], [PaymentMethod], [Amount], [Status]) VALUES (45, 48, CAST(N'2026-04-16T16:08:05.447' AS DateTime), N'MOMO', CAST(482125.00 AS Decimal(18, 2)), N'Failed')
INSERT [dbo].[Payments] ([PaymentID], [OrderID], [PaymentDate], [PaymentMethod], [Amount], [Status]) VALUES (46, 49, CAST(N'2026-04-16T16:10:59.023' AS DateTime), N'MOMO', CAST(482125.00 AS Decimal(18, 2)), N'Failed')
INSERT [dbo].[Payments] ([PaymentID], [OrderID], [PaymentDate], [PaymentMethod], [Amount], [Status]) VALUES (47, 50, CAST(N'2026-04-16T08:48:09.873' AS DateTime), N'VNPAY', CAST(482125.00 AS Decimal(18, 2)), N'Failed')
INSERT [dbo].[Payments] ([PaymentID], [OrderID], [PaymentDate], [PaymentMethod], [Amount], [Status]) VALUES (48, 52, CAST(N'2026-04-16T09:04:14.933' AS DateTime), N'MOMO', CAST(482125.00 AS Decimal(18, 2)), N'Paid')
INSERT [dbo].[Payments] ([PaymentID], [OrderID], [PaymentDate], [PaymentMethod], [Amount], [Status]) VALUES (49, 53, CAST(N'2026-04-16T16:44:59.613' AS DateTime), N'MOMO', CAST(446600.00 AS Decimal(18, 2)), N'Failed')
INSERT [dbo].[Payments] ([PaymentID], [OrderID], [PaymentDate], [PaymentMethod], [Amount], [Status]) VALUES (50, 54, CAST(N'2026-04-16T09:16:21.560' AS DateTime), N'VNPAY', CAST(446600.00 AS Decimal(18, 2)), N'Failed')
INSERT [dbo].[Payments] ([PaymentID], [OrderID], [PaymentDate], [PaymentMethod], [Amount], [Status]) VALUES (51, 55, CAST(N'2026-04-16T09:18:01.353' AS DateTime), N'MOMO', CAST(446600.00 AS Decimal(18, 2)), N'Paid')
INSERT [dbo].[Payments] ([PaymentID], [OrderID], [PaymentDate], [PaymentMethod], [Amount], [Status]) VALUES (52, 56, CAST(N'2026-04-16T09:23:42.750' AS DateTime), N'VNPAY', CAST(60600.00 AS Decimal(18, 2)), N'Paid')
INSERT [dbo].[Payments] ([PaymentID], [OrderID], [PaymentDate], [PaymentMethod], [Amount], [Status]) VALUES (53, 57, CAST(N'2026-04-16T11:13:11.480' AS DateTime), N'MOMO', CAST(91350000.00 AS Decimal(18, 2)), N'Pending')
INSERT [dbo].[Payments] ([PaymentID], [OrderID], [PaymentDate], [PaymentMethod], [Amount], [Status]) VALUES (54, 58, CAST(N'2026-04-16T11:13:41.530' AS DateTime), N'MOMO', CAST(51765000.00 AS Decimal(18, 2)), N'Pending')
INSERT [dbo].[Payments] ([PaymentID], [OrderID], [PaymentDate], [PaymentMethod], [Amount], [Status]) VALUES (55, 60, CAST(N'2026-04-16T11:21:32.957' AS DateTime), N'VNPAY', CAST(91350000.00 AS Decimal(18, 2)), N'Paid')
INSERT [dbo].[Payments] ([PaymentID], [OrderID], [PaymentDate], [PaymentMethod], [Amount], [Status]) VALUES (56, 61, CAST(N'2026-04-16T11:24:42.990' AS DateTime), N'VNPAY', CAST(7105000.00 AS Decimal(18, 2)), N'Paid')
INSERT [dbo].[Payments] ([PaymentID], [OrderID], [PaymentDate], [PaymentMethod], [Amount], [Status]) VALUES (57, 62, CAST(N'2026-04-16T15:04:29.903' AS DateTime), N'VNPAY', CAST(2842000.00 AS Decimal(18, 2)), N'Failed')
INSERT [dbo].[Payments] ([PaymentID], [OrderID], [PaymentDate], [PaymentMethod], [Amount], [Status]) VALUES (58, 63, CAST(N'2026-04-16T15:10:35.393' AS DateTime), N'VNPAY', CAST(4263000.00 AS Decimal(18, 2)), N'Failed')
INSERT [dbo].[Payments] ([PaymentID], [OrderID], [PaymentDate], [PaymentMethod], [Amount], [Status]) VALUES (59, 64, CAST(N'2026-04-16T16:12:54.703' AS DateTime), N'VNPAY', CAST(4263000.00 AS Decimal(18, 2)), N'Paid')
INSERT [dbo].[Payments] ([PaymentID], [OrderID], [PaymentDate], [PaymentMethod], [Amount], [Status]) VALUES (60, 66, CAST(N'2026-04-22T11:37:31.350' AS DateTime), N'VNPAY', CAST(6090000.00 AS Decimal(18, 2)), N'Failed')
INSERT [dbo].[Payments] ([PaymentID], [OrderID], [PaymentDate], [PaymentMethod], [Amount], [Status]) VALUES (61, 68, CAST(N'2026-04-23T08:36:07.750' AS DateTime), N'VNPAY', CAST(7105000.00 AS Decimal(18, 2)), N'Failed')
INSERT [dbo].[Payments] ([PaymentID], [OrderID], [PaymentDate], [PaymentMethod], [Amount], [Status]) VALUES (62, 69, CAST(N'2026-04-23T08:36:07.893' AS DateTime), N'VNPAY', CAST(7105000.00 AS Decimal(18, 2)), N'Failed')
INSERT [dbo].[Payments] ([PaymentID], [OrderID], [PaymentDate], [PaymentMethod], [Amount], [Status]) VALUES (63, 71, CAST(N'2026-04-23T08:36:07.900' AS DateTime), N'VNPAY', CAST(304500.00 AS Decimal(18, 2)), N'Failed')
INSERT [dbo].[Payments] ([PaymentID], [OrderID], [PaymentDate], [PaymentMethod], [Amount], [Status]) VALUES (64, 72, CAST(N'2026-04-23T08:36:07.903' AS DateTime), N'VNPAY', CAST(761250.00 AS Decimal(18, 2)), N'Failed')
INSERT [dbo].[Payments] ([PaymentID], [OrderID], [PaymentDate], [PaymentMethod], [Amount], [Status]) VALUES (65, 73, CAST(N'2026-04-23T08:36:07.910' AS DateTime), N'VNPAY', CAST(187475.00 AS Decimal(18, 2)), N'Failed')
INSERT [dbo].[Payments] ([PaymentID], [OrderID], [PaymentDate], [PaymentMethod], [Amount], [Status]) VALUES (66, 74, CAST(N'2026-04-22T13:28:25.583' AS DateTime), N'VNPAY', CAST(187475.00 AS Decimal(18, 2)), N'Paid')
INSERT [dbo].[Payments] ([PaymentID], [OrderID], [PaymentDate], [PaymentMethod], [Amount], [Status]) VALUES (67, 75, CAST(N'2026-04-22T13:37:02.260' AS DateTime), N'MOMO', CAST(761250.00 AS Decimal(18, 2)), N'Paid')
INSERT [dbo].[Payments] ([PaymentID], [OrderID], [PaymentDate], [PaymentMethod], [Amount], [Status]) VALUES (68, 76, CAST(N'2026-04-22T13:40:14.253' AS DateTime), N'VNPAY', CAST(456750.00 AS Decimal(18, 2)), N'Paid')
INSERT [dbo].[Payments] ([PaymentID], [OrderID], [PaymentDate], [PaymentMethod], [Amount], [Status]) VALUES (69, 77, CAST(N'2026-04-22T13:46:28.913' AS DateTime), N'VNPAY', CAST(126575.00 AS Decimal(18, 2)), N'Paid')
INSERT [dbo].[Payments] ([PaymentID], [OrderID], [PaymentDate], [PaymentMethod], [Amount], [Status]) VALUES (70, 78, CAST(N'2026-04-22T17:11:13.920' AS DateTime), N'COD', CAST(289275.00 AS Decimal(18, 2)), N'Pending')
INSERT [dbo].[Payments] ([PaymentID], [OrderID], [PaymentDate], [PaymentMethod], [Amount], [Status]) VALUES (71, 81, CAST(N'2026-04-22T17:14:05.703' AS DateTime), N'COD', CAST(243600.00 AS Decimal(18, 2)), N'Pending')
INSERT [dbo].[Payments] ([PaymentID], [OrderID], [PaymentDate], [PaymentMethod], [Amount], [Status]) VALUES (72, 82, CAST(N'2026-04-22T17:19:46.713' AS DateTime), N'MOMO', CAST(319725.00 AS Decimal(18, 2)), N'Paid')
INSERT [dbo].[Payments] ([PaymentID], [OrderID], [PaymentDate], [PaymentMethod], [Amount], [Status]) VALUES (73, 85, CAST(N'2026-04-22T17:27:28.190' AS DateTime), N'MOMO', CAST(197625.00 AS Decimal(18, 2)), N'Paid')
INSERT [dbo].[Payments] ([PaymentID], [OrderID], [PaymentDate], [PaymentMethod], [Amount], [Status]) VALUES (74, 86, CAST(N'2026-04-22T17:35:14.903' AS DateTime), N'VNPAY', CAST(487200.00 AS Decimal(18, 2)), N'Paid')
INSERT [dbo].[Payments] ([PaymentID], [OrderID], [PaymentDate], [PaymentMethod], [Amount], [Status]) VALUES (75, 87, CAST(N'2026-04-22T17:39:39.480' AS DateTime), N'VNPAY', CAST(146875.00 AS Decimal(18, 2)), N'Paid')
INSERT [dbo].[Payments] ([PaymentID], [OrderID], [PaymentDate], [PaymentMethod], [Amount], [Status]) VALUES (76, 88, CAST(N'2026-04-23T09:36:38.260' AS DateTime), N'MOMO', CAST(1015000.00 AS Decimal(18, 2)), N'Paid')
INSERT [dbo].[Payments] ([PaymentID], [OrderID], [PaymentDate], [PaymentMethod], [Amount], [Status]) VALUES (77, 89, CAST(N'2026-04-23T10:10:46.843' AS DateTime), N'COD', CAST(761250.00 AS Decimal(18, 2)), N'Pending')
INSERT [dbo].[Payments] ([PaymentID], [OrderID], [PaymentDate], [PaymentMethod], [Amount], [Status]) VALUES (78, 91, CAST(N'2026-04-23T13:17:54.347' AS DateTime), N'MOMO', CAST(507500.00 AS Decimal(18, 2)), N'Paid')
INSERT [dbo].[Payments] ([PaymentID], [OrderID], [PaymentDate], [PaymentMethod], [Amount], [Status]) VALUES (79, 92, CAST(N'2026-04-23T13:43:15.070' AS DateTime), N'COD', CAST(548100.00 AS Decimal(18, 2)), N'Paid')
INSERT [dbo].[Payments] ([PaymentID], [OrderID], [PaymentDate], [PaymentMethod], [Amount], [Status]) VALUES (80, 93, CAST(N'2026-04-23T13:50:21.893' AS DateTime), N'MOMO', CAST(263900.00 AS Decimal(18, 2)), N'Paid')
INSERT [dbo].[Payments] ([PaymentID], [OrderID], [PaymentDate], [PaymentMethod], [Amount], [Status]) VALUES (81, 94, CAST(N'2026-04-23T17:52:02.390' AS DateTime), N'VNPAY', CAST(243600.00 AS Decimal(18, 2)), N'Paid')
INSERT [dbo].[Payments] ([PaymentID], [OrderID], [PaymentDate], [PaymentMethod], [Amount], [Status]) VALUES (82, 95, CAST(N'2026-04-24T09:21:27.990' AS DateTime), N'VNPAY', CAST(5200860.00 AS Decimal(18, 2)), N'Paid')
SET IDENTITY_INSERT [dbo].[Payments] OFF
GO
SET IDENTITY_INSERT [dbo].[ProductImages] ON 

INSERT [dbo].[ProductImages] ([ImageID], [ProductID], [ImageURL], [IsMainImage]) VALUES (1, 1, N'https://nongnghiep.farmvina.com/wp-content/uploads/2020/04/Rau-mu%E1%BB%91ng-baby2-1-scaled.jpg', 1)
INSERT [dbo].[ProductImages] ([ImageID], [ProductID], [ImageURL], [IsMainImage]) VALUES (2, 1, N'https://media3.scdn.vn/img4/2023/02_14/RelRK1WmLbZ3P8NVhGNg.jpg', 0)
INSERT [dbo].[ProductImages] ([ImageID], [ProductID], [ImageURL], [IsMainImage]) VALUES (3, 2, N'https://storage.googleapis.com/sc_pcm_product/prod/2024/11/23/608556-image14.webp', 1)
INSERT [dbo].[ProductImages] ([ImageID], [ProductID], [ImageURL], [IsMainImage]) VALUES (6, 41, N'/product-images/41/d1f6ee99f7b7456c875d352c65b6ca13.png', 1)
INSERT [dbo].[ProductImages] ([ImageID], [ProductID], [ImageURL], [IsMainImage]) VALUES (7, 41, N'/product-images/41/e7de16aeaaa443a0815607f375a966ae.png', 0)
INSERT [dbo].[ProductImages] ([ImageID], [ProductID], [ImageURL], [IsMainImage]) VALUES (8, 41, N'/product-images/41/c79ccb1bea20461bb535cfdf8ad21712.png', 0)
INSERT [dbo].[ProductImages] ([ImageID], [ProductID], [ImageURL], [IsMainImage]) VALUES (9, 42, N'/product-images/42/7b71fdd4da684cfd93ff5a3ab55d904c.png', 0)
INSERT [dbo].[ProductImages] ([ImageID], [ProductID], [ImageURL], [IsMainImage]) VALUES (10, 42, N'/product-images/42/1b6b22acb9bb42b4bf0c0332d14c229c.png', 0)
INSERT [dbo].[ProductImages] ([ImageID], [ProductID], [ImageURL], [IsMainImage]) VALUES (11, 42, N'/product-images/42/1f92e884c73c412584870cbc5b1674c8.png', 1)
INSERT [dbo].[ProductImages] ([ImageID], [ProductID], [ImageURL], [IsMainImage]) VALUES (12, 43, N'/product-images/43/5b503aa6448c4a6ca59e0311b3919639.png', 1)
INSERT [dbo].[ProductImages] ([ImageID], [ProductID], [ImageURL], [IsMainImage]) VALUES (13, 43, N'/product-images/43/1b17ae7b6f32464597de53027e8f999f.png', 0)
INSERT [dbo].[ProductImages] ([ImageID], [ProductID], [ImageURL], [IsMainImage]) VALUES (14, 3, N'/product-images/3/ae22653f533f42229b71a238adcc0cbe.jfif', 1)
INSERT [dbo].[ProductImages] ([ImageID], [ProductID], [ImageURL], [IsMainImage]) VALUES (15, 4, N'/product-images/4/58faef7b8cbb4136bd3e7c7cc7982aeb.webp', 1)
INSERT [dbo].[ProductImages] ([ImageID], [ProductID], [ImageURL], [IsMainImage]) VALUES (16, 5, N'/product-images/5/a67fa740058a42f6b0b496a6d9d304e5.jpg', 1)
INSERT [dbo].[ProductImages] ([ImageID], [ProductID], [ImageURL], [IsMainImage]) VALUES (17, 6, N'/product-images/6/c94c3d61258845bb9cd745d2e89b00b6.jpg', 1)
INSERT [dbo].[ProductImages] ([ImageID], [ProductID], [ImageURL], [IsMainImage]) VALUES (18, 7, N'/product-images/7/76e1b03c97134db8978c4042d3cda6b2.jpg', 1)
INSERT [dbo].[ProductImages] ([ImageID], [ProductID], [ImageURL], [IsMainImage]) VALUES (19, 8, N'/product-images/8/0798b646aa4f44e295aa7f5efa0db41f.jfif', 1)
INSERT [dbo].[ProductImages] ([ImageID], [ProductID], [ImageURL], [IsMainImage]) VALUES (20, 10, N'/product-images/10/82d9109dfc79475b8a74ec2fda586521.webp', 1)
INSERT [dbo].[ProductImages] ([ImageID], [ProductID], [ImageURL], [IsMainImage]) VALUES (21, 9, N'/product-images/9/ebd43cacb8ff4707922d6a422e25b6b5.jpg', 1)
INSERT [dbo].[ProductImages] ([ImageID], [ProductID], [ImageURL], [IsMainImage]) VALUES (22, 16, N'/product-images/16/26e1d8d40423476796a81089e0fcb0df.jpg', 1)
INSERT [dbo].[ProductImages] ([ImageID], [ProductID], [ImageURL], [IsMainImage]) VALUES (23, 21, N'/product-images/21/51dc447e98c741d988dd0025556ff543.webp', 1)
INSERT [dbo].[ProductImages] ([ImageID], [ProductID], [ImageURL], [IsMainImage]) VALUES (24, 36, N'/product-images/36/0c0c897019df40dd8e5a62ce871e489f.jfif', 1)
INSERT [dbo].[ProductImages] ([ImageID], [ProductID], [ImageURL], [IsMainImage]) VALUES (25, 22, N'/product-images/22/c2274d32c5e14d6b865c7532fe0ac5ae.jpg', 1)
INSERT [dbo].[ProductImages] ([ImageID], [ProductID], [ImageURL], [IsMainImage]) VALUES (26, 28, N'/product-images/28/7679e62a73b1468aba302ede417ca8eb.webp', 1)
INSERT [dbo].[ProductImages] ([ImageID], [ProductID], [ImageURL], [IsMainImage]) VALUES (27, 18, N'/product-images/18/eb4b2e47b06a456292e631fb02d3d62e.webp', 1)
INSERT [dbo].[ProductImages] ([ImageID], [ProductID], [ImageURL], [IsMainImage]) VALUES (28, 17, N'/product-images/17/f83854583a354f29bc7928701eaa026f.webp', 1)
INSERT [dbo].[ProductImages] ([ImageID], [ProductID], [ImageURL], [IsMainImage]) VALUES (29, 35, N'/product-images/35/a25dc4b67d214e51a30e9c5664dc6431.webp', 1)
INSERT [dbo].[ProductImages] ([ImageID], [ProductID], [ImageURL], [IsMainImage]) VALUES (30, 37, N'/product-images/37/8c2daa24ca3345c0b6bd32a096ad0621.webp', 1)
INSERT [dbo].[ProductImages] ([ImageID], [ProductID], [ImageURL], [IsMainImage]) VALUES (31, 13, N'/product-images/13/54048882d81142ebb0b0ed021a36b0c3.webp', 1)
INSERT [dbo].[ProductImages] ([ImageID], [ProductID], [ImageURL], [IsMainImage]) VALUES (32, 38, N'/product-images/38/812f155a4c504b2494db99a47b05888e.webp', 1)
INSERT [dbo].[ProductImages] ([ImageID], [ProductID], [ImageURL], [IsMainImage]) VALUES (33, 34, N'/product-images/34/fc972a574a834689a2bddf1d0bd11229.webp', 1)
INSERT [dbo].[ProductImages] ([ImageID], [ProductID], [ImageURL], [IsMainImage]) VALUES (34, 25, N'/product-images/25/25aaa4b54fc34cde85c2795c5818fd7e.webp', 1)
INSERT [dbo].[ProductImages] ([ImageID], [ProductID], [ImageURL], [IsMainImage]) VALUES (35, 24, N'/product-images/24/5fd6a3e461af4b15bc842e3385fd8869.png', 1)
INSERT [dbo].[ProductImages] ([ImageID], [ProductID], [ImageURL], [IsMainImage]) VALUES (36, 26, N'/product-images/26/fbe4825980c041039f8d51d345e85213.webp', 1)
INSERT [dbo].[ProductImages] ([ImageID], [ProductID], [ImageURL], [IsMainImage]) VALUES (37, 39, N'/product-images/39/824ed01ac9ef49db9e8aa933d66c85de.webp', 1)
INSERT [dbo].[ProductImages] ([ImageID], [ProductID], [ImageURL], [IsMainImage]) VALUES (38, 33, N'/product-images/33/f7b0bbee7c9c45789ba2133ba64ca32a.webp', 1)
INSERT [dbo].[ProductImages] ([ImageID], [ProductID], [ImageURL], [IsMainImage]) VALUES (39, 11, N'/product-images/11/43f17763e4af436f81bc39e7932a2dbd.webp', 1)
INSERT [dbo].[ProductImages] ([ImageID], [ProductID], [ImageURL], [IsMainImage]) VALUES (40, 32, N'/product-images/32/8d80a199e10f43f79d024fd6c4b490cf.webp', 1)
INSERT [dbo].[ProductImages] ([ImageID], [ProductID], [ImageURL], [IsMainImage]) VALUES (41, 27, N'/product-images/27/602703740c854e249a03ded0501af270.webp', 1)
INSERT [dbo].[ProductImages] ([ImageID], [ProductID], [ImageURL], [IsMainImage]) VALUES (42, 31, N'/product-images/31/cebfd89eb3064c8e9edbc94b71e1b6e8.webp', 1)
INSERT [dbo].[ProductImages] ([ImageID], [ProductID], [ImageURL], [IsMainImage]) VALUES (43, 30, N'/product-images/30/b8da672d41814c20a90dd14240f44c47.webp', 1)
INSERT [dbo].[ProductImages] ([ImageID], [ProductID], [ImageURL], [IsMainImage]) VALUES (44, 15, N'/product-images/15/7b34663fe68f46e5b87d1c8ce815d892.webp', 1)
INSERT [dbo].[ProductImages] ([ImageID], [ProductID], [ImageURL], [IsMainImage]) VALUES (45, 12, N'/product-images/12/baa1ebc65a194c849af9171888717d22.webp', 1)
INSERT [dbo].[ProductImages] ([ImageID], [ProductID], [ImageURL], [IsMainImage]) VALUES (46, 14, N'/product-images/14/1ce8b3c359c24e2e9a2749feae86f179.webp', 1)
INSERT [dbo].[ProductImages] ([ImageID], [ProductID], [ImageURL], [IsMainImage]) VALUES (47, 19, N'/product-images/19/e799890f69dd468abbed090e06a7f40b.webp', 1)
INSERT [dbo].[ProductImages] ([ImageID], [ProductID], [ImageURL], [IsMainImage]) VALUES (48, 23, N'/product-images/23/abe7996c4b044e459afa2109d213924a.webp', 1)
INSERT [dbo].[ProductImages] ([ImageID], [ProductID], [ImageURL], [IsMainImage]) VALUES (49, 40, N'/product-images/40/4a404b12e6a24782a4c93fbc4e135bad.webp', 1)
INSERT [dbo].[ProductImages] ([ImageID], [ProductID], [ImageURL], [IsMainImage]) VALUES (50, 29, N'/product-images/29/c0afd3c965294e7991d5b8dba0566abd.webp', 1)
INSERT [dbo].[ProductImages] ([ImageID], [ProductID], [ImageURL], [IsMainImage]) VALUES (51, 20, N'/product-images/20/d123efd4cafc4ae1b1513fdb1cff42f8.webp', 1)
INSERT [dbo].[ProductImages] ([ImageID], [ProductID], [ImageURL], [IsMainImage]) VALUES (52, 44, N'/product-images/44/713f896ca1694881970ea568bde58133.png', 1)
INSERT [dbo].[ProductImages] ([ImageID], [ProductID], [ImageURL], [IsMainImage]) VALUES (53, 45, N'/product-images/45/1c2c3b73f13f406aa66d77ebbdda6f80.png', 0)
INSERT [dbo].[ProductImages] ([ImageID], [ProductID], [ImageURL], [IsMainImage]) VALUES (54, 45, N'/product-images/45/046f8568b55d4af18d79f8984abd62be.png', 1)
SET IDENTITY_INSERT [dbo].[ProductImages] OFF
GO
SET IDENTITY_INSERT [dbo].[Products] ON 

INSERT [dbo].[Products] ([ProductID], [ProductName], [CategoryID], [SupplierID], [Price], [StockQuantity], [Unit], [Description], [CreatedAt], [DiscountPrice], [Sku], [ManufacturedDate], [ExpiryDate], [Origin], [StorageInstructions], [Certifications], [Status]) VALUES (1, N'Rau Muống Sạch', 1, 1, CAST(15000.00 AS Decimal(18, 2)), 67, N'Bó', N'Rau muống hữu cơ không chất bảo quản', CAST(N'2026-04-07T10:38:11.640' AS DateTime), NULL, N'FF-PRD-001', CAST(N'2026-04-11T00:00:00.0000000' AS DateTime2), CAST(N'2026-04-17T00:00:00.0000000' AS DateTime2), N'Đà Lạt, Việt Nam', N'Ngăn mát 5-10°C', N'VietGAP', N'Active')
INSERT [dbo].[Products] ([ProductID], [ProductName], [CategoryID], [SupplierID], [Price], [StockQuantity], [Unit], [Description], [CreatedAt], [DiscountPrice], [Sku], [ManufacturedDate], [ExpiryDate], [Origin], [StorageInstructions], [Certifications], [Status]) VALUES (2, N'Cà Chua VietGAP', 1, 1, CAST(25000.00 AS Decimal(18, 2)), 26, N'Kg', N'Cà chua đỏ mọng, giàu Vitamin', CAST(N'2026-04-07T10:38:11.640' AS DateTime), NULL, N'FF-PRD-002', CAST(N'2026-04-12T09:28:42.8266667' AS DateTime2), CAST(N'2026-04-18T09:28:42.8266667' AS DateTime2), N'Đà Lạt, Việt Nam', N'Ngăn mát 5-10°C', N'VietGAP', N'Active')
INSERT [dbo].[Products] ([ProductID], [ProductName], [CategoryID], [SupplierID], [Price], [StockQuantity], [Unit], [Description], [CreatedAt], [DiscountPrice], [Sku], [ManufacturedDate], [ExpiryDate], [Origin], [StorageInstructions], [Certifications], [Status]) VALUES (3, N'Súp Lơ Xanh', 1, 1, CAST(35000.00 AS Decimal(18, 2)), 22, N'Cái', N'Súp lơ Đà Lạt tươi ngon mỗi ngày', CAST(N'2026-04-07T10:38:11.640' AS DateTime), NULL, N'FF-PRD-003', CAST(N'2026-04-12T09:28:42.8266667' AS DateTime2), CAST(N'2026-04-18T09:28:42.8266667' AS DateTime2), N'Đà Lạt, Việt Nam', N'Ngăn mát 5-10°C', N'VietGAP', N'Active')
INSERT [dbo].[Products] ([ProductID], [ProductName], [CategoryID], [SupplierID], [Price], [StockQuantity], [Unit], [Description], [CreatedAt], [DiscountPrice], [Sku], [ManufacturedDate], [ExpiryDate], [Origin], [StorageInstructions], [Certifications], [Status]) VALUES (4, N'Xà Lách Mỡ', 1, 1, CAST(22000.00 AS Decimal(18, 2)), 31, N'Cây', N'Xà lách tươi giòn, thích hợp làm salad', CAST(N'2026-04-07T10:38:11.640' AS DateTime), NULL, N'FF-PRD-004', CAST(N'2026-04-12T09:28:42.8266667' AS DateTime2), CAST(N'2026-04-18T09:28:42.8266667' AS DateTime2), N'Đà Lạt, Việt Nam', N'Ngăn mát 5-10°C', N'VietGAP', N'Active')
INSERT [dbo].[Products] ([ProductID], [ProductName], [CategoryID], [SupplierID], [Price], [StockQuantity], [Unit], [Description], [CreatedAt], [DiscountPrice], [Sku], [ManufacturedDate], [ExpiryDate], [Origin], [StorageInstructions], [Certifications], [Status]) VALUES (5, N'Khoai Tây Đà Lạt', 1, 1, CAST(28000.00 AS Decimal(18, 2)), 57, N'Kg', N'Khoai tây vàng, bở, không mọc mầm', CAST(N'2026-04-07T10:38:11.640' AS DateTime), NULL, N'FF-PRD-005', CAST(N'2026-04-12T09:28:42.8266667' AS DateTime2), CAST(N'2026-04-18T09:28:42.8266667' AS DateTime2), N'Đà Lạt, Việt Nam', N'Ngăn mát 5-10°C', N'VietGAP', N'Active')
INSERT [dbo].[Products] ([ProductID], [ProductName], [CategoryID], [SupplierID], [Price], [StockQuantity], [Unit], [Description], [CreatedAt], [DiscountPrice], [Sku], [ManufacturedDate], [ExpiryDate], [Origin], [StorageInstructions], [Certifications], [Status]) VALUES (6, N'Cà Rốt Hữu Cơ', 1, 1, CAST(18000.00 AS Decimal(18, 2)), 68, N'Kg', N'Cà rốt tươi, giàu Beta-carotene', CAST(N'2026-04-07T10:38:11.640' AS DateTime), NULL, N'FF-PRD-006', CAST(N'2026-04-12T09:28:42.8266667' AS DateTime2), CAST(N'2026-04-18T09:28:42.8266667' AS DateTime2), N'Đà Lạt, Việt Nam', N'Ngăn mát 5-10°C', N'VietGAP', N'Active')
INSERT [dbo].[Products] ([ProductID], [ProductName], [CategoryID], [SupplierID], [Price], [StockQuantity], [Unit], [Description], [CreatedAt], [DiscountPrice], [Sku], [ManufacturedDate], [ExpiryDate], [Origin], [StorageInstructions], [Certifications], [Status]) VALUES (7, N'Hành Tây Trắng', 1, 1, CAST(12000.00 AS Decimal(18, 2)), 98, N'Kg', N'Hành tây ngọt, củ to', CAST(N'2026-04-07T10:38:11.640' AS DateTime), NULL, N'FF-PRD-007', CAST(N'2026-04-12T09:28:42.8266667' AS DateTime2), CAST(N'2026-04-18T09:28:42.8266667' AS DateTime2), N'Đà Lạt, Việt Nam', N'Ngăn mát 5-10°C', N'VietGAP', N'Active')
INSERT [dbo].[Products] ([ProductID], [ProductName], [CategoryID], [SupplierID], [Price], [StockQuantity], [Unit], [Description], [CreatedAt], [DiscountPrice], [Sku], [ManufacturedDate], [ExpiryDate], [Origin], [StorageInstructions], [Certifications], [Status]) VALUES (8, N'Thanh Long Bình Thuận', 1, 1, CAST(30000.00 AS Decimal(18, 2)), 38, N'Kg', N'Thanh long ruột đỏ ngọt lịm', CAST(N'2026-04-07T10:38:11.640' AS DateTime), NULL, N'FF-PRD-008', CAST(N'2026-04-11T09:28:42.8300000' AS DateTime2), CAST(N'2026-04-20T09:28:42.8300000' AS DateTime2), N'Việt Nam', N'Nơi thoáng mát hoặc ngăn mát', N'VietGAP', N'Active')
INSERT [dbo].[Products] ([ProductID], [ProductName], [CategoryID], [SupplierID], [Price], [StockQuantity], [Unit], [Description], [CreatedAt], [DiscountPrice], [Sku], [ManufacturedDate], [ExpiryDate], [Origin], [StorageInstructions], [Certifications], [Status]) VALUES (9, N'Xoài Cát Hòa Lộc', 1, 1, CAST(65000.00 AS Decimal(18, 2)), 18, N'Kg', N'Xoài cát loại 1, thơm ngon đặc sản', CAST(N'2026-04-07T10:38:11.640' AS DateTime), NULL, N'FF-PRD-009', CAST(N'2026-04-11T09:28:42.8300000' AS DateTime2), CAST(N'2026-04-20T09:28:42.8300000' AS DateTime2), N'Việt Nam', N'Nơi thoáng mát hoặc ngăn mát', N'VietGAP', N'Active')
INSERT [dbo].[Products] ([ProductID], [ProductName], [CategoryID], [SupplierID], [Price], [StockQuantity], [Unit], [Description], [CreatedAt], [DiscountPrice], [Sku], [ManufacturedDate], [ExpiryDate], [Origin], [StorageInstructions], [Certifications], [Status]) VALUES (10, N'Chuối Laba Đà Lạt', 1, 1, CAST(25000.00 AS Decimal(18, 2)), 28, N'Nải', N'Chuối dẻo, thơm đặc trưng', CAST(N'2026-04-07T10:38:11.640' AS DateTime), NULL, N'FF-PRD-010', CAST(N'2026-04-11T09:28:42.8300000' AS DateTime2), CAST(N'2026-04-20T09:28:42.8300000' AS DateTime2), N'Việt Nam', N'Nơi thoáng mát hoặc ngăn mát', N'VietGAP', N'Active')
INSERT [dbo].[Products] ([ProductID], [ProductName], [CategoryID], [SupplierID], [Price], [StockQuantity], [Unit], [Description], [CreatedAt], [DiscountPrice], [Sku], [ManufacturedDate], [ExpiryDate], [Origin], [StorageInstructions], [Certifications], [Status]) VALUES (11, N'Ớt Chuông Đà Lạt', 1, 1, CAST(65000.00 AS Decimal(18, 2)), 21, N'Kg', N'Ớt chuông đủ màu đỏ, vàng, xanh', CAST(N'2026-04-07T10:38:11.640' AS DateTime), NULL, N'FF-PRD-011', CAST(N'2026-04-11T09:28:42.8300000' AS DateTime2), CAST(N'2026-04-20T09:28:42.8300000' AS DateTime2), N'Việt Nam', N'Nơi thoáng mát hoặc ngăn mát', N'VietGAP', N'Active')
INSERT [dbo].[Products] ([ProductID], [ProductName], [CategoryID], [SupplierID], [Price], [StockQuantity], [Unit], [Description], [CreatedAt], [DiscountPrice], [Sku], [ManufacturedDate], [ExpiryDate], [Origin], [StorageInstructions], [Certifications], [Status]) VALUES (12, N'Thịt Ba Rọi Heo', 2, 2, CAST(160000.00 AS Decimal(18, 2)), 17, N'Kg', N'Thịt heo sạch, không chất tạo nạc', CAST(N'2026-04-07T10:38:11.640' AS DateTime), NULL, N'FF-PRD-012', CAST(N'2026-04-12T09:28:42.8300000' AS DateTime2), CAST(N'2026-04-20T09:28:42.8300000' AS DateTime2), N'Việt Nam', N'Đông lạnh -18°C', N'Kiểm dịch VSATTP', N'Active')
INSERT [dbo].[Products] ([ProductID], [ProductName], [CategoryID], [SupplierID], [Price], [StockQuantity], [Unit], [Description], [CreatedAt], [DiscountPrice], [Sku], [ManufacturedDate], [ExpiryDate], [Origin], [StorageInstructions], [Certifications], [Status]) VALUES (13, N'Đùi Gà Công Nghiệp', 2, 2, CAST(85000.00 AS Decimal(18, 2)), 39, N'Kg', N'Ðùi gà CP, dóng gói hút chân không', CAST(N'2026-04-07T10:38:11.640' AS DateTime), NULL, N'FF-PRD-013', CAST(N'2026-04-12T09:28:42.8300000' AS DateTime2), CAST(N'2026-04-20T09:28:42.8300000' AS DateTime2), N'Việt Nam', N'Đông lạnh -18°C', N'Kiểm dịch VSATTP', N'Active')
INSERT [dbo].[Products] ([ProductID], [ProductName], [CategoryID], [SupplierID], [Price], [StockQuantity], [Unit], [Description], [CreatedAt], [DiscountPrice], [Sku], [ManufacturedDate], [ExpiryDate], [Origin], [StorageInstructions], [Certifications], [Status]) VALUES (14, N'Thịt Bò Thăn', 2, 2, CAST(280000.00 AS Decimal(18, 2)), 18, N'Kg', N'Thịt bò Úc tươi mỗi ngày', CAST(N'2026-04-07T10:38:11.640' AS DateTime), NULL, N'FF-PRD-014', CAST(N'2026-04-12T09:28:42.8300000' AS DateTime2), CAST(N'2026-04-20T09:28:42.8300000' AS DateTime2), N'Việt Nam', N'Đông lạnh -18°C', N'Kiểm dịch VSATTP', N'Active')
INSERT [dbo].[Products] ([ProductID], [ProductName], [CategoryID], [SupplierID], [Price], [StockQuantity], [Unit], [Description], [CreatedAt], [DiscountPrice], [Sku], [ManufacturedDate], [ExpiryDate], [Origin], [StorageInstructions], [Certifications], [Status]) VALUES (15, N'Sườn Non Heo', 2, 2, CAST(195000.00 AS Decimal(18, 2)), 18, N'Kg', N'Sườn non nhiều thịt, xương nhỏ', CAST(N'2026-04-07T10:38:11.640' AS DateTime), NULL, N'FF-PRD-015', CAST(N'2026-04-12T09:28:42.8300000' AS DateTime2), CAST(N'2026-04-20T09:28:42.8300000' AS DateTime2), N'Việt Nam', N'Đông lạnh -18°C', N'Kiểm dịch VSATTP', N'Active')
INSERT [dbo].[Products] ([ProductID], [ProductName], [CategoryID], [SupplierID], [Price], [StockQuantity], [Unit], [Description], [CreatedAt], [DiscountPrice], [Sku], [ManufacturedDate], [ExpiryDate], [Origin], [StorageInstructions], [Certifications], [Status]) VALUES (16, N'Bắp Bò Hoa', 2, 2, CAST(320000.00 AS Decimal(18, 2)), 12, N'Kg', N'Bắp bò giòn, thích hợp làm lẩu/ngâm mắm', CAST(N'2026-04-07T10:38:11.640' AS DateTime), NULL, N'FF-PRD-016', CAST(N'2026-04-09T00:00:00.0000000' AS DateTime2), CAST(N'2026-04-17T00:00:00.0000000' AS DateTime2), N'Việt Nam', N'Đông lạnh -18°C', N'Kiểm dịch VSATTP', N'Active')
INSERT [dbo].[Products] ([ProductID], [ProductName], [CategoryID], [SupplierID], [Price], [StockQuantity], [Unit], [Description], [CreatedAt], [DiscountPrice], [Sku], [ManufacturedDate], [ExpiryDate], [Origin], [StorageInstructions], [Certifications], [Status]) VALUES (17, N'Chân Giò Heo', 2, 2, CAST(95000.00 AS Decimal(18, 2)), 14, N'Kg', N'Chân giò trước, làm sạch sẵn', CAST(N'2026-04-07T10:38:11.640' AS DateTime), NULL, N'FF-PRD-017', CAST(N'2026-04-12T09:28:42.8300000' AS DateTime2), CAST(N'2026-04-20T09:28:42.8300000' AS DateTime2), N'Việt Nam', N'Đông lạnh -18°C', N'Kiểm dịch VSATTP', N'Active')
INSERT [dbo].[Products] ([ProductID], [ProductName], [CategoryID], [SupplierID], [Price], [StockQuantity], [Unit], [Description], [CreatedAt], [DiscountPrice], [Sku], [ManufacturedDate], [ExpiryDate], [Origin], [StorageInstructions], [Certifications], [Status]) VALUES (18, N'Cánh Gà CP', 2, 2, CAST(75000.00 AS Decimal(18, 2)), 30, N'Kg', N'Cánh gà giữa, tươi ngon', CAST(N'2026-04-07T10:38:11.640' AS DateTime), NULL, N'FF-PRD-018', CAST(N'2026-04-12T09:28:42.8300000' AS DateTime2), CAST(N'2026-04-20T09:28:42.8300000' AS DateTime2), N'Việt Nam', N'Đông lạnh -18°C', N'Kiểm dịch VSATTP', N'Active')
INSERT [dbo].[Products] ([ProductID], [ProductName], [CategoryID], [SupplierID], [Price], [StockQuantity], [Unit], [Description], [CreatedAt], [DiscountPrice], [Sku], [ManufacturedDate], [ExpiryDate], [Origin], [StorageInstructions], [Certifications], [Status]) VALUES (19, N'Thịt Vai Heo', 2, 2, CAST(135000.00 AS Decimal(18, 2)), 20, N'Kg', N'Thịt vai mềm, thích hợp kho xào', CAST(N'2026-04-07T10:38:11.640' AS DateTime), NULL, N'FF-PRD-019', CAST(N'2026-04-12T09:28:42.8300000' AS DateTime2), CAST(N'2026-04-20T09:28:42.8300000' AS DateTime2), N'Việt Nam', N'Đông lạnh -18°C', N'Kiểm dịch VSATTP', N'Active')
INSERT [dbo].[Products] ([ProductID], [ProductName], [CategoryID], [SupplierID], [Price], [StockQuantity], [Unit], [Description], [CreatedAt], [DiscountPrice], [Sku], [ManufacturedDate], [ExpiryDate], [Origin], [StorageInstructions], [Certifications], [Status]) VALUES (20, N'Ức Gà Phi Lê', 2, 2, CAST(80000.00 AS Decimal(18, 2)), 40, N'Kg', N'Thịt ức gà không da, tốt cho sức khỏe', CAST(N'2026-04-07T10:38:11.640' AS DateTime), NULL, N'FF-PRD-020', CAST(N'2026-04-12T09:28:42.8300000' AS DateTime2), CAST(N'2026-04-20T09:28:42.8300000' AS DateTime2), N'Việt Nam', N'Đông lạnh -18°C', N'Kiểm dịch VSATTP', N'Active')
INSERT [dbo].[Products] ([ProductID], [ProductName], [CategoryID], [SupplierID], [Price], [StockQuantity], [Unit], [Description], [CreatedAt], [DiscountPrice], [Sku], [ManufacturedDate], [ExpiryDate], [Origin], [StorageInstructions], [Certifications], [Status]) VALUES (21, N'Bò Viên Gân', 2, 2, CAST(180000.00 AS Decimal(18, 2)), 19, N'Gói 500g', N'Bò viên dai giòn, đậm đà', CAST(N'2026-04-07T10:38:11.640' AS DateTime), NULL, N'FF-PRD-021', CAST(N'2026-04-12T09:28:42.8300000' AS DateTime2), CAST(N'2026-04-18T09:28:42.8300000' AS DateTime2), N'Na Uy', N'Ướp đá hoặc đông lạnh', N'HACCP nhập khẩu', N'Active')
INSERT [dbo].[Products] ([ProductID], [ProductName], [CategoryID], [SupplierID], [Price], [StockQuantity], [Unit], [Description], [CreatedAt], [DiscountPrice], [Sku], [ManufacturedDate], [ExpiryDate], [Origin], [StorageInstructions], [Certifications], [Status]) VALUES (22, N'Cá Hồi Phi Lê', 3, 3, CAST(450000.00 AS Decimal(18, 2)), 60, N'Kg', N'Cá hồi nhập khẩu từ Na Uy', CAST(N'2026-04-07T10:38:11.640' AS DateTime), NULL, N'FF-PRD-022', CAST(N'2026-04-12T09:28:42.8300000' AS DateTime2), CAST(N'2026-04-18T09:28:42.8300000' AS DateTime2), N'Biển Việt Nam', N'Ướp đá hoặc đông lạnh', N'HACCP', N'Active')
INSERT [dbo].[Products] ([ProductID], [ProductName], [CategoryID], [SupplierID], [Price], [StockQuantity], [Unit], [Description], [CreatedAt], [DiscountPrice], [Sku], [ManufacturedDate], [ExpiryDate], [Origin], [StorageInstructions], [Certifications], [Status]) VALUES (23, N'Tôm Sú Tươi', 3, 3, CAST(320000.00 AS Decimal(18, 2)), 24, N'Kg', N'Tôm sú loại 1 (20-25 con/kg)', CAST(N'2026-04-07T10:38:11.640' AS DateTime), NULL, N'FF-PRD-023', CAST(N'2026-04-12T09:28:42.8300000' AS DateTime2), CAST(N'2026-04-18T09:28:42.8300000' AS DateTime2), N'Biển Việt Nam', N'Ướp đá hoặc đông lạnh', N'HACCP', N'Active')
INSERT [dbo].[Products] ([ProductID], [ProductName], [CategoryID], [SupplierID], [Price], [StockQuantity], [Unit], [Description], [CreatedAt], [DiscountPrice], [Sku], [ManufacturedDate], [ExpiryDate], [Origin], [StorageInstructions], [Certifications], [Status]) VALUES (24, N'Mực Lá Miền Trung', 3, 3, CAST(350000.00 AS Decimal(18, 2)), 11, N'Kg', N'Mực lá dày mình, ngọt thịt', CAST(N'2026-04-07T10:38:11.640' AS DateTime), NULL, N'FF-PRD-024', CAST(N'2026-04-12T09:28:42.8300000' AS DateTime2), CAST(N'2026-04-18T09:28:42.8300000' AS DateTime2), N'Biển Việt Nam', N'Ướp đá hoặc đông lạnh', N'HACCP', N'Active')
INSERT [dbo].[Products] ([ProductID], [ProductName], [CategoryID], [SupplierID], [Price], [StockQuantity], [Unit], [Description], [CreatedAt], [DiscountPrice], [Sku], [ManufacturedDate], [ExpiryDate], [Origin], [StorageInstructions], [Certifications], [Status]) VALUES (25, N'Cua Cà Mau Trói Không Dây', 3, 3, CAST(550000.00 AS Decimal(18, 2)), 28, N'Kg', N'Cua thịt chắc, gạch béo', CAST(N'2026-04-07T10:38:11.640' AS DateTime), NULL, N'FF-PRD-025', CAST(N'2026-04-12T09:28:42.8300000' AS DateTime2), CAST(N'2026-04-18T09:28:42.8300000' AS DateTime2), N'Biển Việt Nam', N'Ướp đá hoặc đông lạnh', N'HACCP', N'Active')
INSERT [dbo].[Products] ([ProductID], [ProductName], [CategoryID], [SupplierID], [Price], [StockQuantity], [Unit], [Description], [CreatedAt], [DiscountPrice], [Sku], [ManufacturedDate], [ExpiryDate], [Origin], [StorageInstructions], [Certifications], [Status]) VALUES (26, N'Nghêu Trắng', 3, 3, CAST(45000.00 AS Decimal(18, 2)), 42, N'Kg', N'Nghêu biển tươi, làm sạch cát', CAST(N'2026-04-07T10:38:11.640' AS DateTime), NULL, N'FF-PRD-026', CAST(N'2026-04-12T09:28:42.8300000' AS DateTime2), CAST(N'2026-04-18T09:28:42.8300000' AS DateTime2), N'Biển Việt Nam', N'Ướp đá hoặc đông lạnh', N'HACCP', N'Active')
INSERT [dbo].[Products] ([ProductID], [ProductName], [CategoryID], [SupplierID], [Price], [StockQuantity], [Unit], [Description], [CreatedAt], [DiscountPrice], [Sku], [ManufacturedDate], [ExpiryDate], [Origin], [StorageInstructions], [Certifications], [Status]) VALUES (27, N'Sò Huyết Lớn', 3, 3, CAST(180000.00 AS Decimal(18, 2)), 11, N'Kg', N'Sò huyết tươi sống, bổ máu', CAST(N'2026-04-07T10:38:11.640' AS DateTime), NULL, N'FF-PRD-027', CAST(N'2026-04-12T09:28:42.8300000' AS DateTime2), CAST(N'2026-04-18T09:28:42.8300000' AS DateTime2), N'Biển Việt Nam', N'Ướp đá hoặc đông lạnh', N'HACCP', N'Active')
INSERT [dbo].[Products] ([ProductID], [ProductName], [CategoryID], [SupplierID], [Price], [StockQuantity], [Unit], [Description], [CreatedAt], [DiscountPrice], [Sku], [ManufacturedDate], [ExpiryDate], [Origin], [StorageInstructions], [Certifications], [Status]) VALUES (28, N'Cá Thu Một Nắng', 3, 3, CAST(250000.00 AS Decimal(18, 2)), 43, N'Kg', N'Cá thu phơi một nắng, thịt chắc thơm', CAST(N'2026-04-07T10:38:11.640' AS DateTime), NULL, N'FF-PRD-028', CAST(N'2026-04-12T09:28:42.8300000' AS DateTime2), CAST(N'2026-04-18T09:28:42.8300000' AS DateTime2), N'Biển Việt Nam', N'Ướp đá hoặc đông lạnh', N'HACCP', N'Active')
INSERT [dbo].[Products] ([ProductID], [ProductName], [CategoryID], [SupplierID], [Price], [StockQuantity], [Unit], [Description], [CreatedAt], [DiscountPrice], [Sku], [ManufacturedDate], [ExpiryDate], [Origin], [StorageInstructions], [Certifications], [Status]) VALUES (29, N'Trứng Gà Ta', 4, 4, CAST(35000.00 AS Decimal(18, 2)), 194, N'Chục', N'Trứng gà nuôi thả vườn Ba Huân', CAST(N'2026-04-07T10:38:11.640' AS DateTime), NULL, N'FF-PRD-029', CAST(N'2026-04-10T09:28:42.8300000' AS DateTime2), CAST(N'2026-05-03T09:28:42.8300000' AS DateTime2), N'Việt Nam', N'Ngăn mát 2-6°C', N'VietGAP', N'Active')
INSERT [dbo].[Products] ([ProductID], [ProductName], [CategoryID], [SupplierID], [Price], [StockQuantity], [Unit], [Description], [CreatedAt], [DiscountPrice], [Sku], [ManufacturedDate], [ExpiryDate], [Origin], [StorageInstructions], [Certifications], [Status]) VALUES (30, N'Sữa Tươi TH True Milk', 4, 2, CAST(8000.00 AS Decimal(18, 2)), 491, N'Hộp', N'Sữa tươi tiệt trùng nguyên chất 180ml', CAST(N'2026-04-07T10:38:11.640' AS DateTime), NULL, N'FF-PRD-030', CAST(N'2026-03-13T09:28:42.8300000' AS DateTime2), CAST(N'2026-10-13T09:28:42.8300000' AS DateTime2), N'Việt Nam', N'Nơi khô mát', N'ISO 22000', N'Active')
INSERT [dbo].[Products] ([ProductID], [ProductName], [CategoryID], [SupplierID], [Price], [StockQuantity], [Unit], [Description], [CreatedAt], [DiscountPrice], [Sku], [ManufacturedDate], [ExpiryDate], [Origin], [StorageInstructions], [Certifications], [Status]) VALUES (31, N'Sữa Chua Vinamilk', 4, 2, CAST(26000.00 AS Decimal(18, 2)), 92, N'Lốc 4 Hộp', N'Sữa chua có đường, giàu canxi', CAST(N'2026-04-07T10:38:11.640' AS DateTime), NULL, N'FF-PRD-031', CAST(N'2026-03-13T09:28:42.8300000' AS DateTime2), CAST(N'2026-10-13T09:28:42.8300000' AS DateTime2), N'Việt Nam', N'Nơi khô mát', N'ISO 22000', N'Active')
INSERT [dbo].[Products] ([ProductID], [ProductName], [CategoryID], [SupplierID], [Price], [StockQuantity], [Unit], [Description], [CreatedAt], [DiscountPrice], [Sku], [ManufacturedDate], [ExpiryDate], [Origin], [StorageInstructions], [Certifications], [Status]) VALUES (32, N'Phô Mai Con Bò Cười', 4, 2, CAST(42000.00 AS Decimal(18, 2)), 50, N'Hộp 8 Miếng', N'Phô mai mềm, thơm ngon', CAST(N'2026-04-07T10:38:11.640' AS DateTime), NULL, N'FF-PRD-032', CAST(N'2026-03-13T09:28:42.8300000' AS DateTime2), CAST(N'2026-10-13T09:28:42.8300000' AS DateTime2), N'Việt Nam', N'Nơi khô mát', N'ISO 22000', N'Active')
INSERT [dbo].[Products] ([ProductID], [ProductName], [CategoryID], [SupplierID], [Price], [StockQuantity], [Unit], [Description], [CreatedAt], [DiscountPrice], [Sku], [ManufacturedDate], [ExpiryDate], [Origin], [StorageInstructions], [Certifications], [Status]) VALUES (33, N'Nước Mắm Phan Thiết', 5, 3, CAST(95000.00 AS Decimal(18, 2)), 97, N'Chai', N'Nước mắm cá cơm 40 độ đạm', CAST(N'2026-04-07T10:38:11.640' AS DateTime), NULL, N'FF-PRD-033', CAST(N'2026-02-13T09:28:42.8300000' AS DateTime2), CAST(N'2028-04-13T09:28:42.8300000' AS DateTime2), N'Phan Thiết', N'Nơi khô ráo, thoáng mát', N'VSATTP', N'Active')
INSERT [dbo].[Products] ([ProductID], [ProductName], [CategoryID], [SupplierID], [Price], [StockQuantity], [Unit], [Description], [CreatedAt], [DiscountPrice], [Sku], [ManufacturedDate], [ExpiryDate], [Origin], [StorageInstructions], [Certifications], [Status]) VALUES (34, N'Dầu Ăn Neptune', 5, 2, CAST(45000.00 AS Decimal(18, 2)), 79, N'Chai 1L', N'Dầu ăn cao cấp 3 thành phần', CAST(N'2026-04-07T10:38:11.640' AS DateTime), NULL, N'FF-PRD-034', CAST(N'2026-02-13T09:28:42.8300000' AS DateTime2), CAST(N'2027-04-13T09:28:42.8300000' AS DateTime2), N'Việt Nam', N'Nơi khô ráo, thoáng mát', N'VSATTP', N'Active')
INSERT [dbo].[Products] ([ProductID], [ProductName], [CategoryID], [SupplierID], [Price], [StockQuantity], [Unit], [Description], [CreatedAt], [DiscountPrice], [Sku], [ManufacturedDate], [ExpiryDate], [Origin], [StorageInstructions], [Certifications], [Status]) VALUES (35, N'Hạt Nêm Knorr', 5, 2, CAST(55000.00 AS Decimal(18, 2)), 58, N'Gói 400g', N'Chiết xuất từ thịt thăn và xương ống', CAST(N'2026-04-07T10:38:11.640' AS DateTime), NULL, N'FF-PRD-035', CAST(N'2026-02-13T09:28:42.8300000' AS DateTime2), CAST(N'2027-04-13T09:28:42.8300000' AS DateTime2), N'Việt Nam', N'Nơi khô ráo, thoáng mát', N'VSATTP', N'Active')
INSERT [dbo].[Products] ([ProductID], [ProductName], [CategoryID], [SupplierID], [Price], [StockQuantity], [Unit], [Description], [CreatedAt], [DiscountPrice], [Sku], [ManufacturedDate], [ExpiryDate], [Origin], [StorageInstructions], [Certifications], [Status]) VALUES (36, N'Bột Ngọt Ajinomoto', 5, 2, CAST(35000.00 AS Decimal(18, 2)), 100, N'Gói 454g', N'Gia vị umami chất lượng Nhật Bản', CAST(N'2026-04-07T10:38:11.640' AS DateTime), NULL, N'FF-PRD-036', CAST(N'2026-02-13T09:28:42.8300000' AS DateTime2), CAST(N'2027-04-13T09:28:42.8300000' AS DateTime2), N'Việt Nam', N'Nơi khô ráo, thoáng mát', N'VSATTP', N'Active')
INSERT [dbo].[Products] ([ProductID], [ProductName], [CategoryID], [SupplierID], [Price], [StockQuantity], [Unit], [Description], [CreatedAt], [DiscountPrice], [Sku], [ManufacturedDate], [ExpiryDate], [Origin], [StorageInstructions], [Certifications], [Status]) VALUES (37, N'Gạo ST25 Sóc Trăng', 6, 5, CAST(180000.00 AS Decimal(18, 2)), 49, N'Túi 5kg', N'Gạo ngon nhất thế giới', CAST(N'2026-04-07T10:38:11.640' AS DateTime), NULL, N'FF-PRD-037', CAST(N'2026-02-13T09:28:42.8300000' AS DateTime2), CAST(N'2027-04-13T09:28:42.8300000' AS DateTime2), N'Việt Nam', N'Tránh ẩm, kín gió', N'VietGAP', N'Active')
INSERT [dbo].[Products] ([ProductID], [ProductName], [CategoryID], [SupplierID], [Price], [StockQuantity], [Unit], [Description], [CreatedAt], [DiscountPrice], [Sku], [ManufacturedDate], [ExpiryDate], [Origin], [StorageInstructions], [Certifications], [Status]) VALUES (38, N'Đậu Xanh Tách Vỏ', 6, 1, CAST(45000.00 AS Decimal(18, 2)), 25, N'Kg', N'Đậu xanh sạch, hạt đều', CAST(N'2026-04-07T10:38:11.640' AS DateTime), NULL, N'FF-PRD-038', CAST(N'2026-02-13T09:28:42.8300000' AS DateTime2), CAST(N'2027-04-13T09:28:42.8300000' AS DateTime2), N'Việt Nam', N'Tránh ẩm, kín gió', N'VietGAP', N'Active')
INSERT [dbo].[Products] ([ProductID], [ProductName], [CategoryID], [SupplierID], [Price], [StockQuantity], [Unit], [Description], [CreatedAt], [DiscountPrice], [Sku], [ManufacturedDate], [ExpiryDate], [Origin], [StorageInstructions], [Certifications], [Status]) VALUES (39, N'Nước Ép Cam', 7, 1, CAST(25000.00 AS Decimal(18, 2)), 57, N'Chai', N'Cam vắt nguyên chất trong ngày', CAST(N'2026-04-07T10:38:11.640' AS DateTime), NULL, N'FF-PRD-039', CAST(N'2026-04-13T09:28:42.8300000' AS DateTime2), CAST(N'2026-04-16T09:28:42.8300000' AS DateTime2), N'Việt Nam', N'Bảo quản lạnh', N'Fresh', N'Active')
INSERT [dbo].[Products] ([ProductID], [ProductName], [CategoryID], [SupplierID], [Price], [StockQuantity], [Unit], [Description], [CreatedAt], [DiscountPrice], [Sku], [ManufacturedDate], [ExpiryDate], [Origin], [StorageInstructions], [Certifications], [Status]) VALUES (40, N'Trà Xanh Thái Nguyên', 7, 1, CAST(150000.00 AS Decimal(18, 2)), 13, N'Gói 200g', N'Trà xanh tân cương, thơm hương cốm', CAST(N'2026-04-07T10:38:11.640' AS DateTime), NULL, N'FF-PRD-040', CAST(N'2026-03-13T09:28:42.8300000' AS DateTime2), CAST(N'2026-10-13T09:28:42.8300000' AS DateTime2), N'Thái Nguyên', N'Nơi khô ráo', N'OCOP', N'Active')
INSERT [dbo].[Products] ([ProductID], [ProductName], [CategoryID], [SupplierID], [Price], [StockQuantity], [Unit], [Description], [CreatedAt], [DiscountPrice], [Sku], [ManufacturedDate], [ExpiryDate], [Origin], [StorageInstructions], [Certifications], [Status]) VALUES (41, N'Combo Nấu Canh Gia Đình', 9, 2, CAST(70000.00 AS Decimal(18, 2)), 7, N'Combo (2kg)', N'Combo rau củ tươi sạch gồm cà rốt, khoai tây, củ cải trắng, hành tây, cà chua và hành lá, rau mùi – tất cả được chọn lọc kỹ lưỡng để đảm bảo độ tươi ngon và dinh dưỡng. Sản phẩm phù hợp để chế biến các món canh, hầm xương hoặc nấu súp cho gia đình từ 3–5 người. Rau củ có vị ngọt tự nhiên, giúp món ăn đậm đà hơn mà không cần nhiều gia vị.', CAST(N'2026-04-08T06:59:55.353' AS DateTime), CAST(60000.00 AS Decimal(18, 2)), N'FF-COMBONAU-041', CAST(N'2026-04-13T09:28:42.8333333' AS DateTime2), CAST(N'2026-04-16T09:28:42.8333333' AS DateTime2), N'FreshFood Việt Nam', N'Bảo quản lạnh, dùng sớm', N'Đảm bảo VSATTP', N'Active')
INSERT [dbo].[Products] ([ProductID], [ProductName], [CategoryID], [SupplierID], [Price], [StockQuantity], [Unit], [Description], [CreatedAt], [DiscountPrice], [Sku], [ManufacturedDate], [ExpiryDate], [Origin], [StorageInstructions], [Certifications], [Status]) VALUES (42, N'Combo Salad Eat Clean', 9, 2, CAST(66000.00 AS Decimal(18, 2)), 33, N'combo (1.2kg)', N'Combo bao gồm xà lách tươi, cà chua bi, dưa leo, ớt chuông, bắp ngọt và cà rốt – đều là những nguyên liệu giàu vitamin, chất xơ và ít calo. Rau được chọn loại tươi, sạch, phù hợp ăn sống hoặc làm salad. Đây là lựa chọn lý tưởng cho người ăn kiêng, tập gym hoặc theo chế độ eat clean, giúp hỗ trợ giảm cân và làm đẹp da.', CAST(N'2026-04-08T07:48:10.940' AS DateTime), CAST(55000.00 AS Decimal(18, 2)), N'FF-COMBOSAL-042', CAST(N'2026-04-13T09:28:42.8333333' AS DateTime2), CAST(N'2026-04-16T09:28:42.8333333' AS DateTime2), N'FreshFood Việt Nam', N'Bảo quản lạnh, dùng sớm', N'Đảm bảo VSATTP', N'Active')
INSERT [dbo].[Products] ([ProductID], [ProductName], [CategoryID], [SupplierID], [Price], [StockQuantity], [Unit], [Description], [CreatedAt], [DiscountPrice], [Sku], [ManufacturedDate], [ExpiryDate], [Origin], [StorageInstructions], [Certifications], [Status]) VALUES (43, N'Combo Nước Ép Detox', 9, 2, CAST(120000.00 AS Decimal(18, 2)), 95, N'combo (2.5kg)', N'Combo trái cây và rau củ gồm táo, cam, cà rốt, dưa leo, cần tây và gừng – kết hợp hoàn hảo để ép nước hoặc làm sinh tố detox. Các nguyên liệu giàu vitamin C, chất chống oxy hóa và khoáng chất giúp thanh lọc cơ thể, tăng cường sức đề kháng và hỗ trợ tiêu hóa. Phù hợp sử dụng hằng ngày để duy trì lối sống lành mạnh.', CAST(N'2026-04-08T07:50:33.107' AS DateTime), CAST(100000.00 AS Decimal(18, 2)), N'FF-COMBONUO-043', CAST(N'2026-04-13T09:28:42.8333333' AS DateTime2), CAST(N'2026-04-16T09:28:42.8333333' AS DateTime2), N'FreshFood Việt Nam', N'Bảo quản lạnh, dùng sớm', N'Đảm bảo VSATTP', N'Active')
INSERT [dbo].[Products] ([ProductID], [ProductName], [CategoryID], [SupplierID], [Price], [StockQuantity], [Unit], [Description], [CreatedAt], [DiscountPrice], [Sku], [ManufacturedDate], [ExpiryDate], [Origin], [StorageInstructions], [Certifications], [Status]) VALUES (44, N'Combo "Đại Dương Thịnh Vượng"', 10, 3, CAST(3000000.00 AS Decimal(18, 2)), 22, N'combo (2.5kg - 3.0kg)', N'Sự kết hợp đẳng cấp giữa các loại hải sản nhập khẩu và đặc sản cao cấp, phù hợp cho các buổi tiệc gia đình quan trọng hoặc tiếp đãi đối tác. Hải sản được chế biến sốt bơ tỏi hoặc hấp rượu vang trắng. Thành phần: * 1 con Tôm hùm Alaska.

2 con Cua Cà Mau (loại 1).

Vẹm xanh New Zealand và Sò điệp Nhật.', CAST(N'2026-04-10T04:32:06.643' AS DateTime), CAST(2850000.00 AS Decimal(18, 2)), N'FF-COMBODAI-044', CAST(N'2026-04-13T09:28:42.8333333' AS DateTime2), CAST(N'2026-04-18T09:28:42.8333333' AS DateTime2), N'Việt Nam', N'Đông lạnh', N'HACCP', N'Active')
INSERT [dbo].[Products] ([ProductID], [ProductName], [CategoryID], [SupplierID], [Price], [StockQuantity], [Unit], [Description], [CreatedAt], [DiscountPrice], [Sku], [ManufacturedDate], [ExpiryDate], [Origin], [StorageInstructions], [Certifications], [Status]) VALUES (45, N'Combo "Gió Biển Miền Trung"', 10, 3, CAST(1400000.00 AS Decimal(18, 2)), 26, N'combo 2.2kg', N'Tập trung vào các loại hải sản đặc trưng của vùng biển Việt Nam với hương vị đậm đà. Phù hợp cho nhóm bạn nhậu hoặc họp mặt cuối tuần. Đi kèm là các loại nước chấm muối ớt xanh đặc sản.

Thành phần: * 500g Tôm sú loại lớn.

1kg Ốc hương (size trung).

500g Mực lá tươi (nướng hoặc hấp).

1 đĩa Hàu nướng mỡ hành (6 con).', CAST(N'2026-04-10T04:33:50.677' AS DateTime), CAST(1200000.00 AS Decimal(18, 2)), N'FF-COMBOGIO-045', CAST(N'2026-04-12T00:00:00.0000000' AS DateTime2), CAST(N'2026-04-17T00:00:00.0000000' AS DateTime2), N'Nguồn hải sản được khai thác từ các vùng biển sạch tại Việt Nam (miền Trung), nơi có môi trường nước trong lành và giàu dinh dưỡng, giúp hải sản có thịt chắc, vị ngọt tự nhiên.', N'Bảo quản sản phẩm ở nhiệt độ -18°C hoặc trong ngăn đông tủ lạnh để duy trì độ tươi ngon và kết cấu thịt hải sản.
Khi cần sử dụng, nên rã đông tự nhiên trong ngăn mát (0–4°C) từ 4–6 giờ hoặc qua đêm để giữ trọn hương vị.
Có thể rã đông nhanh bằng cách ngâm túi kín trong nước lạnh, tránh dùng nước nóng hoặc để ngoài nhiệt độ phòng quá lâu.
Không tái cấp đông sau khi đã rã đông để tránh mất chất dinh dưỡng và làm giảm chất lượng sản phẩm.
Sau khi mở bao bì, nên sử dụng trong vòng 24 giờ để đảm bảo độ tươi và an toàn thực phẩm.
Tránh để sản phẩm tiếp xúc trực tiếp với không khí trong thời gian dài, nên bọc kín hoặc dùng hộp đựng thực phẩm chuyên dụng.', N'HACCP', N'Active')
SET IDENTITY_INSERT [dbo].[Products] OFF
GO
SET IDENTITY_INSERT [dbo].[ReturnRequestImages] ON 

INSERT [dbo].[ReturnRequestImages] ([ReturnRequestImageID], [ReturnRequestID], [ImageUrl]) VALUES (1, 1, N'/return-images/13/1/937cc8ea5023417281d5859ca3a56425.jpg')
INSERT [dbo].[ReturnRequestImages] ([ReturnRequestImageID], [ReturnRequestID], [ImageUrl]) VALUES (2, 1, N'/return-images/13/1/e3e4036be0814c08bd79615d64bf3d2a.jfif')
INSERT [dbo].[ReturnRequestImages] ([ReturnRequestImageID], [ReturnRequestID], [ImageUrl]) VALUES (3, 1, N'/return-images/13/1/7ecea85cd154453cb514f8e95727c216.jpg')
INSERT [dbo].[ReturnRequestImages] ([ReturnRequestImageID], [ReturnRequestID], [ImageUrl]) VALUES (4, 2, N'/return-images/12/2/5422d2e258fc46e8bddf7c06f6545f2a.jfif')
INSERT [dbo].[ReturnRequestImages] ([ReturnRequestImageID], [ReturnRequestID], [ImageUrl]) VALUES (11, 4, N'/return-images/16/4/84b9af488ff5420894a13b31a26ca971.webp')
INSERT [dbo].[ReturnRequestImages] ([ReturnRequestImageID], [ReturnRequestID], [ImageUrl]) VALUES (12, 4, N'/return-images/16/4/a66ce144f6cf4481931f8096d72e132e.jpg')
INSERT [dbo].[ReturnRequestImages] ([ReturnRequestImageID], [ReturnRequestID], [ImageUrl]) VALUES (13, 4, N'/return-images/16/4/610ceebb0a9f493b9d5ef39d9da1d51d.jfif')
INSERT [dbo].[ReturnRequestImages] ([ReturnRequestImageID], [ReturnRequestID], [ImageUrl]) VALUES (14, 4, N'/return-images/16/4/be40c039f79440b6a920b02a6a5bbfed.jpg')
INSERT [dbo].[ReturnRequestImages] ([ReturnRequestImageID], [ReturnRequestID], [ImageUrl]) VALUES (15, 4, N'/return-images/16/4/9b0483f0edec4faeab8eab463b7caba7.jpg')
INSERT [dbo].[ReturnRequestImages] ([ReturnRequestImageID], [ReturnRequestID], [ImageUrl]) VALUES (16, 4, N'/return-images/16/4/fa823796078047a896cbe84f9aa7bb26.jpg')
INSERT [dbo].[ReturnRequestImages] ([ReturnRequestImageID], [ReturnRequestID], [ImageUrl]) VALUES (17, 8, N'/return-images/77/8/ce5680c110364962a5eba21bc1de8249.jpg')
SET IDENTITY_INSERT [dbo].[ReturnRequestImages] OFF
GO
SET IDENTITY_INSERT [dbo].[ReturnRequests] ON 

INSERT [dbo].[ReturnRequests] ([ReturnRequestID], [OrderID], [UserID], [Status], [Reason], [AdminNote], [CreatedAt], [ReviewedAt], [VideoUrl], [RefundProofUrl], [RefundNote], [RequestType]) VALUES (1, 13, 6, N'Approved', N'🔁 Thông tin hoàn hàng
Loại yêu cầu: Hoàn hàng + hoàn tiền

Lý do hoàn hàng:
Thịt có dấu hiệu không tươi, màu sắc sẫm và có mùi lạ khi mở ra.

Mô tả chi tiết:
Sau khi nhận hàng và kiểm tra, tôi thấy thịt không đảm bảo chất lượng như mô tả. Sản phẩm có mùi bất thường, không thể sử dụng. Tôi mong muốn được hoàn hàng và hoàn tiền sớm.


💳 Thông tin hoàn tiền
Phương thức thanh toán ban đầu: Chuyển khoản / VNPAY
Phương thức hoàn tiền mong muốn: Chuyển khoản ngân hàng
Số tài khoản: 123456789
Ngân hàng: Vietcombank', NULL, CAST(N'2026-04-08T10:37:01.6107571' AS DateTime2), CAST(N'2026-04-08T12:36:45.8813041' AS DateTime2), N'/return-videos/13/1/video-a7540284a2b746a7884cd9d8d7e43ead.mp4', N'/return-refund-proofs/13/1/20260408123855958.png', NULL, N'Return')
INSERT [dbo].[ReturnRequests] ([ReturnRequestID], [OrderID], [UserID], [Status], [Reason], [AdminNote], [CreatedAt], [ReviewedAt], [VideoUrl], [RefundProofUrl], [RefundNote], [RequestType]) VALUES (2, 12, 6, N'Approved', N'dsfdfsdfgffdghfjghjgh', NULL, CAST(N'2026-04-09T01:11:13.2591007' AS DateTime2), CAST(N'2026-04-09T01:11:25.9646357' AS DateTime2), N'/return-videos/12/2/video-f8def855e7b94a4988a1b652fc4b5284.mp4', N'/return-refund-proofs/12/2/20260409011447207.jfif', NULL, N'Return')
INSERT [dbo].[ReturnRequests] ([ReturnRequestID], [OrderID], [UserID], [Status], [Reason], [AdminNote], [CreatedAt], [ReviewedAt], [VideoUrl], [RefundProofUrl], [RefundNote], [RequestType]) VALUES (4, 16, 6, N'Approved', N'Tôi muốn gửi yêu cầu hoàn hàng cho đơn hàng gồm các sản phẩm:
Khoai tây Đà Lạt, Cà rốt hữu cơ, Xoài cát Hòa Lộc, Thanh long Bình Thuận, Hành tây trắng và Chuối Laba Đà Lạt.

Lý do hoàn hàng:
Một số sản phẩm có dấu hiệu không đảm bảo độ tươi, cụ thể rau củ bị héo và trái cây có dấu hiệu chín quá, không đúng như chất lượng mô tả.

Mô tả chi tiết:
Sau khi nhận hàng và kiểm tra, tôi nhận thấy chất lượng sản phẩm không đồng đều, một số mặt hàng không còn tươi mới và không thể sử dụng lâu dài. Điều này ảnh hưởng đến trải nghiệm mua sắm của tôi.

Tôi mong muốn được hoàn hàng và hoàn tiền cho đơn hàng này.

Thông tin hoàn tiền:

Phương thức thanh toán: Chuyển khoản / VNPAY
Phương thức hoàn tiền: Chuyển khoản ngân hàng
Số tài khoản: 123456789
Ngân hàng: Vietcombank

Rất mong được shop hỗ trợ xử lý sớm. Xin cảm ơn!', N'Xin chào anh/chị,

Chúng tôi đã nhận được yêu cầu hoàn hàng cho đơn hàng gồm 6 sản phẩm của anh/chị.
Sau khi kiểm tra, chúng tôi đã phê duyệt yêu cầu hoàn hàng.

Chúng tôi xin lỗi vì chất lượng sản phẩm chưa đáp ứng được kỳ vọng. Đội ngũ đã ghi nhận vấn đề để cải thiện trong thời gian tới.

Hiện tại, chúng tôi đang tiến hành xử lý hoàn tiền theo thông tin tài khoản mà anh/chị đã cung cấp.
⏳ Thời gian xử lý dự kiến: 1–3 ngày làm việc

Sau khi hoàn tất, chúng tôi sẽ cập nhật trạng thái đơn hàng kèm theo hình ảnh xác nhận chuyển khoản để anh/chị tiện theo dõi.

Xin cảm ơn anh/chị đã thông cảm!', CAST(N'2026-04-09T01:45:19.8237695' AS DateTime2), CAST(N'2026-04-09T01:45:44.5192072' AS DateTime2), N'/return-videos/16/4/video-77f0da6d15e448bd92822ae321d3c7aa.mp4', N'/return-refund-proofs/16/4/20260409014605710.jpg', N'Xin chào anh/chị,

Yêu cầu hoàn hàng cho đơn hàng của anh/chị đã được xử lý hoàn tất.

💸 Số tiền đã được chuyển khoản thành công đến tài khoản Vietcombank mà anh/chị cung cấp.
📷 Hình ảnh xác nhận giao dịch đã được cập nhật trong phần ghi chú đơn hàng.

Anh/chị vui lòng kiểm tra lại tài khoản. Nếu cần hỗ trợ thêm, hãy liên hệ với chúng tôi bất kỳ lúc nào.

Rất xin lỗi vì sự bất tiện và cảm ơn anh/chị đã tin tưởng sử dụng dịch vụ!', N'Return')
INSERT [dbo].[ReturnRequests] ([ReturnRequestID], [OrderID], [UserID], [Status], [Reason], [AdminNote], [CreatedAt], [ReviewedAt], [VideoUrl], [RefundProofUrl], [RefundNote], [RequestType]) VALUES (6, 39, 6, N'Approved', N'Hủy đơn — yêu cầu hoàn tiền.', N'duyệt', CAST(N'2026-04-13T09:08:33.0534911' AS DateTime2), CAST(N'2026-04-13T09:08:51.6565615' AS DateTime2), NULL, N'/return-refund-proofs/39/6/20260413090904539.webp', N'xác nhận', N'CancelRefund')
INSERT [dbo].[ReturnRequests] ([ReturnRequestID], [OrderID], [UserID], [Status], [Reason], [AdminNote], [CreatedAt], [ReviewedAt], [VideoUrl], [RefundProofUrl], [RefundNote], [RequestType]) VALUES (7, 61, 1, N'Pending', N'Hủy đơn — yêu cầu hoàn tiền.', NULL, CAST(N'2026-04-16T04:25:00.1384749' AS DateTime2), NULL, NULL, NULL, NULL, N'CancelRefund')
INSERT [dbo].[ReturnRequests] ([ReturnRequestID], [OrderID], [UserID], [Status], [Reason], [AdminNote], [CreatedAt], [ReviewedAt], [VideoUrl], [RefundProofUrl], [RefundNote], [RequestType]) VALUES (8, 77, 6, N'Rejected', N'lalakndhfjfjf', N'ghdfjkghlfdgjhlsdfbgjafdhg;dfghdf', CAST(N'2026-04-22T08:56:18.7620226' AS DateTime2), CAST(N'2026-04-22T08:56:45.9532100' AS DateTime2), N'/return-videos/77/8/video-1b8de756cef9497ebb9b18553e3dbb6d.mp4', NULL, NULL, N'Return')
SET IDENTITY_INSERT [dbo].[ReturnRequests] OFF
GO
SET IDENTITY_INSERT [dbo].[ReviewImages] ON 

INSERT [dbo].[ReviewImages] ([ReviewImageID], [ReviewID], [ImageUrl], [SortOrder]) VALUES (1, 5, N'/review-images/93cfd517e2334ac0b44b0b26d2f3af81.png', 0)
INSERT [dbo].[ReviewImages] ([ReviewImageID], [ReviewID], [ImageUrl], [SortOrder]) VALUES (2, 5, N'/review-images/67449a9fb654493781e28dec1427279c.png', 1)
INSERT [dbo].[ReviewImages] ([ReviewImageID], [ReviewID], [ImageUrl], [SortOrder]) VALUES (3, 5, N'/review-images/32df5864ea32427c85f742255474232f.png', 2)
SET IDENTITY_INSERT [dbo].[ReviewImages] OFF
GO
SET IDENTITY_INSERT [dbo].[Reviews] ON 

INSERT [dbo].[Reviews] ([ReviewID], [ProductID], [UserID], [Rating], [Comment], [ReviewDate], [ModerationStatus], [ModeratedAt], [ModerationNote], [AdminReply], [RepliedAt], [IsDeleted], [DeletedAt]) VALUES (1, 1, 2, 5, N'Chất lượng rau củ ở đây thực sự khác biệt. Tôi có thể cảm nhận được vị ngọt tự nhiên và độ tươi giòn trong từng bữa ăn.', CAST(N'2026-04-07T10:38:11.643' AS DateTime), N'Approved', NULL, NULL, NULL, NULL, 0, NULL)
INSERT [dbo].[Reviews] ([ReviewID], [ProductID], [UserID], [Rating], [Comment], [ReviewDate], [ModerationStatus], [ModeratedAt], [ModerationNote], [AdminReply], [RepliedAt], [IsDeleted], [DeletedAt]) VALUES (2, 4, 2, 4, N'Dịch vụ giao hàng rất nhanh và đóng gói thân thiện với môi trường. Rất đáng để ủng hộ lâu dài.', CAST(N'2026-04-07T10:38:11.643' AS DateTime), N'Approved', NULL, NULL, NULL, NULL, 0, NULL)
INSERT [dbo].[Reviews] ([ReviewID], [ProductID], [UserID], [Rating], [Comment], [ReviewDate], [ModerationStatus], [ModeratedAt], [ModerationNote], [AdminReply], [RepliedAt], [IsDeleted], [DeletedAt]) VALUES (3, 9, 3, 5, N'Cá h?i ngon tuy?t, dóng gói c?n th?n', CAST(N'2026-04-07T10:38:11.643' AS DateTime), N'Approved', NULL, NULL, NULL, NULL, 0, NULL)
INSERT [dbo].[Reviews] ([ReviewID], [ProductID], [UserID], [Rating], [Comment], [ReviewDate], [ModerationStatus], [ModeratedAt], [ModerationNote], [AdminReply], [RepliedAt], [IsDeleted], [DeletedAt]) VALUES (4, 12, 4, 5, N'G?o thom, com ng?t', CAST(N'2026-04-07T10:38:11.643' AS DateTime), N'Approved', NULL, NULL, NULL, NULL, 0, NULL)
INSERT [dbo].[Reviews] ([ReviewID], [ProductID], [UserID], [Rating], [Comment], [ReviewDate], [ModerationStatus], [ModeratedAt], [ModerationNote], [AdminReply], [RepliedAt], [IsDeleted], [DeletedAt]) VALUES (5, 1, 6, 5, N'Chất lượng rau củ ở đây thực sự khác biệt. Tôi có thể cảm nhận được vị ngọt tự nhiên và độ tươi giòn trong từng bữa ăn.', CAST(N'2026-04-07T15:37:04.580' AS DateTime), N'Approved', NULL, NULL, NULL, NULL, 0, NULL)
INSERT [dbo].[Reviews] ([ReviewID], [ProductID], [UserID], [Rating], [Comment], [ReviewDate], [ModerationStatus], [ModeratedAt], [ModerationNote], [AdminReply], [RepliedAt], [IsDeleted], [DeletedAt]) VALUES (6, 1, 1, 5, N'Chất lượng rau củ ở đây thực sự khác biệt. Tôi có thể cảm nhận được vị ngọt tự nhiên và độ tươi giòn trong từng bữa ăn', CAST(N'2026-04-07T15:50:33.333' AS DateTime), N'Approved', NULL, NULL, NULL, NULL, 0, NULL)
INSERT [dbo].[Reviews] ([ReviewID], [ProductID], [UserID], [Rating], [Comment], [ReviewDate], [ModerationStatus], [ModeratedAt], [ModerationNote], [AdminReply], [RepliedAt], [IsDeleted], [DeletedAt]) VALUES (7, 1, 3, 5, N'Chất lượng rau củ ở đây thực sự khác biệt. Tôi có thể cảm nhận được vị ngọt tự nhiên và độ tươi giòn trong từng bữa ăn.', CAST(N'2026-04-07T15:51:05.057' AS DateTime), N'Approved', NULL, NULL, NULL, NULL, 0, NULL)
INSERT [dbo].[Reviews] ([ReviewID], [ProductID], [UserID], [Rating], [Comment], [ReviewDate], [ModerationStatus], [ModeratedAt], [ModerationNote], [AdminReply], [RepliedAt], [IsDeleted], [DeletedAt]) VALUES (8, 1, 4, 5, N'Chất lượng rau củ ở đây thực sự khác biệt. Tôi có thể cảm nhận được vị ngọt tự nhiên và độ tươi giòn trong từng bữa ăn.', CAST(N'2026-04-07T15:51:32.403' AS DateTime), N'Approved', NULL, NULL, NULL, NULL, 0, NULL)
INSERT [dbo].[Reviews] ([ReviewID], [ProductID], [UserID], [Rating], [Comment], [ReviewDate], [ModerationStatus], [ModeratedAt], [ModerationNote], [AdminReply], [RepliedAt], [IsDeleted], [DeletedAt]) VALUES (9, 35, 6, 5, N'Hạt nêm Knorr này thì quá quen thuộc rồi, nêm canh hay ướp thịt đều đậm đà, dậy mùi xương ống rất tự nhiên. Gói 400g giá 55k dùng được khá lâu, hạt tơi không bị vón cục. Nội trợ mà thiếu em này là thiếu đi "linh hồn" món ăn!', CAST(N'2026-04-13T14:02:54.840' AS DateTime), N'Approved', CAST(N'2026-04-13T07:03:55.5622254' AS DateTime2), NULL, N'Dạ chào bạn, cảm ơn bạn đã tin tưởng lựa chọn hạt nêm Knorr tại shop! Những lời khen của bạn là động lực rất lớn để shop tiếp tục mang đến sản phẩm chất lượng và dịch vụ tốt nhất. Chúc bạn có thêm nhiều bữa ăn ngon miệng cùng gia đình nhé!', CAST(N'2026-04-13T07:03:46.5395449' AS DateTime2), 0, NULL)
INSERT [dbo].[Reviews] ([ReviewID], [ProductID], [UserID], [Rating], [Comment], [ReviewDate], [ModerationStatus], [ModeratedAt], [ModerationNote], [AdminReply], [RepliedAt], [IsDeleted], [DeletedAt]) VALUES (10, 35, 7, 5, N'Cảm giác hạt nêm dạo này hơi mặn hơn trước, nêm quá tay một chút là lấn át hết vị ngọt của rau củ. Thành phần vẫn còn nhiều bột ngọt nên ai nhạy cảm sẽ thấy hơi khô cổ sau khi ăn. Giá 55k cho gói 400g cũng không rẻ so với các dòng hạt nêm khác.', CAST(N'2026-04-13T14:31:42.557' AS DateTime), N'Hidden', CAST(N'2026-04-13T08:04:37.3047047' AS DateTime2), N'Chào bạn, shop rất tiếc vì trải nghiệm của bạn chưa được trọn vẹn. Shop xin ghi nhận góp ý về hương vị và giá thành để phản hồi lại với nhà cung cấp nhằm cải thiện sản phẩm tốt hơn. Hy vọng bạn vẫn sẽ cho shop cơ hội được phục vụ bạn tốt hơn trong những lần tới ạ!', NULL, NULL, 0, NULL)
INSERT [dbo].[Reviews] ([ReviewID], [ProductID], [UserID], [Rating], [Comment], [ReviewDate], [ModerationStatus], [ModeratedAt], [ModerationNote], [AdminReply], [RepliedAt], [IsDeleted], [DeletedAt]) VALUES (11, 1, 6, 5, N'fgfdg', CAST(N'2026-04-22T10:02:58.740' AS DateTime), N'Pending', NULL, NULL, NULL, NULL, 0, NULL)
INSERT [dbo].[Reviews] ([ReviewID], [ProductID], [UserID], [Rating], [Comment], [ReviewDate], [ModerationStatus], [ModeratedAt], [ModerationNote], [AdminReply], [RepliedAt], [IsDeleted], [DeletedAt]) VALUES (12, 28, 1, 5, N'sản phẩm chất lượng, đóng gói cẩn thận, giá cả hợp lý', CAST(N'2026-04-23T13:33:44.540' AS DateTime), N'Pending', NULL, NULL, NULL, NULL, 0, NULL)
SET IDENTITY_INSERT [dbo].[Reviews] OFF
GO
SET IDENTITY_INSERT [dbo].[Shipments] ON 

INSERT [dbo].[Shipments] ([ShipmentID], [OrderID], [TrackingNumber], [Carrier], [ShippedDate], [EstimatedDeliveryDate], [ActualDeliveryDate], [Status]) VALUES (1, 1, N'GHN123456', N'Giao Hàng Nhanh', CAST(N'2026-04-05T00:00:00.000' AS DateTime), NULL, NULL, N'Delivered')
INSERT [dbo].[Shipments] ([ShipmentID], [OrderID], [TrackingNumber], [Carrier], [ShippedDate], [EstimatedDeliveryDate], [ActualDeliveryDate], [Status]) VALUES (2, 2, N'J&T789012', N'J&T Express', CAST(N'2026-04-06T00:00:00.000' AS DateTime), NULL, NULL, N'InTransit')
INSERT [dbo].[Shipments] ([ShipmentID], [OrderID], [TrackingNumber], [Carrier], [ShippedDate], [EstimatedDeliveryDate], [ActualDeliveryDate], [Status]) VALUES (3, 15, NULL, NULL, NULL, CAST(N'2026-04-09T15:53:51.460' AS DateTime), CAST(N'2026-04-08T17:08:03.183' AS DateTime), N'Pending')
INSERT [dbo].[Shipments] ([ShipmentID], [OrderID], [TrackingNumber], [Carrier], [ShippedDate], [EstimatedDeliveryDate], [ActualDeliveryDate], [Status]) VALUES (4, 16, NULL, NULL, NULL, CAST(N'2026-04-09T08:21:00.900' AS DateTime), NULL, N'Pending')
INSERT [dbo].[Shipments] ([ShipmentID], [OrderID], [TrackingNumber], [Carrier], [ShippedDate], [EstimatedDeliveryDate], [ActualDeliveryDate], [Status]) VALUES (5, 17, NULL, NULL, NULL, CAST(N'2026-04-09T16:26:08.793' AS DateTime), NULL, N'Pending')
INSERT [dbo].[Shipments] ([ShipmentID], [OrderID], [TrackingNumber], [Carrier], [ShippedDate], [EstimatedDeliveryDate], [ActualDeliveryDate], [Status]) VALUES (6, 18, NULL, NULL, CAST(N'2026-04-10T13:49:59.170' AS DateTime), CAST(N'2026-04-10T13:33:25.537' AS DateTime), CAST(N'2026-04-10T13:49:59.170' AS DateTime), N'Delivered')
INSERT [dbo].[Shipments] ([ShipmentID], [OrderID], [TrackingNumber], [Carrier], [ShippedDate], [EstimatedDeliveryDate], [ActualDeliveryDate], [Status]) VALUES (7, 19, NULL, NULL, NULL, CAST(N'2026-04-10T16:51:23.100' AS DateTime), NULL, N'Pending')
INSERT [dbo].[Shipments] ([ShipmentID], [OrderID], [TrackingNumber], [Carrier], [ShippedDate], [EstimatedDeliveryDate], [ActualDeliveryDate], [Status]) VALUES (8, 20, NULL, NULL, NULL, CAST(N'2026-04-13T08:31:36.897' AS DateTime), NULL, N'Pending')
INSERT [dbo].[Shipments] ([ShipmentID], [OrderID], [TrackingNumber], [Carrier], [ShippedDate], [EstimatedDeliveryDate], [ActualDeliveryDate], [Status]) VALUES (9, 21, NULL, NULL, NULL, CAST(N'2026-04-14T08:45:49.723' AS DateTime), NULL, N'Pending')
INSERT [dbo].[Shipments] ([ShipmentID], [OrderID], [TrackingNumber], [Carrier], [ShippedDate], [EstimatedDeliveryDate], [ActualDeliveryDate], [Status]) VALUES (10, 22, N'TEST123456', N'GHN', CAST(N'2026-04-13T09:04:42.433' AS DateTime), CAST(N'2026-04-14T08:50:17.520' AS DateTime), CAST(N'2026-04-13T09:04:45.043' AS DateTime), N'Delivered')
INSERT [dbo].[Shipments] ([ShipmentID], [OrderID], [TrackingNumber], [Carrier], [ShippedDate], [EstimatedDeliveryDate], [ActualDeliveryDate], [Status]) VALUES (11, 23, NULL, NULL, CAST(N'2026-04-13T09:05:04.953' AS DateTime), CAST(N'2026-04-15T09:04:26.980' AS DateTime), CAST(N'2026-04-13T09:05:07.083' AS DateTime), N'Delivered')
INSERT [dbo].[Shipments] ([ShipmentID], [OrderID], [TrackingNumber], [Carrier], [ShippedDate], [EstimatedDeliveryDate], [ActualDeliveryDate], [Status]) VALUES (12, 24, NULL, NULL, CAST(N'2026-04-13T09:08:43.373' AS DateTime), CAST(N'2026-04-15T09:08:20.000' AS DateTime), CAST(N'2026-04-13T09:08:44.943' AS DateTime), N'Delivered')
INSERT [dbo].[Shipments] ([ShipmentID], [OrderID], [TrackingNumber], [Carrier], [ShippedDate], [EstimatedDeliveryDate], [ActualDeliveryDate], [Status]) VALUES (13, 25, NULL, NULL, CAST(N'2026-04-13T10:44:26.777' AS DateTime), CAST(N'2026-04-13T10:34:06.313' AS DateTime), CAST(N'2026-04-13T10:44:38.173' AS DateTime), N'Delivered')
INSERT [dbo].[Shipments] ([ShipmentID], [OrderID], [TrackingNumber], [Carrier], [ShippedDate], [EstimatedDeliveryDate], [ActualDeliveryDate], [Status]) VALUES (14, 26, NULL, NULL, NULL, CAST(N'2026-04-15T10:45:22.100' AS DateTime), NULL, N'Pending')
INSERT [dbo].[Shipments] ([ShipmentID], [OrderID], [TrackingNumber], [Carrier], [ShippedDate], [EstimatedDeliveryDate], [ActualDeliveryDate], [Status]) VALUES (15, 27, NULL, NULL, NULL, CAST(N'2026-04-13T10:51:15.297' AS DateTime), NULL, N'Pending')
INSERT [dbo].[Shipments] ([ShipmentID], [OrderID], [TrackingNumber], [Carrier], [ShippedDate], [EstimatedDeliveryDate], [ActualDeliveryDate], [Status]) VALUES (16, 28, NULL, NULL, CAST(N'2026-04-13T13:50:55.917' AS DateTime), CAST(N'2026-04-15T11:11:37.297' AS DateTime), CAST(N'2026-04-13T13:50:57.417' AS DateTime), N'Delivered')
INSERT [dbo].[Shipments] ([ShipmentID], [OrderID], [TrackingNumber], [Carrier], [ShippedDate], [EstimatedDeliveryDate], [ActualDeliveryDate], [Status]) VALUES (17, 34, NULL, NULL, CAST(N'2026-04-13T13:50:28.300' AS DateTime), CAST(N'2026-04-15T11:38:32.317' AS DateTime), CAST(N'2026-04-13T13:50:29.773' AS DateTime), N'Delivered')
INSERT [dbo].[Shipments] ([ShipmentID], [OrderID], [TrackingNumber], [Carrier], [ShippedDate], [EstimatedDeliveryDate], [ActualDeliveryDate], [Status]) VALUES (18, 35, NULL, NULL, CAST(N'2026-04-13T11:52:42.113' AS DateTime), CAST(N'2026-04-15T11:51:53.193' AS DateTime), CAST(N'2026-04-13T11:52:43.937' AS DateTime), N'Delivered')
INSERT [dbo].[Shipments] ([ShipmentID], [OrderID], [TrackingNumber], [Carrier], [ShippedDate], [EstimatedDeliveryDate], [ActualDeliveryDate], [Status]) VALUES (19, 36, NULL, NULL, CAST(N'2026-04-13T13:54:00.840' AS DateTime), CAST(N'2026-04-15T13:53:17.470' AS DateTime), CAST(N'2026-04-13T13:54:05.793' AS DateTime), N'Delivered')
INSERT [dbo].[Shipments] ([ShipmentID], [OrderID], [TrackingNumber], [Carrier], [ShippedDate], [EstimatedDeliveryDate], [ActualDeliveryDate], [Status]) VALUES (20, 37, NULL, NULL, CAST(N'2026-04-13T14:31:11.813' AS DateTime), CAST(N'2026-04-15T14:30:43.560' AS DateTime), CAST(N'2026-04-13T14:31:13.943' AS DateTime), N'Delivered')
INSERT [dbo].[Shipments] ([ShipmentID], [OrderID], [TrackingNumber], [Carrier], [ShippedDate], [EstimatedDeliveryDate], [ActualDeliveryDate], [Status]) VALUES (21, 38, NULL, NULL, NULL, CAST(N'2026-04-15T15:32:26.277' AS DateTime), NULL, N'Pending')
INSERT [dbo].[Shipments] ([ShipmentID], [OrderID], [TrackingNumber], [Carrier], [ShippedDate], [EstimatedDeliveryDate], [ActualDeliveryDate], [Status]) VALUES (22, 39, NULL, NULL, NULL, CAST(N'2026-04-15T15:51:39.203' AS DateTime), NULL, N'Pending')
INSERT [dbo].[Shipments] ([ShipmentID], [OrderID], [TrackingNumber], [Carrier], [ShippedDate], [EstimatedDeliveryDate], [ActualDeliveryDate], [Status]) VALUES (23, 40, NULL, NULL, CAST(N'2026-04-13T17:37:28.347' AS DateTime), CAST(N'2026-04-15T17:29:05.430' AS DateTime), CAST(N'2026-04-13T17:37:30.473' AS DateTime), N'Delivered')
INSERT [dbo].[Shipments] ([ShipmentID], [OrderID], [TrackingNumber], [Carrier], [ShippedDate], [EstimatedDeliveryDate], [ActualDeliveryDate], [Status]) VALUES (24, 41, NULL, NULL, CAST(N'2026-04-13T17:33:20.387' AS DateTime), CAST(N'2026-04-13T17:31:56.470' AS DateTime), CAST(N'2026-04-13T17:33:22.933' AS DateTime), N'Delivered')
INSERT [dbo].[Shipments] ([ShipmentID], [OrderID], [TrackingNumber], [Carrier], [ShippedDate], [EstimatedDeliveryDate], [ActualDeliveryDate], [Status]) VALUES (25, 42, N'GHTK012', N'GHTK', CAST(N'2026-04-13T17:43:04.830' AS DateTime), CAST(N'2026-04-15T17:42:08.043' AS DateTime), CAST(N'2026-04-13T17:43:07.100' AS DateTime), N'Delivered')
INSERT [dbo].[Shipments] ([ShipmentID], [OrderID], [TrackingNumber], [Carrier], [ShippedDate], [EstimatedDeliveryDate], [ActualDeliveryDate], [Status]) VALUES (26, 43, NULL, NULL, NULL, CAST(N'2026-04-17T14:32:03.947' AS DateTime), NULL, N'Pending')
INSERT [dbo].[Shipments] ([ShipmentID], [OrderID], [TrackingNumber], [Carrier], [ShippedDate], [EstimatedDeliveryDate], [ActualDeliveryDate], [Status]) VALUES (27, 44, NULL, NULL, CAST(N'2026-04-15T14:34:48.127' AS DateTime), CAST(N'2026-04-17T14:32:34.543' AS DateTime), CAST(N'2026-04-15T14:34:53.870' AS DateTime), N'Delivered')
INSERT [dbo].[Shipments] ([ShipmentID], [OrderID], [TrackingNumber], [Carrier], [ShippedDate], [EstimatedDeliveryDate], [ActualDeliveryDate], [Status]) VALUES (28, 45, NULL, NULL, NULL, CAST(N'2026-04-17T15:55:33.717' AS DateTime), NULL, N'Pending')
INSERT [dbo].[Shipments] ([ShipmentID], [OrderID], [TrackingNumber], [Carrier], [ShippedDate], [EstimatedDeliveryDate], [ActualDeliveryDate], [Status]) VALUES (29, 46, NULL, NULL, NULL, CAST(N'2026-04-16T08:32:49.570' AS DateTime), NULL, N'Pending')
INSERT [dbo].[Shipments] ([ShipmentID], [OrderID], [TrackingNumber], [Carrier], [ShippedDate], [EstimatedDeliveryDate], [ActualDeliveryDate], [Status]) VALUES (30, 47, NULL, NULL, NULL, CAST(N'2026-04-18T08:33:17.180' AS DateTime), NULL, N'Pending')
INSERT [dbo].[Shipments] ([ShipmentID], [OrderID], [TrackingNumber], [Carrier], [ShippedDate], [EstimatedDeliveryDate], [ActualDeliveryDate], [Status]) VALUES (31, 48, NULL, NULL, NULL, CAST(N'2026-04-18T08:36:44.513' AS DateTime), NULL, N'Pending')
INSERT [dbo].[Shipments] ([ShipmentID], [OrderID], [TrackingNumber], [Carrier], [ShippedDate], [EstimatedDeliveryDate], [ActualDeliveryDate], [Status]) VALUES (32, 49, NULL, NULL, NULL, CAST(N'2026-04-18T08:40:25.657' AS DateTime), NULL, N'Pending')
INSERT [dbo].[Shipments] ([ShipmentID], [OrderID], [TrackingNumber], [Carrier], [ShippedDate], [EstimatedDeliveryDate], [ActualDeliveryDate], [Status]) VALUES (33, 50, NULL, NULL, NULL, CAST(N'2026-04-18T08:47:39.510' AS DateTime), NULL, N'Pending')
INSERT [dbo].[Shipments] ([ShipmentID], [OrderID], [TrackingNumber], [Carrier], [ShippedDate], [EstimatedDeliveryDate], [ActualDeliveryDate], [Status]) VALUES (34, 51, NULL, NULL, NULL, CAST(N'2026-04-18T08:52:39.140' AS DateTime), NULL, N'Pending')
INSERT [dbo].[Shipments] ([ShipmentID], [OrderID], [TrackingNumber], [Carrier], [ShippedDate], [EstimatedDeliveryDate], [ActualDeliveryDate], [Status]) VALUES (35, 52, NULL, NULL, NULL, CAST(N'2026-04-18T09:00:11.153' AS DateTime), NULL, N'Pending')
INSERT [dbo].[Shipments] ([ShipmentID], [OrderID], [TrackingNumber], [Carrier], [ShippedDate], [EstimatedDeliveryDate], [ActualDeliveryDate], [Status]) VALUES (36, 53, NULL, NULL, NULL, CAST(N'2026-04-18T09:13:36.447' AS DateTime), NULL, N'Pending')
INSERT [dbo].[Shipments] ([ShipmentID], [OrderID], [TrackingNumber], [Carrier], [ShippedDate], [EstimatedDeliveryDate], [ActualDeliveryDate], [Status]) VALUES (37, 54, NULL, NULL, NULL, CAST(N'2026-04-18T09:15:21.383' AS DateTime), NULL, N'Pending')
INSERT [dbo].[Shipments] ([ShipmentID], [OrderID], [TrackingNumber], [Carrier], [ShippedDate], [EstimatedDeliveryDate], [ActualDeliveryDate], [Status]) VALUES (38, 55, NULL, NULL, NULL, CAST(N'2026-04-18T09:16:30.037' AS DateTime), NULL, N'Pending')
INSERT [dbo].[Shipments] ([ShipmentID], [OrderID], [TrackingNumber], [Carrier], [ShippedDate], [EstimatedDeliveryDate], [ActualDeliveryDate], [Status]) VALUES (39, 56, NULL, NULL, NULL, CAST(N'2026-04-18T09:20:50.533' AS DateTime), NULL, N'Pending')
INSERT [dbo].[Shipments] ([ShipmentID], [OrderID], [TrackingNumber], [Carrier], [ShippedDate], [EstimatedDeliveryDate], [ActualDeliveryDate], [Status]) VALUES (40, 57, NULL, NULL, NULL, CAST(N'2026-04-16T11:13:11.143' AS DateTime), NULL, N'Pending')
INSERT [dbo].[Shipments] ([ShipmentID], [OrderID], [TrackingNumber], [Carrier], [ShippedDate], [EstimatedDeliveryDate], [ActualDeliveryDate], [Status]) VALUES (41, 58, NULL, NULL, NULL, CAST(N'2026-04-18T11:13:41.477' AS DateTime), NULL, N'Pending')
INSERT [dbo].[Shipments] ([ShipmentID], [OrderID], [TrackingNumber], [Carrier], [ShippedDate], [EstimatedDeliveryDate], [ActualDeliveryDate], [Status]) VALUES (42, 60, NULL, NULL, CAST(N'2026-04-16T11:22:11.457' AS DateTime), CAST(N'2026-04-18T11:21:05.993' AS DateTime), CAST(N'2026-04-16T11:22:13.277' AS DateTime), N'Delivered')
INSERT [dbo].[Shipments] ([ShipmentID], [OrderID], [TrackingNumber], [Carrier], [ShippedDate], [EstimatedDeliveryDate], [ActualDeliveryDate], [Status]) VALUES (43, 61, NULL, NULL, NULL, CAST(N'2026-04-18T11:23:32.927' AS DateTime), NULL, N'Pending')
INSERT [dbo].[Shipments] ([ShipmentID], [OrderID], [TrackingNumber], [Carrier], [ShippedDate], [EstimatedDeliveryDate], [ActualDeliveryDate], [Status]) VALUES (44, 62, NULL, NULL, NULL, CAST(N'2026-04-18T15:03:13.700' AS DateTime), NULL, N'Pending')
INSERT [dbo].[Shipments] ([ShipmentID], [OrderID], [TrackingNumber], [Carrier], [ShippedDate], [EstimatedDeliveryDate], [ActualDeliveryDate], [Status]) VALUES (45, 63, NULL, NULL, NULL, CAST(N'2026-04-18T15:10:27.843' AS DateTime), NULL, N'Pending')
INSERT [dbo].[Shipments] ([ShipmentID], [OrderID], [TrackingNumber], [Carrier], [ShippedDate], [EstimatedDeliveryDate], [ActualDeliveryDate], [Status]) VALUES (46, 64, NULL, NULL, CAST(N'2026-04-16T16:15:23.950' AS DateTime), CAST(N'2026-04-18T16:12:18.820' AS DateTime), CAST(N'2026-04-16T16:15:43.597' AS DateTime), N'Delivered')
INSERT [dbo].[Shipments] ([ShipmentID], [OrderID], [TrackingNumber], [Carrier], [ShippedDate], [EstimatedDeliveryDate], [ActualDeliveryDate], [Status]) VALUES (47, 65, NULL, NULL, NULL, CAST(N'2026-04-23T11:21:13.113' AS DateTime), NULL, N'Pending')
INSERT [dbo].[Shipments] ([ShipmentID], [OrderID], [TrackingNumber], [Carrier], [ShippedDate], [EstimatedDeliveryDate], [ActualDeliveryDate], [Status]) VALUES (48, 66, NULL, NULL, NULL, CAST(N'2026-04-24T11:21:42.083' AS DateTime), NULL, N'Pending')
INSERT [dbo].[Shipments] ([ShipmentID], [OrderID], [TrackingNumber], [Carrier], [ShippedDate], [EstimatedDeliveryDate], [ActualDeliveryDate], [Status]) VALUES (49, 67, NULL, NULL, NULL, CAST(N'2026-04-24T11:22:18.020' AS DateTime), NULL, N'Pending')
INSERT [dbo].[Shipments] ([ShipmentID], [OrderID], [TrackingNumber], [Carrier], [ShippedDate], [EstimatedDeliveryDate], [ActualDeliveryDate], [Status]) VALUES (50, 68, NULL, NULL, NULL, CAST(N'2026-04-24T11:26:22.820' AS DateTime), NULL, N'Pending')
INSERT [dbo].[Shipments] ([ShipmentID], [OrderID], [TrackingNumber], [Carrier], [ShippedDate], [EstimatedDeliveryDate], [ActualDeliveryDate], [Status]) VALUES (51, 69, NULL, NULL, NULL, CAST(N'2026-04-24T11:32:23.670' AS DateTime), NULL, N'Pending')
INSERT [dbo].[Shipments] ([ShipmentID], [OrderID], [TrackingNumber], [Carrier], [ShippedDate], [EstimatedDeliveryDate], [ActualDeliveryDate], [Status]) VALUES (52, 71, NULL, NULL, NULL, CAST(N'2026-04-24T11:38:33.103' AS DateTime), NULL, N'Pending')
INSERT [dbo].[Shipments] ([ShipmentID], [OrderID], [TrackingNumber], [Carrier], [ShippedDate], [EstimatedDeliveryDate], [ActualDeliveryDate], [Status]) VALUES (53, 72, NULL, NULL, NULL, CAST(N'2026-04-24T11:50:46.963' AS DateTime), NULL, N'Pending')
INSERT [dbo].[Shipments] ([ShipmentID], [OrderID], [TrackingNumber], [Carrier], [ShippedDate], [EstimatedDeliveryDate], [ActualDeliveryDate], [Status]) VALUES (54, 73, NULL, NULL, NULL, CAST(N'2026-04-24T13:17:55.763' AS DateTime), NULL, N'Pending')
INSERT [dbo].[Shipments] ([ShipmentID], [OrderID], [TrackingNumber], [Carrier], [ShippedDate], [EstimatedDeliveryDate], [ActualDeliveryDate], [Status]) VALUES (55, 74, NULL, NULL, NULL, CAST(N'2026-04-24T13:27:53.253' AS DateTime), NULL, N'Pending')
INSERT [dbo].[Shipments] ([ShipmentID], [OrderID], [TrackingNumber], [Carrier], [ShippedDate], [EstimatedDeliveryDate], [ActualDeliveryDate], [Status]) VALUES (56, 75, NULL, NULL, NULL, CAST(N'2026-04-22T13:35:32.877' AS DateTime), NULL, N'Pending')
INSERT [dbo].[Shipments] ([ShipmentID], [OrderID], [TrackingNumber], [Carrier], [ShippedDate], [EstimatedDeliveryDate], [ActualDeliveryDate], [Status]) VALUES (57, 76, NULL, NULL, NULL, CAST(N'2026-04-24T13:39:40.947' AS DateTime), NULL, N'Pending')
INSERT [dbo].[Shipments] ([ShipmentID], [OrderID], [TrackingNumber], [Carrier], [ShippedDate], [EstimatedDeliveryDate], [ActualDeliveryDate], [Status]) VALUES (58, 77, NULL, NULL, CAST(N'2026-04-22T15:28:13.843' AS DateTime), CAST(N'2026-04-24T13:45:51.437' AS DateTime), CAST(N'2026-04-22T15:28:16.570' AS DateTime), N'Delivered')
INSERT [dbo].[Shipments] ([ShipmentID], [OrderID], [TrackingNumber], [Carrier], [ShippedDate], [EstimatedDeliveryDate], [ActualDeliveryDate], [Status]) VALUES (59, 78, NULL, NULL, NULL, CAST(N'2026-04-24T17:11:13.907' AS DateTime), NULL, N'Pending')
INSERT [dbo].[Shipments] ([ShipmentID], [OrderID], [TrackingNumber], [Carrier], [ShippedDate], [EstimatedDeliveryDate], [ActualDeliveryDate], [Status]) VALUES (60, 79, NULL, NULL, NULL, CAST(N'2026-04-24T17:13:37.613' AS DateTime), NULL, N'Pending')
INSERT [dbo].[Shipments] ([ShipmentID], [OrderID], [TrackingNumber], [Carrier], [ShippedDate], [EstimatedDeliveryDate], [ActualDeliveryDate], [Status]) VALUES (61, 80, NULL, NULL, NULL, CAST(N'2026-04-24T17:13:55.860' AS DateTime), NULL, N'Pending')
INSERT [dbo].[Shipments] ([ShipmentID], [OrderID], [TrackingNumber], [Carrier], [ShippedDate], [EstimatedDeliveryDate], [ActualDeliveryDate], [Status]) VALUES (62, 81, NULL, NULL, NULL, CAST(N'2026-04-24T17:14:05.700' AS DateTime), NULL, N'Pending')
INSERT [dbo].[Shipments] ([ShipmentID], [OrderID], [TrackingNumber], [Carrier], [ShippedDate], [EstimatedDeliveryDate], [ActualDeliveryDate], [Status]) VALUES (63, 82, NULL, NULL, NULL, CAST(N'2026-04-24T17:18:39.840' AS DateTime), NULL, N'Pending')
INSERT [dbo].[Shipments] ([ShipmentID], [OrderID], [TrackingNumber], [Carrier], [ShippedDate], [EstimatedDeliveryDate], [ActualDeliveryDate], [Status]) VALUES (64, 83, NULL, NULL, NULL, CAST(N'2026-04-24T17:24:56.390' AS DateTime), NULL, N'Pending')
INSERT [dbo].[Shipments] ([ShipmentID], [OrderID], [TrackingNumber], [Carrier], [ShippedDate], [EstimatedDeliveryDate], [ActualDeliveryDate], [Status]) VALUES (65, 84, NULL, NULL, NULL, CAST(N'2026-04-24T17:25:10.193' AS DateTime), NULL, N'Pending')
INSERT [dbo].[Shipments] ([ShipmentID], [OrderID], [TrackingNumber], [Carrier], [ShippedDate], [EstimatedDeliveryDate], [ActualDeliveryDate], [Status]) VALUES (66, 85, NULL, NULL, NULL, CAST(N'2026-04-24T17:26:17.717' AS DateTime), NULL, N'Pending')
INSERT [dbo].[Shipments] ([ShipmentID], [OrderID], [TrackingNumber], [Carrier], [ShippedDate], [EstimatedDeliveryDate], [ActualDeliveryDate], [Status]) VALUES (67, 86, NULL, NULL, NULL, CAST(N'2026-04-24T17:34:01.963' AS DateTime), NULL, N'Pending')
INSERT [dbo].[Shipments] ([ShipmentID], [OrderID], [TrackingNumber], [Carrier], [ShippedDate], [EstimatedDeliveryDate], [ActualDeliveryDate], [Status]) VALUES (68, 87, NULL, NULL, NULL, CAST(N'2026-04-24T17:38:35.780' AS DateTime), NULL, N'Pending')
INSERT [dbo].[Shipments] ([ShipmentID], [OrderID], [TrackingNumber], [Carrier], [ShippedDate], [EstimatedDeliveryDate], [ActualDeliveryDate], [Status]) VALUES (69, 88, NULL, NULL, NULL, CAST(N'2026-04-25T09:35:41.623' AS DateTime), NULL, N'Pending')
INSERT [dbo].[Shipments] ([ShipmentID], [OrderID], [TrackingNumber], [Carrier], [ShippedDate], [EstimatedDeliveryDate], [ActualDeliveryDate], [Status]) VALUES (70, 89, NULL, NULL, NULL, CAST(N'2026-04-25T10:10:46.833' AS DateTime), NULL, N'Pending')
INSERT [dbo].[Shipments] ([ShipmentID], [OrderID], [TrackingNumber], [Carrier], [ShippedDate], [EstimatedDeliveryDate], [ActualDeliveryDate], [Status]) VALUES (71, 90, NULL, NULL, NULL, CAST(N'2026-04-25T10:11:46.817' AS DateTime), NULL, N'Pending')
INSERT [dbo].[Shipments] ([ShipmentID], [OrderID], [TrackingNumber], [Carrier], [ShippedDate], [EstimatedDeliveryDate], [ActualDeliveryDate], [Status]) VALUES (72, 91, NULL, NULL, CAST(N'2026-04-23T13:33:35.007' AS DateTime), CAST(N'2026-04-25T13:16:52.387' AS DateTime), CAST(N'2026-04-23T13:33:37.213' AS DateTime), N'Delivered')
INSERT [dbo].[Shipments] ([ShipmentID], [OrderID], [TrackingNumber], [Carrier], [ShippedDate], [EstimatedDeliveryDate], [ActualDeliveryDate], [Status]) VALUES (73, 92, NULL, NULL, CAST(N'2026-04-23T13:36:35.120' AS DateTime), CAST(N'2026-04-25T13:36:08.510' AS DateTime), CAST(N'2026-04-23T13:36:37.177' AS DateTime), N'Delivered')
INSERT [dbo].[Shipments] ([ShipmentID], [OrderID], [TrackingNumber], [Carrier], [ShippedDate], [EstimatedDeliveryDate], [ActualDeliveryDate], [Status]) VALUES (74, 93, NULL, NULL, NULL, CAST(N'2026-04-25T13:49:13.030' AS DateTime), NULL, N'Pending')
INSERT [dbo].[Shipments] ([ShipmentID], [OrderID], [TrackingNumber], [Carrier], [ShippedDate], [EstimatedDeliveryDate], [ActualDeliveryDate], [Status]) VALUES (75, 94, NULL, NULL, NULL, CAST(N'2026-04-24T17:51:28.573' AS DateTime), NULL, N'Pending')
INSERT [dbo].[Shipments] ([ShipmentID], [OrderID], [TrackingNumber], [Carrier], [ShippedDate], [EstimatedDeliveryDate], [ActualDeliveryDate], [Status]) VALUES (76, 95, N'HT02757381HAKM', N'Hỏa tốc', CAST(N'2026-04-24T10:27:28.000' AS DateTime), CAST(N'2026-04-24T09:16:56.423' AS DateTime), CAST(N'2026-04-24T10:27:33.913' AS DateTime), N'Delivered')
SET IDENTITY_INSERT [dbo].[Shipments] OFF
GO
SET IDENTITY_INSERT [dbo].[ShippingMethods] ON 

INSERT [dbo].[ShippingMethods] ([MethodID], [MethodName], [BaseCost], [EstimatedDays]) VALUES (1, N'Giao hàng tiêu chuẩn', CAST(20000.00 AS Decimal(18, 2)), 2)
INSERT [dbo].[ShippingMethods] ([MethodID], [MethodName], [BaseCost], [EstimatedDays]) VALUES (2, N'Giao hàng nhanh', CAST(40000.00 AS Decimal(18, 2)), 1)
INSERT [dbo].[ShippingMethods] ([MethodID], [MethodName], [BaseCost], [EstimatedDays]) VALUES (3, N'Hỏa tốc 2h', CAST(60000.00 AS Decimal(18, 2)), 0)
SET IDENTITY_INSERT [dbo].[ShippingMethods] OFF
GO
SET IDENTITY_INSERT [dbo].[Suppliers] ON 

INSERT [dbo].[Suppliers] ([SupplierID], [SupplierName], [ContactName], [Phone], [Email], [Address], [SupplierCode], [ImageUrl], [Status], [IsVerified], [CreatedAt]) VALUES (1, N'Lâm Đồng Farm', N'Anh Lâm', N'0901234567', N'contact@lamdongfarm.com', N'Đà Lạt, Lâm Đồng', N'VH-2026-001', N'/supplier-assets/f70b477302a24fe095e73adf95e6a2c2.jpg', N'Active', 1, CAST(N'2026-04-08T04:43:18.727' AS DateTime))
INSERT [dbo].[Suppliers] ([SupplierID], [SupplierName], [ContactName], [Phone], [Email], [Address], [SupplierCode], [ImageUrl], [Status], [IsVerified], [CreatedAt]) VALUES (2, N'CP Food', N'Ch? Phuong', N'0912345678', N'sales@cpfood.vn', N'Ðồng Nai', N'VH-2026-002', N'/supplier-assets/941f3bff435a41d39352efa4307e8590.jpg', N'Active', 1, CAST(N'2026-04-08T04:43:18.727' AS DateTime))
INSERT [dbo].[Suppliers] ([SupplierID], [SupplierName], [ContactName], [Phone], [Email], [Address], [SupplierCode], [ImageUrl], [Status], [IsVerified], [CreatedAt]) VALUES (3, N'Hải Sản Nha Trang', N'Anh Hung', N'0987654321', N'hungseafood@gmail.com', N'Nha Trang, Khánh Hòa', N'VH-2026-003', N'/supplier-assets/5e65d14207284fff8b08b08429524b21.jpg', N'Active', 1, CAST(N'2026-04-08T04:43:18.727' AS DateTime))
INSERT [dbo].[Suppliers] ([SupplierID], [SupplierName], [ContactName], [Phone], [Email], [Address], [SupplierCode], [ImageUrl], [Status], [IsVerified], [CreatedAt]) VALUES (4, N'Ba Huân', N'Bà Huân', N'0922334455', N'hotro@bahuan.com.vn', N'Long An', N'VH-2026-004', N'/supplier-assets/f045f599696c40529c7d52b2abee2913.jpg', N'Active', 1, CAST(N'2026-04-08T04:43:18.727' AS DateTime))
INSERT [dbo].[Suppliers] ([SupplierID], [SupplierName], [ContactName], [Phone], [Email], [Address], [SupplierCode], [ImageUrl], [Status], [IsVerified], [CreatedAt]) VALUES (5, N'Gạo Sạch ST25', N'Ông Tuong', N'0933445566', N'gaost25@soctrang.vn', N'Sóc Trang', N'VH-2026-005', N'/supplier-assets/fc9de56fcab949cf860c155fee33ffb4.jpg', N'Active', 1, CAST(N'2026-04-08T04:43:18.727' AS DateTime))
SET IDENTITY_INSERT [dbo].[Suppliers] OFF
GO
SET IDENTITY_INSERT [dbo].[UserAddresses] ON 

INSERT [dbo].[UserAddresses] ([UserAddressID], [UserID], [Label], [RecipientName], [Phone], [AddressLine], [IsDefault], [CreatedAt]) VALUES (1, 1, N'Nhà', N'Admin FreshFood', N'0123456789', N'Hà Nội', 1, CAST(N'2026-04-13T02:07:08.2916132' AS DateTime2))
INSERT [dbo].[UserAddresses] ([UserAddressID], [UserID], [Label], [RecipientName], [Phone], [AddressLine], [IsDefault], [CreatedAt]) VALUES (2, 1, N'Cty', N'Admin FreshFood', N'0123456789', N'Hà Nội 2', 0, CAST(N'2026-04-13T02:07:27.7197648' AS DateTime2))
INSERT [dbo].[UserAddresses] ([UserAddressID], [UserID], [Label], [RecipientName], [Phone], [AddressLine], [IsDefault], [CreatedAt]) VALUES (3, 6, NULL, N'Đỗ Việt Hoàng', N'1234567890', N'Cầu Diễn, Hà Nội', 1, CAST(N'2026-04-15T09:34:59.9000743' AS DateTime2))
INSERT [dbo].[UserAddresses] ([UserAddressID], [UserID], [Label], [RecipientName], [Phone], [AddressLine], [IsDefault], [CreatedAt]) VALUES (4, 6, N'nhà', N'Đỗ Việt Hoàng', N'1234567890', N'Hà Nội', 0, CAST(N'2026-04-15T09:44:36.5568996' AS DateTime2))
INSERT [dbo].[UserAddresses] ([UserAddressID], [UserID], [Label], [RecipientName], [Phone], [AddressLine], [IsDefault], [CreatedAt]) VALUES (5, 8, N'hà nội', N'trần văn an', N'0987654321', N'hà nội', 1, CAST(N'2026-04-21T10:00:17.9488525' AS DateTime2))
INSERT [dbo].[UserAddresses] ([UserAddressID], [UserID], [Label], [RecipientName], [Phone], [AddressLine], [IsDefault], [CreatedAt]) VALUES (6, 8, N'nnn', N'trần văn an', N'0987654321', N'hà nội', 0, CAST(N'2026-04-21T10:00:59.1094992' AS DateTime2))
INSERT [dbo].[UserAddresses] ([UserAddressID], [UserID], [Label], [RecipientName], [Phone], [AddressLine], [IsDefault], [CreatedAt]) VALUES (7, 8, N'hà nam', N'trần văn an', N'0987654321', N'hà nam', 0, CAST(N'2026-04-21T10:07:16.6595734' AS DateTime2))
INSERT [dbo].[UserAddresses] ([UserAddressID], [UserID], [Label], [RecipientName], [Phone], [AddressLine], [IsDefault], [CreatedAt]) VALUES (8, 17, N'Cty', N'tiến', N'1234567890', N'hà nội', 1, CAST(N'2026-04-23T02:56:59.2905270' AS DateTime2))
SET IDENTITY_INSERT [dbo].[UserAddresses] OFF
GO
SET IDENTITY_INSERT [dbo].[Users] ON 

INSERT [dbo].[Users] ([UserID], [FullName], [Email], [PasswordHash], [Phone], [Address], [Role], [CreatedAt], [AvatarUrl], [IsLocked], [IsGuestAccount]) VALUES (1, N'Admin FreshFood', N'freshfood@gmail.com', N'pbkdf2$210000$1sB0f1YMB3JHUHMY64G2WA==$xrwTH4kIanvG8SzUtYQD/ck+rVV8Ezgw4OO0Yhjjixg=', N'0123456789', N'Hà Nội', N'Admin', CAST(N'2026-04-07T10:38:11.640' AS DateTime), N'https://saigonpavillon.com.vn/wp-content/uploads/2022/10/avatar-cute-nam-11.jpg', 0, 0)
INSERT [dbo].[Users] ([UserID], [FullName], [Email], [PasswordHash], [Phone], [Address], [Role], [CreatedAt], [AvatarUrl], [IsLocked], [IsGuestAccount]) VALUES (2, N'Nguyễn Văn A', N'customer1@gmail.com', N'c775e7b757ede630cd0aa1113bd102661ab38829ca52a6422ab782862f268646', N'0900000001', N'Qu?n 1, TP.HCM', N'Customer', CAST(N'2026-04-07T10:38:11.640' AS DateTime), N'https://saigonpavillon.com.vn/wp-content/uploads/2022/10/avatar-cute-nam-11.jpg', 0, 0)
INSERT [dbo].[Users] ([UserID], [FullName], [Email], [PasswordHash], [Phone], [Address], [Role], [CreatedAt], [AvatarUrl], [IsLocked], [IsGuestAccount]) VALUES (3, N'Trần Thị B', N'customer2@gmail.com', N'c775e7b757ede630cd0aa1113bd102661ab38829ca52a6422ab782862f268646', N'0900000002', N'Qu?n 7, TP.HCM', N'Customer', CAST(N'2026-04-07T10:38:11.640' AS DateTime), N'https://saigonpavillon.com.vn/wp-content/uploads/2022/10/avatar-cute-nam-11.jpg', 0, 0)
INSERT [dbo].[Users] ([UserID], [FullName], [Email], [PasswordHash], [Phone], [Address], [Role], [CreatedAt], [AvatarUrl], [IsLocked], [IsGuestAccount]) VALUES (4, N'Lê Văn C', N'customer3@gmail.com', N'c775e7b757ede630cd0aa1113bd102661ab38829ca52a6422ab782862f268646', N'0900000003', N'Th? Ð?c, TP.HCM', N'Customer', CAST(N'2026-04-07T10:38:11.640' AS DateTime), N'https://saigonpavillon.com.vn/wp-content/uploads/2022/10/avatar-cute-nam-11.jpg', 0, 0)
INSERT [dbo].[Users] ([UserID], [FullName], [Email], [PasswordHash], [Phone], [Address], [Role], [CreatedAt], [AvatarUrl], [IsLocked], [IsGuestAccount]) VALUES (5, N'Phạm Văn D', N'customer4@gmail.com', N'c775e7b757ede630cd0aa1113bd102661ab38829ca52a6422ab782862f268646', N'0900000004', N'Ð?k L?k', N'Customer', CAST(N'2026-04-07T10:38:11.640' AS DateTime), N'https://saigonpavillon.com.vn/wp-content/uploads/2022/10/avatar-cute-nam-11.jpg', 0, 0)
INSERT [dbo].[Users] ([UserID], [FullName], [Email], [PasswordHash], [Phone], [Address], [Role], [CreatedAt], [AvatarUrl], [IsLocked], [IsGuestAccount]) VALUES (6, N'Đỗ Việt Hoàng', N'hoang@gmail.com', N'pbkdf2$210000$/cIOuqov9LR6IldJtRUjww==$y6o61qgYrDQn0rTF4r7Bk3saEdIuQF3G5zOIjT0EJqQ=', N'1234567890', N'Cầu Diễn, Hà Nội', N'Customer', CAST(N'2026-04-07T15:19:56.440' AS DateTime), N'/avatars/6_20260415095358497.png', 0, 0)
INSERT [dbo].[Users] ([UserID], [FullName], [Email], [PasswordHash], [Phone], [Address], [Role], [CreatedAt], [AvatarUrl], [IsLocked], [IsGuestAccount]) VALUES (7, N'CUONG', N'cuong@gmail.com', N'c775e7b757ede630cd0aa1113bd102661ab38829ca52a6422ab782862f268646', N'9000000000', NULL, N'Customer', CAST(N'2026-04-10T13:20:59.980' AS DateTime), NULL, 0, 0)
INSERT [dbo].[Users] ([UserID], [FullName], [Email], [PasswordHash], [Phone], [Address], [Role], [CreatedAt], [AvatarUrl], [IsLocked], [IsGuestAccount]) VALUES (8, N'trần văn an', N'an@gmail.com', N'pbkdf2$210000$qnkwvQVX/0A7rCHacfqs5Q==$FCBo53tBs2FR/zY01TDSGgbtmS7XaQXootEOa5wKqvA=', N'0987654321', N'hà nội', N'Customer', CAST(N'2026-04-13T08:31:36.633' AS DateTime), N'/avatars/8_20260421100006685.jpg', 0, 0)
INSERT [dbo].[Users] ([UserID], [FullName], [Email], [PasswordHash], [Phone], [Address], [Role], [CreatedAt], [AvatarUrl], [IsLocked], [IsGuestAccount]) VALUES (9, N'hai', N'hai@gmail.com', N'c775e7b757ede630cd0aa1113bd102661ab38829ca52a6422ab782862f268646', N'1234567890', NULL, N'Customer', CAST(N'2026-04-13T08:45:49.337' AS DateTime), NULL, 0, 0)
INSERT [dbo].[Users] ([UserID], [FullName], [Email], [PasswordHash], [Phone], [Address], [Role], [CreatedAt], [AvatarUrl], [IsLocked], [IsGuestAccount]) VALUES (10, N'do', N'do7509243@gmail.com', N'c775e7b757ede630cd0aa1113bd102661ab38829ca52a6422ab782862f268646', N'1234567890', NULL, N'Customer', CAST(N'2026-04-15T10:45:39.807' AS DateTime), N'/avatars/10_20260415034608532.jpg', 0, 0)
INSERT [dbo].[Users] ([UserID], [FullName], [Email], [PasswordHash], [Phone], [Address], [Role], [CreatedAt], [AvatarUrl], [IsLocked], [IsGuestAccount]) VALUES (11, N'tuan', N'tuan@gmail.com', N'pbkdf2$210000$HuQbEDwQh3+r3zeOpcmvmQ==$++yHWQiXLl/YfEoOfLVdCx6cdrFBRoDeO4jIIVqkyc8=', N'1234567890', NULL, N'Customer', CAST(N'2026-04-22T17:11:13.867' AS DateTime), NULL, 0, 1)
INSERT [dbo].[Users] ([UserID], [FullName], [Email], [PasswordHash], [Phone], [Address], [Role], [CreatedAt], [AvatarUrl], [IsLocked], [IsGuestAccount]) VALUES (12, N'viet', N'viethoang7425@gmail.com', N'pbkdf2$210000$T8c9Fk7eOjxAwmOU+MPxmg==$/eZXJpXGyHYL6Szde7d86dm8VJx7COP8xkooDSzDsmQ=', N'1234567890', NULL, N'Customer', CAST(N'2026-04-22T17:13:37.593' AS DateTime), NULL, 0, 1)
INSERT [dbo].[Users] ([UserID], [FullName], [Email], [PasswordHash], [Phone], [Address], [Role], [CreatedAt], [AvatarUrl], [IsLocked], [IsGuestAccount]) VALUES (13, N'vy', N'vy@gmail.com', N'pbkdf2$210000$JP/ZWfHP0NeXEQan7z/GBA==$tH2BHGfzzNoK1Ml/3TU2MLZdUE4C0kb97cPwNzY9yDM=', N'1234567890', NULL, N'Customer', CAST(N'2026-04-22T17:24:56.363' AS DateTime), NULL, 0, 1)
INSERT [dbo].[Users] ([UserID], [FullName], [Email], [PasswordHash], [Phone], [Address], [Role], [CreatedAt], [AvatarUrl], [IsLocked], [IsGuestAccount]) VALUES (14, N'yến', N'yen@gmail.com', N'pbkdf2$210000$hOab0JyNzqoO+O9YizSJ2w==$qoh/CU7sIFf6k90nKqMure+VlyFKEo928bqDIPw00E4=', N'1234567890', NULL, N'Customer', CAST(N'2026-04-22T17:26:17.310' AS DateTime), NULL, 0, 1)
INSERT [dbo].[Users] ([UserID], [FullName], [Email], [PasswordHash], [Phone], [Address], [Role], [CreatedAt], [AvatarUrl], [IsLocked], [IsGuestAccount]) VALUES (15, N'tú', N'tu@gmail.com', N'pbkdf2$210000$Ga6nDl8wbL2tgzXDpuhVow==$i39YTLny4+Le/CZTCrhLbzX588yt9KTvk6k1HW5M3dg=', N'1234567890', NULL, N'Customer', CAST(N'2026-04-22T17:34:01.560' AS DateTime), NULL, 0, 1)
INSERT [dbo].[Users] ([UserID], [FullName], [Email], [PasswordHash], [Phone], [Address], [Role], [CreatedAt], [AvatarUrl], [IsLocked], [IsGuestAccount]) VALUES (16, N'phú', N'phu@gmail.com', N'pbkdf2$210000$4IleWw1BhZwK/URhBszjlQ==$OB9Ecjo2jgBHHT+vjzljzG+j3vuWdvBVE12Zlhd+OUc=', N'0987654321', NULL, N'Customer', CAST(N'2026-04-22T17:38:35.310' AS DateTime), NULL, 0, 1)
INSERT [dbo].[Users] ([UserID], [FullName], [Email], [PasswordHash], [Phone], [Address], [Role], [CreatedAt], [AvatarUrl], [IsLocked], [IsGuestAccount]) VALUES (17, N'tiến', N'tien@gmail.com', N'pbkdf2$210000$XyJoKbd2nR3rCgiUVHYMkg==$Rtat0BDhtvdyeLYNKRQMYnDJTBXN+DyhIDKzkQ2FSSc=', N'1234567890', N'hà nội', N'Customer', CAST(N'2026-04-23T09:35:41.317' AS DateTime), NULL, 0, 0)
INSERT [dbo].[Users] ([UserID], [FullName], [Email], [PasswordHash], [Phone], [Address], [Role], [CreatedAt], [AvatarUrl], [IsLocked], [IsGuestAccount]) VALUES (18, N'kiên', N'kien@gmail.com', N'pbkdf2$210000$D0HaS+CRrN44ZL1YAT0Gbw==$9xLErIIT3lAjxsFnlbrtXdApcrpD/dZDgGizQQ/w/Z8=', N'1234567890', NULL, N'Customer', CAST(N'2026-04-23T10:10:46.817' AS DateTime), NULL, 0, 1)
INSERT [dbo].[Users] ([UserID], [FullName], [Email], [PasswordHash], [Phone], [Address], [Role], [CreatedAt], [AvatarUrl], [IsLocked], [IsGuestAccount]) VALUES (19, N'phát', N'phat@gmail.com', N'pbkdf2$210000$ALEnaMwiI5VZ4aJDdRA5lg==$JjphLZifoB619/0eBsdyJPHlBDDsvLAR83u3Tab7rcU=', N'1234567890', NULL, N'Customer', CAST(N'2026-04-23T10:11:46.797' AS DateTime), NULL, 0, 1)
INSERT [dbo].[Users] ([UserID], [FullName], [Email], [PasswordHash], [Phone], [Address], [Role], [CreatedAt], [AvatarUrl], [IsLocked], [IsGuestAccount]) VALUES (20, N'thúy', N'thuy@gmail.com', N'pbkdf2$210000$iMtGpkzw6r3K1l7cOD5Nlw==$/v/fuz70LsmrdxASMgDPJ/wo8OMrCTzBkffAi8B1Glk=', N'1234567890', NULL, N'Customer', CAST(N'2026-04-23T17:51:28.407' AS DateTime), NULL, 0, 0)
INSERT [dbo].[Users] ([UserID], [FullName], [Email], [PasswordHash], [Phone], [Address], [Role], [CreatedAt], [AvatarUrl], [IsLocked], [IsGuestAccount]) VALUES (21, N'FRESHFOOD DEV', N'freshfooddev9999@gmail.com', N'pbkdf2$210000$m7Mdriu+kMc5Dd3BDTm/7w==$S9KpzY8Ecz1OfZzwxEB9PwGd+0JnD6SNGVHh6biXeuA=', N'0352335720', NULL, N'Customer', CAST(N'2026-04-24T09:12:20.963' AS DateTime), N'/avatars/21_20260424021310722.jpg', 0, 0)
SET IDENTITY_INSERT [dbo].[Users] OFF
GO
SET IDENTITY_INSERT [dbo].[Vouchers] ON 

INSERT [dbo].[Vouchers] ([VoucherID], [Code], [DiscountType], [DiscountValue], [MinOrderAmount], [ExpiryDate], [IsActive]) VALUES (1, N'HELLO_FRESH', N'Flat', CAST(30000.00 AS Decimal(18, 2)), CAST(200000.00 AS Decimal(18, 2)), CAST(N'2026-12-31T00:00:00.000' AS DateTime), 1)
INSERT [dbo].[Vouchers] ([VoucherID], [Code], [DiscountType], [DiscountValue], [MinOrderAmount], [ExpiryDate], [IsActive]) VALUES (2, N'FREESHIP_MAX', N'Flat', CAST(20000.00 AS Decimal(18, 2)), CAST(150000.00 AS Decimal(18, 2)), CAST(N'2026-12-31T00:00:00.000' AS DateTime), 1)
INSERT [dbo].[Vouchers] ([VoucherID], [Code], [DiscountType], [DiscountValue], [MinOrderAmount], [ExpiryDate], [IsActive]) VALUES (3, N'GIAM_10PHANTRAM', N'Percentage', CAST(10.00 AS Decimal(18, 2)), CAST(500000.00 AS Decimal(18, 2)), CAST(N'2026-06-30T00:00:00.000' AS DateTime), 1)
INSERT [dbo].[Vouchers] ([VoucherID], [Code], [DiscountType], [DiscountValue], [MinOrderAmount], [ExpiryDate], [IsActive]) VALUES (4, N'FRESH-FOOD30', N'Percentage', CAST(30.00 AS Decimal(18, 2)), CAST(500000.00 AS Decimal(18, 2)), CAST(N'2026-04-11T10:00:00.000' AS DateTime), 1)
INSERT [dbo].[Vouchers] ([VoucherID], [Code], [DiscountType], [DiscountValue], [MinOrderAmount], [ExpiryDate], [IsActive]) VALUES (5, N'ABC', N'Percentage', CAST(5.00 AS Decimal(18, 2)), CAST(50000.00 AS Decimal(18, 2)), CAST(N'2026-04-23T08:51:00.000' AS DateTime), 1)
INSERT [dbo].[Vouchers] ([VoucherID], [Code], [DiscountType], [DiscountValue], [MinOrderAmount], [ExpiryDate], [IsActive]) VALUES (6, N'CBA', N'Percentage', CAST(10.00 AS Decimal(18, 2)), CAST(200000.00 AS Decimal(18, 2)), CAST(N'2026-04-23T08:51:00.000' AS DateTime), 1)
SET IDENTITY_INSERT [dbo].[Vouchers] OFF
GO
SET IDENTITY_INSERT [dbo].[VoucherUsages] ON 

INSERT [dbo].[VoucherUsages] ([VoucherUsageID], [VoucherID], [UserID], [OrderID], [UsedAt]) VALUES (1, 1, 6, 13, CAST(N'2026-04-08T03:00:23.077' AS DateTime))
INSERT [dbo].[VoucherUsages] ([VoucherUsageID], [VoucherID], [UserID], [OrderID], [UsedAt]) VALUES (2, 1, 1, 18, CAST(N'2026-04-10T06:33:25.567' AS DateTime))
INSERT [dbo].[VoucherUsages] ([VoucherUsageID], [VoucherID], [UserID], [OrderID], [UsedAt]) VALUES (3, 3, 6, 40, CAST(N'2026-04-13T10:29:05.457' AS DateTime))
SET IDENTITY_INSERT [dbo].[VoucherUsages] OFF
GO
SET IDENTITY_INSERT [dbo].[Wishlists] ON 

INSERT [dbo].[Wishlists] ([WishlistID], [UserID], [ProductID], [AddedDate]) VALUES (1, 2, 9, CAST(N'2026-04-07T10:38:11.643' AS DateTime))
INSERT [dbo].[Wishlists] ([WishlistID], [UserID], [ProductID], [AddedDate]) VALUES (2, 2, 12, CAST(N'2026-04-07T10:38:11.643' AS DateTime))
INSERT [dbo].[Wishlists] ([WishlistID], [UserID], [ProductID], [AddedDate]) VALUES (3, 3, 1, CAST(N'2026-04-07T10:38:11.643' AS DateTime))
INSERT [dbo].[Wishlists] ([WishlistID], [UserID], [ProductID], [AddedDate]) VALUES (4, 5, 4, CAST(N'2026-04-07T10:38:11.643' AS DateTime))
INSERT [dbo].[Wishlists] ([WishlistID], [UserID], [ProductID], [AddedDate]) VALUES (9, 1, 43, CAST(N'2026-04-10T12:44:17.810' AS DateTime))
INSERT [dbo].[Wishlists] ([WishlistID], [UserID], [ProductID], [AddedDate]) VALUES (11, 1, 41, CAST(N'2026-04-10T12:45:31.633' AS DateTime))
INSERT [dbo].[Wishlists] ([WishlistID], [UserID], [ProductID], [AddedDate]) VALUES (13, 6, 44, CAST(N'2026-04-22T14:49:12.800' AS DateTime))
INSERT [dbo].[Wishlists] ([WishlistID], [UserID], [ProductID], [AddedDate]) VALUES (14, 6, 35, CAST(N'2026-04-22T14:52:59.790' AS DateTime))
INSERT [dbo].[Wishlists] ([WishlistID], [UserID], [ProductID], [AddedDate]) VALUES (15, 6, 41, CAST(N'2026-04-22T14:53:01.130' AS DateTime))
INSERT [dbo].[Wishlists] ([WishlistID], [UserID], [ProductID], [AddedDate]) VALUES (16, 6, 34, CAST(N'2026-04-22T14:53:01.420' AS DateTime))
INSERT [dbo].[Wishlists] ([WishlistID], [UserID], [ProductID], [AddedDate]) VALUES (17, 6, 43, CAST(N'2026-04-22T14:53:07.513' AS DateTime))
INSERT [dbo].[Wishlists] ([WishlistID], [UserID], [ProductID], [AddedDate]) VALUES (18, 17, 36, CAST(N'2026-04-23T09:56:04.510' AS DateTime))
SET IDENTITY_INSERT [dbo].[Wishlists] OFF
GO
/****** Object:  Index [UQ__Carts__1788CCAD77C7C55B]    Script Date: 4/25/2026 7:47:11 AM ******/
ALTER TABLE [dbo].[Carts] ADD UNIQUE NONCLUSTERED 
(
	[UserID] ASC
)WITH (PAD_INDEX = OFF, STATISTICS_NORECOMPUTE = OFF, SORT_IN_TEMPDB = OFF, IGNORE_DUP_KEY = OFF, ONLINE = OFF, ALLOW_ROW_LOCKS = ON, ALLOW_PAGE_LOCKS = ON, OPTIMIZE_FOR_SEQUENTIAL_KEY = OFF) ON [PRIMARY]
GO
SET ANSI_PADDING ON
GO
/****** Object:  Index [UQ__Users__A9D105340C67EE6F]    Script Date: 4/25/2026 7:47:11 AM ******/
ALTER TABLE [dbo].[Users] ADD UNIQUE NONCLUSTERED 
(
	[Email] ASC
)WITH (PAD_INDEX = OFF, STATISTICS_NORECOMPUTE = OFF, SORT_IN_TEMPDB = OFF, IGNORE_DUP_KEY = OFF, ONLINE = OFF, ALLOW_ROW_LOCKS = ON, ALLOW_PAGE_LOCKS = ON, OPTIMIZE_FOR_SEQUENTIAL_KEY = OFF) ON [PRIMARY]
GO
SET ANSI_PADDING ON
GO
/****** Object:  Index [UQ__Vouchers__A25C5AA7904A1B57]    Script Date: 4/25/2026 7:47:11 AM ******/
ALTER TABLE [dbo].[Vouchers] ADD UNIQUE NONCLUSTERED 
(
	[Code] ASC
)WITH (PAD_INDEX = OFF, STATISTICS_NORECOMPUTE = OFF, SORT_IN_TEMPDB = OFF, IGNORE_DUP_KEY = OFF, ONLINE = OFF, ALLOW_ROW_LOCKS = ON, ALLOW_PAGE_LOCKS = ON, OPTIMIZE_FOR_SEQUENTIAL_KEY = OFF) ON [PRIMARY]
GO
ALTER TABLE [dbo].[AdminAuditLogs] ADD  CONSTRAINT [DF_AdminAuditLogs_CreatedAt]  DEFAULT (sysutcdatetime()) FOR [CreatedAt]
GO
ALTER TABLE [dbo].[BlogComments] ADD  CONSTRAINT [DF_BlogComments_CreatedAt]  DEFAULT (sysutcdatetime()) FOR [CreatedAt]
GO
ALTER TABLE [dbo].[BlogPosts] ADD  CONSTRAINT [DF_BlogPosts_IsPublished]  DEFAULT ((1)) FOR [IsPublished]
GO
ALTER TABLE [dbo].[BlogPosts] ADD  CONSTRAINT [DF_BlogPosts_CreatedAt]  DEFAULT (sysutcdatetime()) FOR [CreatedAt]
GO
ALTER TABLE [dbo].[BlogPosts] ADD  CONSTRAINT [DF_BlogPosts_ViewCount]  DEFAULT ((0)) FOR [ViewCount]
GO
ALTER TABLE [dbo].[CartItems] ADD  DEFAULT ((1)) FOR [Quantity]
GO
ALTER TABLE [dbo].[Carts] ADD  DEFAULT (getdate()) FOR [CreatedAt]
GO
ALTER TABLE [dbo].[Carts] ADD  DEFAULT (getdate()) FOR [UpdatedAt]
GO
ALTER TABLE [dbo].[ContactMessages] ADD  CONSTRAINT [DF_ContactMessages_CreatedAt]  DEFAULT (sysutcdatetime()) FOR [CreatedAt]
GO
ALTER TABLE [dbo].[ContactMessages] ADD  CONSTRAINT [DF_ContactMessages_Status]  DEFAULT (N'New') FOR [Status]
GO
ALTER TABLE [dbo].[ContactMessages] ADD  CONSTRAINT [DF_ContactMessages_IsUrgent]  DEFAULT ((0)) FOR [IsUrgent]
GO
ALTER TABLE [dbo].[HomePageSettings] ADD  CONSTRAINT [DF_HomePageSettings_UpdatedAt]  DEFAULT (sysutcdatetime()) FOR [UpdatedAt]
GO
ALTER TABLE [dbo].[InventoryHistory] ADD  DEFAULT (getdate()) FOR [LogDate]
GO
ALTER TABLE [dbo].[Orders] ADD  DEFAULT (getdate()) FOR [OrderDate]
GO
ALTER TABLE [dbo].[Orders] ADD  DEFAULT ('Pending') FOR [Status]
GO
ALTER TABLE [dbo].[PasswordResetTokens] ADD  DEFAULT (getutcdate()) FOR [CreatedAt]
GO
ALTER TABLE [dbo].[Payments] ADD  DEFAULT (getdate()) FOR [PaymentDate]
GO
ALTER TABLE [dbo].[ProductImages] ADD  DEFAULT ((0)) FOR [IsMainImage]
GO
ALTER TABLE [dbo].[Products] ADD  DEFAULT ((0)) FOR [Price]
GO
ALTER TABLE [dbo].[Products] ADD  DEFAULT ((0)) FOR [StockQuantity]
GO
ALTER TABLE [dbo].[Products] ADD  DEFAULT (getdate()) FOR [CreatedAt]
GO
ALTER TABLE [dbo].[Products] ADD  CONSTRAINT [DF_Products_FF_Status]  DEFAULT ('Active') FOR [Status]
GO
ALTER TABLE [dbo].[ReturnRequests] ADD  CONSTRAINT [DF_ReturnRequests_Status]  DEFAULT ('Pending') FOR [Status]
GO
ALTER TABLE [dbo].[ReturnRequests] ADD  CONSTRAINT [DF_ReturnRequests_CreatedAt]  DEFAULT (sysutcdatetime()) FOR [CreatedAt]
GO
ALTER TABLE [dbo].[ReturnRequests] ADD  CONSTRAINT [DF_ReturnRequests_RequestType]  DEFAULT ('Return') FOR [RequestType]
GO
ALTER TABLE [dbo].[ReviewImages] ADD  DEFAULT ((0)) FOR [SortOrder]
GO
ALTER TABLE [dbo].[Reviews] ADD  DEFAULT (getdate()) FOR [ReviewDate]
GO
ALTER TABLE [dbo].[Reviews] ADD  CONSTRAINT [DF_Reviews_ModerationStatus]  DEFAULT ('Approved') FOR [ModerationStatus]
GO
ALTER TABLE [dbo].[Reviews] ADD  CONSTRAINT [DF_Reviews_IsDeleted]  DEFAULT ((0)) FOR [IsDeleted]
GO
ALTER TABLE [dbo].[ShippingMethods] ADD  DEFAULT ((0)) FOR [BaseCost]
GO
ALTER TABLE [dbo].[Suppliers] ADD  CONSTRAINT [DF_Suppliers_FF_Status]  DEFAULT ('Active') FOR [Status]
GO
ALTER TABLE [dbo].[Suppliers] ADD  CONSTRAINT [DF_Suppliers_FF_Verified]  DEFAULT ((0)) FOR [IsVerified]
GO
ALTER TABLE [dbo].[Suppliers] ADD  CONSTRAINT [DF_Suppliers_FF_Created]  DEFAULT (getutcdate()) FOR [CreatedAt]
GO
ALTER TABLE [dbo].[UserAddresses] ADD  CONSTRAINT [DF_UserAddresses_IsDefault]  DEFAULT ((0)) FOR [IsDefault]
GO
ALTER TABLE [dbo].[UserAddresses] ADD  CONSTRAINT [DF_UserAddresses_CreatedAt]  DEFAULT (sysutcdatetime()) FOR [CreatedAt]
GO
ALTER TABLE [dbo].[Users] ADD  DEFAULT ('Customer') FOR [Role]
GO
ALTER TABLE [dbo].[Users] ADD  DEFAULT (getdate()) FOR [CreatedAt]
GO
ALTER TABLE [dbo].[Users] ADD  CONSTRAINT [DF_Users_IsLocked]  DEFAULT ((0)) FOR [IsLocked]
GO
ALTER TABLE [dbo].[Users] ADD  CONSTRAINT [DF_Users_IsGuestAccount]  DEFAULT ((0)) FOR [IsGuestAccount]
GO
ALTER TABLE [dbo].[Vouchers] ADD  DEFAULT ((0)) FOR [MinOrderAmount]
GO
ALTER TABLE [dbo].[Vouchers] ADD  DEFAULT ((1)) FOR [IsActive]
GO
ALTER TABLE [dbo].[VoucherUsages] ADD  DEFAULT (getutcdate()) FOR [UsedAt]
GO
ALTER TABLE [dbo].[Wishlists] ADD  DEFAULT (getdate()) FOR [AddedDate]
GO
ALTER TABLE [dbo].[BlogComments]  WITH CHECK ADD  CONSTRAINT [FK_BlogComments_BlogPost] FOREIGN KEY([BlogPostID])
REFERENCES [dbo].[BlogPosts] ([BlogPostID])
ON DELETE CASCADE
GO
ALTER TABLE [dbo].[BlogComments] CHECK CONSTRAINT [FK_BlogComments_BlogPost]
GO
ALTER TABLE [dbo].[BlogComments]  WITH CHECK ADD  CONSTRAINT [FK_BlogComments_ParentComment] FOREIGN KEY([ParentCommentID])
REFERENCES [dbo].[BlogComments] ([BlogCommentID])
GO
ALTER TABLE [dbo].[BlogComments] CHECK CONSTRAINT [FK_BlogComments_ParentComment]
GO
ALTER TABLE [dbo].[CartItems]  WITH CHECK ADD  CONSTRAINT [FK_CartItem_Cart] FOREIGN KEY([CartID])
REFERENCES [dbo].[Carts] ([CartID])
ON DELETE CASCADE
GO
ALTER TABLE [dbo].[CartItems] CHECK CONSTRAINT [FK_CartItem_Cart]
GO
ALTER TABLE [dbo].[CartItems]  WITH CHECK ADD  CONSTRAINT [FK_CartItem_Product] FOREIGN KEY([ProductID])
REFERENCES [dbo].[Products] ([ProductID])
GO
ALTER TABLE [dbo].[CartItems] CHECK CONSTRAINT [FK_CartItem_Product]
GO
ALTER TABLE [dbo].[Carts]  WITH CHECK ADD  CONSTRAINT [FK_Cart_User] FOREIGN KEY([UserID])
REFERENCES [dbo].[Users] ([UserID])
GO
ALTER TABLE [dbo].[Carts] CHECK CONSTRAINT [FK_Cart_User]
GO
ALTER TABLE [dbo].[InventoryHistory]  WITH CHECK ADD  CONSTRAINT [FK_Inventory_Product] FOREIGN KEY([ProductID])
REFERENCES [dbo].[Products] ([ProductID])
GO
ALTER TABLE [dbo].[InventoryHistory] CHECK CONSTRAINT [FK_Inventory_Product]
GO
ALTER TABLE [dbo].[OrderDetails]  WITH CHECK ADD  CONSTRAINT [FK_Detail_Order] FOREIGN KEY([OrderID])
REFERENCES [dbo].[Orders] ([OrderID])
ON DELETE CASCADE
GO
ALTER TABLE [dbo].[OrderDetails] CHECK CONSTRAINT [FK_Detail_Order]
GO
ALTER TABLE [dbo].[OrderDetails]  WITH CHECK ADD  CONSTRAINT [FK_Detail_Product] FOREIGN KEY([ProductID])
REFERENCES [dbo].[Products] ([ProductID])
GO
ALTER TABLE [dbo].[OrderDetails] CHECK CONSTRAINT [FK_Detail_Product]
GO
ALTER TABLE [dbo].[Orders]  WITH CHECK ADD  CONSTRAINT [FK_Order_ShippingMethod] FOREIGN KEY([ShippingMethodID])
REFERENCES [dbo].[ShippingMethods] ([MethodID])
GO
ALTER TABLE [dbo].[Orders] CHECK CONSTRAINT [FK_Order_ShippingMethod]
GO
ALTER TABLE [dbo].[Orders]  WITH CHECK ADD  CONSTRAINT [FK_Order_User] FOREIGN KEY([UserID])
REFERENCES [dbo].[Users] ([UserID])
GO
ALTER TABLE [dbo].[Orders] CHECK CONSTRAINT [FK_Order_User]
GO
ALTER TABLE [dbo].[Orders]  WITH CHECK ADD  CONSTRAINT [FK_Order_Voucher] FOREIGN KEY([VoucherID])
REFERENCES [dbo].[Vouchers] ([VoucherID])
GO
ALTER TABLE [dbo].[Orders] CHECK CONSTRAINT [FK_Order_Voucher]
GO
ALTER TABLE [dbo].[PasswordResetTokens]  WITH CHECK ADD  CONSTRAINT [FK_PasswordResetTokens_User] FOREIGN KEY([UserID])
REFERENCES [dbo].[Users] ([UserID])
ON DELETE CASCADE
GO
ALTER TABLE [dbo].[PasswordResetTokens] CHECK CONSTRAINT [FK_PasswordResetTokens_User]
GO
ALTER TABLE [dbo].[Payments]  WITH CHECK ADD  CONSTRAINT [FK_Payment_Order] FOREIGN KEY([OrderID])
REFERENCES [dbo].[Orders] ([OrderID])
GO
ALTER TABLE [dbo].[Payments] CHECK CONSTRAINT [FK_Payment_Order]
GO
ALTER TABLE [dbo].[ProductImages]  WITH CHECK ADD  CONSTRAINT [FK_Image_Product] FOREIGN KEY([ProductID])
REFERENCES [dbo].[Products] ([ProductID])
ON DELETE CASCADE
GO
ALTER TABLE [dbo].[ProductImages] CHECK CONSTRAINT [FK_Image_Product]
GO
ALTER TABLE [dbo].[Products]  WITH CHECK ADD  CONSTRAINT [FK_Product_Category] FOREIGN KEY([CategoryID])
REFERENCES [dbo].[Categories] ([CategoryID])
GO
ALTER TABLE [dbo].[Products] CHECK CONSTRAINT [FK_Product_Category]
GO
ALTER TABLE [dbo].[Products]  WITH CHECK ADD  CONSTRAINT [FK_Product_Supplier] FOREIGN KEY([SupplierID])
REFERENCES [dbo].[Suppliers] ([SupplierID])
GO
ALTER TABLE [dbo].[Products] CHECK CONSTRAINT [FK_Product_Supplier]
GO
ALTER TABLE [dbo].[ReturnRequestImages]  WITH CHECK ADD  CONSTRAINT [FK_ReturnRequestImages_ReturnRequest] FOREIGN KEY([ReturnRequestID])
REFERENCES [dbo].[ReturnRequests] ([ReturnRequestID])
ON DELETE CASCADE
GO
ALTER TABLE [dbo].[ReturnRequestImages] CHECK CONSTRAINT [FK_ReturnRequestImages_ReturnRequest]
GO
ALTER TABLE [dbo].[ReturnRequests]  WITH CHECK ADD  CONSTRAINT [FK_ReturnRequests_Order] FOREIGN KEY([OrderID])
REFERENCES [dbo].[Orders] ([OrderID])
GO
ALTER TABLE [dbo].[ReturnRequests] CHECK CONSTRAINT [FK_ReturnRequests_Order]
GO
ALTER TABLE [dbo].[ReturnRequests]  WITH CHECK ADD  CONSTRAINT [FK_ReturnRequests_User] FOREIGN KEY([UserID])
REFERENCES [dbo].[Users] ([UserID])
GO
ALTER TABLE [dbo].[ReturnRequests] CHECK CONSTRAINT [FK_ReturnRequests_User]
GO
ALTER TABLE [dbo].[ReviewImages]  WITH CHECK ADD  CONSTRAINT [FK_ReviewImage_Review] FOREIGN KEY([ReviewID])
REFERENCES [dbo].[Reviews] ([ReviewID])
ON DELETE CASCADE
GO
ALTER TABLE [dbo].[ReviewImages] CHECK CONSTRAINT [FK_ReviewImage_Review]
GO
ALTER TABLE [dbo].[Reviews]  WITH CHECK ADD  CONSTRAINT [FK_Review_Product] FOREIGN KEY([ProductID])
REFERENCES [dbo].[Products] ([ProductID])
GO
ALTER TABLE [dbo].[Reviews] CHECK CONSTRAINT [FK_Review_Product]
GO
ALTER TABLE [dbo].[Reviews]  WITH CHECK ADD  CONSTRAINT [FK_Review_User] FOREIGN KEY([UserID])
REFERENCES [dbo].[Users] ([UserID])
GO
ALTER TABLE [dbo].[Reviews] CHECK CONSTRAINT [FK_Review_User]
GO
ALTER TABLE [dbo].[Shipments]  WITH CHECK ADD  CONSTRAINT [FK_Shipment_Order] FOREIGN KEY([OrderID])
REFERENCES [dbo].[Orders] ([OrderID])
GO
ALTER TABLE [dbo].[Shipments] CHECK CONSTRAINT [FK_Shipment_Order]
GO
ALTER TABLE [dbo].[UserAddresses]  WITH CHECK ADD  CONSTRAINT [FK_UserAddresses_User] FOREIGN KEY([UserID])
REFERENCES [dbo].[Users] ([UserID])
ON DELETE CASCADE
GO
ALTER TABLE [dbo].[UserAddresses] CHECK CONSTRAINT [FK_UserAddresses_User]
GO
ALTER TABLE [dbo].[VoucherUsages]  WITH CHECK ADD  CONSTRAINT [FK_VoucherUsage_Order] FOREIGN KEY([OrderID])
REFERENCES [dbo].[Orders] ([OrderID])
GO
ALTER TABLE [dbo].[VoucherUsages] CHECK CONSTRAINT [FK_VoucherUsage_Order]
GO
ALTER TABLE [dbo].[VoucherUsages]  WITH CHECK ADD  CONSTRAINT [FK_VoucherUsage_User] FOREIGN KEY([UserID])
REFERENCES [dbo].[Users] ([UserID])
GO
ALTER TABLE [dbo].[VoucherUsages] CHECK CONSTRAINT [FK_VoucherUsage_User]
GO
ALTER TABLE [dbo].[VoucherUsages]  WITH CHECK ADD  CONSTRAINT [FK_VoucherUsage_Voucher] FOREIGN KEY([VoucherID])
REFERENCES [dbo].[Vouchers] ([VoucherID])
GO
ALTER TABLE [dbo].[VoucherUsages] CHECK CONSTRAINT [FK_VoucherUsage_Voucher]
GO
ALTER TABLE [dbo].[Wishlists]  WITH CHECK ADD  CONSTRAINT [FK_Wishlist_Product] FOREIGN KEY([ProductID])
REFERENCES [dbo].[Products] ([ProductID])
GO
ALTER TABLE [dbo].[Wishlists] CHECK CONSTRAINT [FK_Wishlist_Product]
GO
ALTER TABLE [dbo].[Wishlists]  WITH CHECK ADD  CONSTRAINT [FK_Wishlist_User] FOREIGN KEY([UserID])
REFERENCES [dbo].[Users] ([UserID])
GO
ALTER TABLE [dbo].[Wishlists] CHECK CONSTRAINT [FK_Wishlist_User]
GO
ALTER TABLE [dbo].[Reviews]  WITH CHECK ADD CHECK  (([Rating]>=(1) AND [Rating]<=(5)))
GO
